cls,spec,fallback,n_empty,coh0,coh1,coh2,coh3,share0,share1,share2,share3
Unripe,9.795278675678323e-05,0,0,0.9192527869840313,0.9512034289482361,0.9582933844678811,0.9440677966101695,32.51371473354232,29.711990595611287,20.434952978056426,17.33934169278997
Unripe,0.0,0,0,0.9369944657300979,0.9480240549828178,0.9348986125933831,0.8263762855414398,28.63237445148708,28.37640175524135,22.842515845928816,20.148707947342757
Unripe,0.012473557516959662,0,0,0.9523271151309591,0.8975206611570248,0.9035498995311454,0.699009900990099,39.20076820800709,31.282316442605996,22.05643374205939,7.460481607327522
Unripe,0.023586266589728795,0,0,0.8958382318363508,0.923266648396821,0.8480439702554154,0.8013375295043274,31.417596217773507,26.955750904927235,22.84848932555219,18.778163551747063
Unripe,0.023390124169794975,0,0,0.9363444886496607,0.9216113228089275,0.837653920933247,0.8012024048096192,31.586339444115907,27.158486102897694,22.811945594322886,18.443228858663513
Unripe,0.01517405534067242,0,0,0.8684347373894956,0.900523560209424,0.8720999405116002,0.8481110254433307,29.048338368580062,25.966767371601208,25.39274924471299,19.592145015105743
Unripe,0.01646223369916075,0,0,0.8927259368111683,0.8535478547854786,0.8054818744473917,0.7201384881708021,29.777923640739523,26.51788644568428,24.745651460452905,18.958538453123293
Unripe,0.003829873009473896,0,0,0.951189749847468,0.8041958041958042,0.8996282527881041,0.8787234042553191,33.16471064346418,26.042088223391342,21.772561715904494,19.020639417239984
Unripe,0.004217714400482024,0,0,0.9480286738351255,0.8152914458743377,0.8976525821596244,0.8340757238307349,33.76361436062928,26.643807987091567,21.480435659540138,18.11214199273901
Unripe,0.0013604413876502153,0,0,0.942548921224285,0.9539508110936682,0.8193094200469326,0.9132947976878613,30.16725951714221,28.926057670476048,22.576250662226595,18.33043215015515
Unripe,0.0016637616859451752,0,0,0.9392089195646403,0.9297045951859956,0.7964666912035333,0.9065420560747663,29.894452821204666,29.013570351559398,21.561780811046745,19.53019601618919
Unripe,0.0,0,0,0.9500918554807104,0.9693406131877362,0.9432692307692307,0.9911373707533235,33.469973355195734,24.400491904078706,21.315843410534946,20.81369133019061
Unripe,0.020306589687437787,0,0,0.8624849215922799,0.8200161420500404,0.8429853181076672,0.7624742268041237,25.269254216622638,25.177809388335703,24.91363543995123,24.63930095509043
Unripe,0.0,0,0,0.9582811848143513,0.9526662672258838,0.9629080118694362,0.8184747583243824,37.77777777777778,26.304176516942473,21.24507486209614,14.672970843183608
Unripe,0.0,0,0,0.9371671991480298,0.949013949013949,0.9618430525557955,0.7547357926221336,38.652579582875966,28.52634467618002,19.058726673984633,13.762349066959384
Unripe,0.0036638424547744447,0,0,0.9543859649122807,0.8891843971631206,0.9114460668864814,0.8751835535976505,26.200873362445414,25.925074695472304,24.39669041599632,23.477361526085957
Unripe,0.004094732182381585,0,0,0.959049959049959,0.8824786324786325,0.9300699300699301,0.8532818532818532,27.136348483164795,26.00288920991221,23.835981775752863,23.02478053117013
Unripe,0.0,0,0,0.8925619834710744,0.8660213958227203,0.7598587404355504,0.8698495748855462,28.380242825607066,27.083333333333332,23.440949227373068,21.095474613686534
Unripe,0.0,0,0,0.8847474252084355,0.8713692946058091,0.8124645892351274,0.8680104031209362,28.046767537826682,26.51994497936726,24.277854195323243,21.155433287482804
Unripe,0.0,0,0,0.7944189332391381,0.8477366255144033,0.8713264495631453,0.8853375948861366,26.897862232779097,25.396674584323044,23.92399049881235,23.78147268408551
Unripe,0.0,0,0,0.9280430396772025,0.8311827956989247,0.8685464654487689,0.8076588337684943,28.109640831758032,26.370510396975426,23.79962192816635,21.72022684310019
Unripe,0.017467734757454383,0,0,0.9479748603351955,0.9133138258961229,0.8457175269427113,0.8768707482993198,32.43120824368701,30.959121277318534,19.963764013135545,16.645906465858907
Unripe,0.0,0,0,0.9448155678187627,0.9582037996545768,0.9374313940724479,0.9448051948051948,29.848287819679236,25.097529258777634,23.693107932379714,21.361074989163413
Unripe,0.017027863777089782,0,0,0.9551760939167556,0.9146520146520146,0.8288973384030418,0.9137931034482759,31.619797525309334,30.708661417322837,20.708661417322833,16.962879640044996
Unripe,0.07529472506668962,0,0,0.9831955922865013,0.909572706194104,0.9611248966087675,0.8755211435378202,33.78001116694584,28.09417457658664,22.50139586823004,15.624418388237485
Unripe,0.07315395856614802,0,0,0.9783633841886269,0.9093315684976837,0.9580618892508144,0.872277810476751,33.435355221665745,28.02819514004823,22.778705249489892,15.75774438879614
Unripe,0.016122637769261264,0,0,0.9722567287784679,0.9241573033707865,0.9815256257449344,0.9631043256997456,32.43787777031565,23.9086635325722,22.538616521155138,21.11484217595702
Unripe,0.011897263629365246,0,0,0.9395939086294416,0.9452544704264099,0.8368814729574223,0.8393089960886571,27.90565904100857,25.745449394433034,24.61930731638218,21.729584248176216
Unripe,0.006214227309893704,0,0,0.9543049543049543,0.9567430025445293,0.8655737704918033,0.9200492004920049,34.210959354944876,32.33503373375021,20.075695244363995,13.378311666940926
Unripe,0.005271188791788043,0,0,0.9449116904962153,0.9257469244288224,0.8353413654618473,0.8895405669599218,33.16134430344443,31.738948542741596,20.833914377353228,14.265792776460746
Unripe,0.0004923682914820286,0,0,0.9860957845950121,0.9214285714285714,0.9602459016393443,0.8484493856056173,37.20032840722496,28.735632183908045,20.032840722495894,14.031198686371098
Unripe,0.0006561141638645124,0,0,0.9801455989410987,0.9192064404830362,0.9579591836734694,0.8538283062645011,37.201477226097666,28.543290931473127,20.106688551497744,14.148543290931473
Unripe,0.020172103261957175,0,0,0.9353598881900769,0.9459568733153639,0.9982010793523886,0.9737903225806451,35.07209672807483,30.309219394632574,20.436256688860748,14.182427188431845
Unripe,0.000997804829375374,0,0,0.9501980758347481,0.9163987138263665,0.8803921568627451,0.9046153846153846,35.297642828605674,24.850179784258888,20.375549340791054,19.476628046344388
Unripe,0.03364844318106697,0,0,0.9965309898242368,0.9890083048363458,0.9915138242540378,0.950530035335689,29.57996990012314,28.00656724586127,24.98973867834177,17.423724175673826
Unripe,0.008119557542951282,0,0,0.9513339196716506,0.9633644049425536,1.0,0.9502467105263158,40.46743385929529,27.363862854431133,17.74231818721082,14.426385099062761
Unripe,0.008557309871037724,0,0,0.9735843327766813,0.9546070460704607,1.0,0.9268495428096426,40.037685387794795,26.914660831509845,18.423292000972527,14.62436177972283
Unripe,0.0017526640493550196,0,0,0.9486144740382029,0.9613617941097001,0.9002915451895044,0.932173400176939,26.10436126132453,25.991993819790714,24.088770278811715,23.81487464007304
Unripe,0.0019449647024924362,0,0,0.961917808219178,0.936646323743098,0.9244016345592527,0.9011384062312762,26.344280043305666,24.835799350415012,24.727535185853483,24.09238542042584
Unripe,0.012979839823253245,0,0,0.9535775127768313,0.9310171198388721,0.952191235059761,0.8845565749235474,32.84834918858422,27.783995523223282,21.0688304420817,18.2988248461108
Unripe,0.012674094707520891,0,0,0.9238578680203046,0.9130895601483837,0.9452968645763843,0.8797610156833457,33.34743969530258,26.618705035971225,21.145436591902946,18.888418676823246
Unripe,0.0,0,0,0.9610685998120553,0.9333984375,0.9487599918015986,0.887595874107379,35.08879363135334,24.117951858307034,22.982712327476566,17.810542182863067
Unripe,0.0,0,0,0.9641434262948207,0.923331130204891,0.9240305149396059,0.9134662129314536,42.76481992832383,26.66705833969802,18.48305034956818,12.085071382409964
Unripe,0.000159303313508921,0,0,0.9875618733341794,0.9642053973013494,0.8554311018494399,0.9436619718309859,41.845026289234696,28.339263901428644,20.388762016039088,9.426947793297574
Unripe,0.0009922603691208574,0,0,0.9504893494530801,0.8992974238875878,0.8861867704280155,0.8532388663967612,34.50536352800954,25.446960667461266,20.42113627334128,19.626539531187923
Unripe,0.00021234803843499497,0,0,0.9880483153210426,0.9696341003394945,0.8524800822410691,0.9430985915492958,41.761801093824666,28.15271066744544,20.660542664471937,9.424945574257952
Unripe,0.008138119866139337,0,0,0.9619102861562259,0.8767420253948591,0.7950310559006211,0.882816605359958,39.65953531170923,24.760371137182734,20.98765432098765,14.592439230120391
Unripe,0.008298439284354777,0,0,0.9622132253711201,0.8759642085775995,0.7873730043541364,0.8789359391965255,39.82035928143712,24.881007216336556,21.157684630738522,14.140948871487794
Unripe,0.00584619093539055,0,0,0.9572993516655488,0.7875055978504254,0.7967900595392182,0.8529650690495532,27.11730827523492,27.074871173082755,23.419217944831765,22.38860260685056
Unripe,0.006052169702838468,0,0,0.8082589285714286,0.9468926553672317,0.8015267175572519,0.8499596665770368,27.27881629422152,26.943920112037993,23.132192656640076,22.64507093710041
Unripe,0.006372631225893007,0,0,0.9558093346573983,0.9427312775330396,0.8640167364016736,0.7882882882882883,33.9915611814346,26.81856540084388,24.202531645569618,14.987341772151899
Unripe,0.005812022583859183,0,0,0.962172647914646,0.9387630128597673,0.8631875881523272,0.7848970251716247,34.44128946049774,27.27576415567062,23.684650075162853,14.598296308668782
Unripe,0.012835472578763127,0,0,0.914054054054054,0.9042821158690176,0.939487975174554,0.907112970711297,31.239446133063154,26.815265113137453,21.76629517055049,20.178993583248904
Unripe,0.012639281556627307,0,0,0.9135477069056405,0.9036065573770492,0.9373549883990719,0.8911620294599017,31.952164392790973,25.686373589354893,21.77867609903992,20.582785918814217
Unripe,0.0,0,0,0.9615384615384616,0.8426395939086294,0.9001322751322751,0.8152727272727273,30.245583800086166,28.292402699985637,21.714778112882378,19.747235387045812
Unripe,0.0,0,0,0.9914163090128756,0.9865067466266867,0.8393822393822394,0.9266932270916335,26.46724725482772,25.255585005679666,24.51722832260507,23.759939416887544
Unripe,0.0,0,0,0.9624167459562322,0.7996902426432628,0.8954248366013072,0.7983014861995754,30.105986823259812,27.742767115439705,21.9134918361501,20.237754225150386
Unripe,0.0,0,0,0.9899764150943396,0.8970476911430735,0.9374768775434702,0.6006984866123399,40.339332434789505,31.419963529691586,21.43027035598192,6.8104336795369855
Unripe,0.0,0,0,0.9920810313075507,0.916030534351145,0.8412832418742086,0.553742802303263,42.08649821733065,31.475740195318558,18.361494341962487,8.076267245388312
Unripe,0.0,0,0,0.9471993575587232,0.8818031885651457,0.7906846240179574,0.842152466367713,34.55907860958857,25.24110178311247,24.727676403247067,15.472143204051896
Unripe,0.0,0,0,0.9310511089681774,0.8980597474591931,0.8280657395701644,0.8433408577878104,32.47220917488649,25.418819477062783,24.769062157507438,17.33990919054329
Unripe,0.0014027560029705422,0,0,0.9836106908724155,0.8666026871401151,0.7904022582921666,0.9181985294117647,32.771442736737725,25.83044124938027,23.417616922822674,17.98049909105933
Unripe,0.0013969923576300435,0,0,0.9796021153361874,0.85965483555845,0.8920249425664588,0.9243819680077557,32.67774851876234,25.271560236998024,25.074061882817645,16.97662936142199
Unripe,0.07412953949831524,0,0,0.9174603174603174,0.9164733178654292,0.9278969957081545,0.9594742606790799,31.84391427416094,26.14233724221593,23.55438738374444,18.45936109987869
Unripe,0.10801899235030335,0,0,0.8849246231155778,0.9260658391797085,0.9104761904761904,0.8468401486988848,29.424811474197842,27.399083247079698,23.288481443146534,19.887623835575926
Unripe,0.13513089825991534,0,0,0.996386164171399,0.983860955927995,0.9644097222222222,0.9534883720930233,35.10966104767084,29.200652528548126,20.880913539967374,14.808772883813667
Unripe,0.0,0,0,0.9831378299120235,0.9858841010401189,0.9310344827586207,0.8536392405063291,25.98095238095238,25.63809523809524,24.304761904761904,24.076190476190476
Unripe,0.1352156862745098,0,0,0.9922799794132784,0.9849812265331664,0.9630606860158312,0.9497005988023952,35.24396880101578,28.986033012878647,20.62397968438237,15.1460185017232
Unripe,0.00200213561131874,0,0,0.9041227229146692,0.9066205533596838,0.8998435054773083,0.9441379310344827,27.898889929115956,27.069680353082788,25.638625117025544,19.39280460077571
Unripe,0.0025401069518716578,0,0,0.9039280643634643,0.9197622585438335,0.8625393494228751,0.938158819395643,28.320600455702987,27.060715721753116,25.546173435196355,19.072510387347542
Unripe,0.0007817735090462363,0,0,0.9659410112359551,0.9542961608775137,0.8976057055527255,0.8382956878850103,31.831898960545434,24.455124622778584,21.940315189448977,21.772661227227
Unripe,0.0007801181321743007,0,0,0.9370729953254225,0.9579755987347492,0.8362631843294827,0.8990408884401817,31.017175998215478,24.682132500557664,22.206111978585767,22.09457952264109
Unripe,0.01900278940027894,0,0,0.8407185628742515,0.9429160935350757,0.9442090395480226,0.8932842686292548,29.678336591434157,25.839701439488184,25.164385996090278,19.317575972987385
Unripe,0.01993704092339979,0,0,0.8435619735258725,0.941958041958042,0.942225392296719,0.8846846846846846,29.657387580299787,25.517487508922198,25.017844396859385,19.80728051391863
Unripe,0.08269166387679946,0,0,0.8940783986655546,0.9538119087367836,0.6607375271149675,0.5191256830601093,32.81934306569343,32.79197080291971,21.03102189781022,13.35766423357664
Unripe,0.08693138010794141,0,0,0.9232491205628398,0.9479166666666666,0.7370820668693009,0.6921975662133143,33.00612201815495,31.412286257124762,20.83597213426219,14.745619590458094
Unripe,0.14878241932290637,0,0,0.9816118935837246,0.9794069192751236,0.9950666008880118,0.9099496221662469,29.72438655657635,28.23584137690429,23.57250843121293,18.46726363530643
Unripe,0.0002102312543798178,0,0,0.9377959535083943,0.8922577152138603,0.9464012251148545,0.8009015777610818,32.56465970421252,25.89191841312119,22.884979322913015,18.658442559753276
Unripe,0.15826961349114904,0,0,0.9810765349032801,0.9755740107474352,0.9950956351152526,0.9770992366412213,29.591836734693878,25.47287207565953,25.373320059731206,19.56197112991538
Unripe,0.0,0,0,0.9303423848878394,0.9183996383363472,0.9222492190211732,0.9072727272727272,36.20431716178671,31.516705848828096,20.524328560233666,11.754648429151528
Unripe,0.0,0,0,0.9302141157811261,0.9164926931106472,0.9224918507787033,0.9188712522045855,36.505753781573425,31.20069479626547,19.982630093363248,12.310921328797859
Unripe,0.0039670878636497205,0,0,0.9665218964893232,0.9105727869594747,0.8631897203325775,0.9442724458204335,40.75822392683286,32.57855140876235,19.51615282490043,7.147071839504352
Unripe,0.006016140865737344,0,0,0.9728899331285017,0.9014364640883978,0.8754925137903862,0.9464285714285714,40.839976380277534,33.39976380277532,18.733392382639504,7.026867434307647
Unripe,0.0012185215272136475,0,0,0.9510985116938342,0.9416,0.9894086496028244,0.8238434163701067,28.69052460349736,25.41683611224075,23.037820252135013,22.85481903212688
Unripe,0.0012445550715619166,0,0,0.9454131918119788,0.9241435562805873,0.99137187230371,0.8523852385238524,27.39356178608515,25.462097611630323,24.07061266874351,23.07372793354102
Unripe,0.016850777008050925,0,0,0.999438202247191,0.9597529388324367,0.8584392014519057,0.984463812050019,33.89830508474576,31.860597981336884,17.488732304957786,16.752364628959562
Unripe,0.018857901726427623,0,0,0.9987939698492462,0.972949578013417,0.9834424335772045,0.8315911730545877,33.66946399566865,31.273687060097455,17.575798592311855,17.481050351922036
Unripe,0.03808033385498174,0,0,0.9123612705702258,0.8760016870518769,0.9286367795059469,0.9209756097560976,28.340563991323208,25.71583514099783,23.70932754880694,22.234273318872017
Unripe,0.00021126760563380283,0,0,0.8956087299500395,0.8927062799211489,0.925331079177233,0.8861566484517304,26.78734944002254,25.012326547862223,24.99823906459111,23.202084947524124
Unripe,0.0378929835519467,0,0,0.9106252397391638,0.8871303623490212,0.9361213235294118,0.9329446064139941,28.208180047608742,25.979225275914303,23.544687297121836,22.26790737935512
Unripe,0.0003674106732800588,0,0,0.908223407241089,0.9903094717099094,0.8857142857142857,0.7813362782992822,32.73913442984471,29.394468437011856,21.22576495451622,16.640632178627214
Unripe,0.0,0,0,0.9471491799010674,0.9655172413793104,0.89625,0.7872340425531915,34.53205070574485,28.679313134945613,21.576912703407356,15.211723455902185
Unripe,0.0017811201266574313,0,0,0.8852339181286549,0.8263834251245739,0.9546916890080429,0.8984218077474893,27.12133227597145,25.198255352894527,24.649748876553,23.03066349458102
Unripe,0.005324146570623238,0,0,0.914395134039198,0.8007162957278077,0.9051589369463262,0.958040064970222,27.953400503778337,24.615869017632242,24.16876574307305,23.261964735516372
Unripe,0.05028348359512966,0,0,0.9137020077492075,0.948321388155413,0.8760717069368668,0.9842738205365402,27.784302211783128,25.944411822274414,25.112546486592286,21.158739479350167
Unripe,0.04953617810760668,0,0,0.907789032483409,0.9428135722455204,0.8679984332158245,0.9759855006796556,27.942611750927192,25.60023423775132,24.917040796408354,21.540113214913138
Unripe,0.0016981320547397863,0,0,0.9642224583776124,0.9437262357414449,0.929776382895253,0.8032128514056225,28.24694816890134,26.31578947368421,25.505303181909145,19.931959175505305
Unripe,0.002394492666866208,0,0,0.9651285663966185,0.9403441682600382,0.9371141975308642,0.8054275473630312,28.392839283928396,26.15261526152615,25.922592259225922,19.53195319531953
Unripe,0.005839984426708195,0,0,0.9506680369989723,0.8735758912164645,0.8281499202551834,0.9143272023233301,28.57842177403564,26.639906011356963,24.5545329939299,20.2271392206775
Unripe,0.0,0,0,0.948051948051948,0.9536802030456852,0.8523054755043228,0.8625482625482626,29.3698175787728,26.13598673300166,23.018242122719734,21.475953565505804
Unripe,0.007094039276754044,0,0,0.931316950220542,0.824607329842932,0.8661045531197302,0.864592462751972,27.655310621242485,26.627167378234727,25.834277250152475,19.883244750370306
Unripe,0.0,0,0,0.8911514253980007,0.9416699960047943,0.9364696421391234,0.9409332545776727,28.78303495311168,26.67306052855925,26.502557544757032,18.041346973572036
Unripe,0.0,0,0,0.8762467676394533,0.9546599496221663,0.9460370994940978,0.9803695150115473,29.44631785053845,25.911019253780047,25.802240835418257,18.840422060263244
Unripe,0.0,0,0,0.9501454092230993,0.8845733041575492,0.9552529182879378,0.7352657004830918,35.33470346447446,26.834997064004696,22.636523781561948,15.193775689958896
Unripe,0.0,0,0,0.9498327759197325,0.8889490790899242,0.9593709043250328,0.7276264591439688,35.217903415783276,27.179034157832742,22.46760895170789,15.135453474676089
Unripe,0.008720271800679502,0,0,0.9047427652733119,0.9084761045987376,0.8555555555555555,0.8897721250662427,28.424540157660232,25.339883468525077,24.67725351308123,21.558322860733462
Unripe,0.014344951249579737,0,0,0.9101437699680511,0.8309492847854356,0.9439210408254822,0.8991452991452992,28.470722001137013,26.23081296191018,25.343945423536102,19.954519613416714
Unripe,0.0,0,0,0.9242386106216964,0.889697322467986,0.9603658536585366,0.8672826543469131,30.39785768936496,26.289211935730684,25.095638867635806,18.217291507268556
Unripe,0.0,0,0,0.9241741741741741,0.8862629246676514,0.9681586061880445,0.8683870967741936,30.65592635212888,25.96854622171078,25.538933640199463,17.836593785960876
Unripe,0.00037460198539052256,0,0,0.94316052467208,0.9793530626290433,0.9145077720207254,0.9075555555555556,29.99812628817688,27.225032789956906,21.697582911748174,21.079258010118043
Unripe,0.0004712091226086137,0,0,0.9304655274012964,0.9295554164057608,0.9628302731751007,0.95406162464986,32.00075429002452,30.11502922873845,21.054120309258913,16.830096171978127
Unripe,0.0,0,0,0.954653937947494,0.9494310998735778,0.8525411596277738,0.8860377358490567,28.02675585284281,26.45484949832776,23.361204013377925,22.157190635451503
Unripe,0.00018698578908002991,0,0,0.9071702944942381,0.9791376912378303,0.9522240527182867,0.8826125330979699,29.21264260332897,26.893585187955864,22.70432017953993,21.189452029175236
Unripe,0.011592102879913059,0,0,0.9138263665594856,0.9495016611295681,0.9102564102564102,0.8272642390289449,28.49551035367418,27.579256001466007,24.299065420560748,19.626168224299064
Unripe,0.0036120165624174082,0,0,0.8972868217054264,0.8727116704805492,0.6301691729323309,0.5675024108003858,31.93633952254642,30.910698496905393,18.81520778072502,18.337754199823163
Unripe,0.003808342927995749,0,0,0.923692636072572,0.8565844858689116,0.6808109382366808,0.6546517291768145,33.32147937411095,29.569701280227594,18.856685633001423,18.25213371266003
Unripe,0.0008174943797261394,0,0,0.9712389380530974,0.6904441453566622,0.9018612521150592,0.6649616368286445,64.71671098384128,15.197381877684599,12.088361628144815,7.997545510329311
Unripe,0.002167712492869367,0,0,0.9760900140646976,0.948424953675108,0.8327433628318585,0.8906439854191981,40.64715298422136,37.02263892064944,12.920192087811571,9.410016007317632
Unripe,0.0006169031462060457,0,0,0.9769497947584465,0.6913407821229051,0.9010238907849829,0.6649616368286445,65.16460905349794,14.732510288065845,12.057613168724279,8.045267489711934
Unripe,0.0018431292238378046,0,0,0.8122001370801919,0.9766917293233083,0.900804289544236,0.8788819875776398,29.934345506770622,27.287648748461223,22.95855560114895,19.819450143619203
Unripe,0.0017519953280124587,0,0,0.8005215123859192,0.9800590841949779,0.8586515028432169,0.8572844400396432,29.914196567862717,26.40405616224649,24.005460218408736,19.67628705148206
Unripe,0.004095085896923692,0,0,0.9295257181028724,0.9053688682889146,0.9282903366856143,0.814850071394574,30.027078527730417,25.96529936816769,22.936515896098687,21.071106208003208
Unripe,0.0047169811320754715,0,0,0.9371447676362421,0.8646917534027222,0.9378283712784589,0.8227611940298507,30.16033074518504,25.18906927498235,23.031158616517093,21.61944136331552
Unripe,0.02067781427291729,0,0,0.9895833333333334,0.823785803237858,0.7908684546615581,0.8995842660697154,27.806997484564373,24.483573443097796,23.873770866681912,23.835658205655918
Unripe,0.018284011647592604,0,0,0.9712023038156947,0.8194714881780251,0.7523351259552788,0.8806995627732667,28.743878043733183,24.7982341174036,24.370559426088157,22.087328412775058
Unripe,0.006804801590335653,0,0,0.9297167290219134,0.9721570926143025,0.9388185654008439,0.8447180301826847,28.806774441878368,26.266358737490375,25.54272517321016,19.384141647421092
Unripe,0.00697638761116222,0,0,0.9283614006950013,0.986521365070261,0.9385612843470207,0.8471440064360418,28.881340230062534,26.920404539488924,25.005790164440672,19.192465066007873
Unripe,0.0,0,0,0.9789126016260162,0.8658342189160467,0.97395989224783,0.8186195826645265,30.487993803253293,29.155693261037957,25.879163439194425,14.477149496514329
Unripe,0.0028509522180408258,0,0,0.9498498498498499,0.9602360981671326,0.8026113671274961,0.8521836506159015,38.083257090576396,36.81381518755718,14.890210430009148,10.212717291857274
Unripe,0.00039323633503735744,0,0,0.9827840629611412,0.940677966101695,0.9121202221496243,0.8395926161680458,31.99055861526357,31.565696302124312,24.083398898505116,12.360346184107001
Unripe,0.08876966223631265,0,0,0.9120754716981132,0.8676789587852495,0.8752771618625277,0.9787234042553191,35.46099290780142,24.675498461126725,24.140238190820288,15.723270440251572
Unripe,0.08831042452256417,0,0,0.8755673222390318,0.8619201725997843,0.8534577387486278,0.977872340425532,35.276851234156105,24.736490993995996,24.309539693128755,15.677118078719147
Unripe,0.013964472738474176,0,0,0.9179437017715466,0.7561841938348345,0.42106067553110194,0.3087610961018912,31.937936061647402,27.362976847512932,22.711652608559827,17.987434482279845
Unripe,0.013790545552633354,0,0,0.9049650043744532,0.7507057812691789,0.4185906141542176,0.29919339711123616,31.26260726862457,27.853943724571778,22.65718486102089,18.22626414578276
Unripe,0.0,0,0,0.8628583654257596,0.8239036582594865,0.8040050062578222,0.910157291388963,27.786695202425538,26.163723916532906,23.750074311872066,22.29950656916949
Unripe,0.00013540961408259986,0,0,0.9126163391933816,0.9097374179431073,0.9317931793179318,0.9545454545454546,26.191765980498378,24.756229685807153,24.62080173347779,24.431202600216682
Unripe,0.0,0,0,0.9637234770704997,0.9644351464435147,0.9876811594202899,0.9100084104289319,26.73865300146413,26.244509516837482,25.25622254758419,21.7606149341142
Unripe,0.0035811072396438252,0,0,0.9911504424778761,0.8774345198119543,0.8852173913043478,0.8646808510638297,37.31908693540554,28.926663428848954,22.340942204953862,11.413307430791647
Unripe,0.0,0,0,0.9583333333333334,0.9669943820224719,0.9898477157360406,0.9097872340425532,26.9018743109151,26.16685042263874,25.339948548327822,21.59132671811834
Unripe,0.00014330753797649757,0,0,0.8216280451574569,0.6953633585757938,0.5652173913043478,0.24135280553420446,30.152644403038554,26.970761072094025,24.2296115809087,18.64698294395872
Unripe,7.156915369475756e-05,0,0,0.8418019289578923,0.697065820777161,0.5134728285413217,0.22018348623853212,30.42622481480156,27.076548688401385,23.773395841534555,18.7238306552625
Unripe,0.0,0,0,0.9377076411960132,0.9628975265017667,0.9085783326621023,0.8772378516624041,34.436075889026604,26.980646391457718,23.67241872437792,14.910858995137763
Unripe,0.0,0,0,0.8953488372093024,0.9210290158540233,0.86784,0.8582629674306393,33.68695936020891,27.280887873347474,25.501876938142647,13.530275828300963
Unripe,0.030873920987965472,0,0,0.9815594307476448,0.9230769230769231,0.8395480225988701,0.8649350649350649,32.43612248878486,32.03302776152396,23.01540862102594,12.515441128665236
Unripe,0.030622553352696046,0,0,0.9103147891506632,0.8849001570563159,0.8648860958366065,0.8647581441263573,32.89910766625415,29.030156972578645,24.874617338630888,13.196118022536313
Unripe,0.0,0,0,0.9710407239819004,0.9969954932398598,0.8647642679900744,0.979108635097493,38.562205548769846,34.84557668818705,14.063863200139593,12.528354562903507
Unripe,0.0,0,0,0.971415607985481,0.99800796812749,0.8696741854636592,0.9789621318373072,38.51127031277302,35.086493098025514,13.943735802900575,12.458500786300892
Unripe,0.0,0,0,0.9592592592592593,0.9905660377358491,0.8666666666666667,0.872539831302718,31.974285230925393,25.105735070208084,24.86888851294197,18.051091185924548
Unripe,0.003372193852972348,0,0,0.9852507374631269,0.9226821758467328,0.9146644573322287,0.9475743348982786,36.04988399071926,28.25792730085073,23.33720030935808,12.354988399071926
Unripe,0.0,0,0,0.9142201834862386,0.8784559207094418,0.7981859410430839,0.8072207084468664,29.744849229089915,26.1563651248465,24.068767908309454,20.03001773775413
Unripe,0.00543018335684062,0,0,0.9803234950808738,0.9987707437000615,0.9386479093395858,0.9960750109027475,42.52286747500531,23.073105013117775,18.14507551584769,16.258951996029214
Unripe,0.005426356589147287,0,0,0.9815059445178336,1.0,0.9360217138425746,0.9968609865470852,42.9107914688585,23.01424218805357,18.273931835895983,15.80103450719195
Unripe,0.0366045936847488,0,0,0.9714944201843765,0.744307577454274,0.7133246122220146,0.8935704514363885,36.46496815286624,23.699575371549894,23.66861288039632,16.166843595187544
Unripe,0.03454574332909784,0,0,0.9841729826125725,0.7784156142365097,0.8049519059494122,0.8934177912420821,36.90055112280991,25.076087850621043,23.089578020893313,14.933783005675744
Unripe,0.02817281728172817,0,0,0.979227523531321,0.9044227886056971,0.9058956916099773,0.9021648626144879,28.535704362322868,24.71056775030101,24.50680744651292,22.246920440863203
Unripe,0.03666555961474593,0,0,0.8909555069292487,0.9449704142011834,0.9119453924914676,0.8062015503875969,37.81286630352341,23.305522995242363,20.20271667930773,18.6788940219265
Unripe,0.028159570901776735,0,0,0.965352449223417,0.9089329162321863,0.8971656976744186,0.9079801450935472,28.872024836150395,24.81027940669196,23.732321490169024,22.585374266988616
Unripe,0.0,0,0,0.9849462365591398,0.9911684782608695,0.9675174013921114,0.8124054462934948,38.31101956745623,30.319258496395467,17.754891864057672,13.614830072090628
Unripe,0.005727675084613382,0,0,0.9693853145180579,0.9994731296101159,0.9203426124197002,0.8489082969432314,36.49297372785197,33.132582700532424,20.38055337348346,9.993890198132146
Unripe,0.0067740144364242085,0,0,0.9775171065493646,0.9821802935010482,0.9544316474712068,0.9360236220472441,34.313506261180684,31.999105545617173,22.327817531305904,11.359570661896242
Unripe,0.0,0,0,0.910267471958585,0.877521613832853,0.9093678598629094,0.8906171600602107,31.981236203090507,25.533480500367915,24.153789551140544,18.33149374540103
Unripe,0.0,0,0,0.8714454976303317,0.8775210854418776,0.9053901243874859,0.8660421545667447,30.998071802405658,25.0390230465522,24.359562941878615,19.60334220916353
Unripe,0.0,0,0,0.9366916269571137,0.9887323943661972,0.9389558232931727,0.9356178608515057,28.820875024524227,27.859525210908377,24.42613301942319,18.893466745144202
Unripe,0.0,0,0,0.9310113864701942,0.966484268125855,0.9442622950819672,0.9371002132196162,29.200078231957754,28.5937805593585,23.860747115196556,18.345394093487187
Unripe,0.0,0,0,0.8770513154467309,0.869751499571551,0.8519402985074627,0.7701480263157895,29.25621094345374,26.6803840877915,25.529644871208657,18.533760097546107
Unripe,0.037168735323716874,0,0,0.9093782929399368,0.9812483945543283,0.904776299879081,0.8203742203742204,33.06389798620305,27.12702947529789,23.05065849069751,16.758414047801548
Unripe,0.00031154265538189935,0,0,0.8722634340510222,0.8853185595567867,0.8878887070376432,0.6532281624306164,28.707214460084142,28.125486937100714,25.38825118163403,17.779047421181115
Unripe,0.0028208744710860366,0,0,0.9214369158878505,0.9364102564102564,0.8630605956864088,0.8197845249755142,30.26874115983027,25.857496463932105,25.82213578500707,18.05162659123055
Unripe,0.00299744335713656,0,0,0.9151670951156813,0.9331495520330806,0.9097875304771856,0.8103194103194103,30.957644354054292,25.66097798213812,25.386860022990536,17.994517640817048
Unripe,0.007210401891252955,0,0,0.7910189982728842,0.9161598609904431,0.8675908221797323,0.7584369449378331,27.574711275151802,27.408024764852957,24.90772711037028,20.109536849624956
Unripe,0.008204406938584154,0,0,0.9111016588685665,0.7939262472885033,0.8851992409867173,0.7550058892815077,27.78303001654455,27.239423304183408,24.911368470810682,20.06617820846136
Unripe,0.0,0,0,0.9759188846641318,0.914074074074074,0.9471243042671614,0.9989047097480832,32.079690994104496,27.44460256149624,21.915023378735516,18.560683065663753
Unripe,0.0,0,0,0.9766497461928934,0.9198369565217391,0.9502369668246445,0.9465408805031447,34.79335923701872,25.997880607559164,22.359590250794774,16.849169904627338
Unripe,0.0,0,0,0.9844331641285956,0.9153577661431065,0.9985443959243085,0.9426546391752577,33.35214446952596,25.869074492099326,23.261851015801355,17.516930022573362
Unripe,0.0,0,0,0.9878514404720583,0.9222929936305733,1.0,0.9309677419354838,32.81694953867183,26.825378744731747,22.70190226677298,17.655769449823442
Unripe,0.0,0,0,0.918467583497053,0.9551706571574121,0.9066666666666666,0.7884615384615384,38.39094908862351,24.676304211187933,24.512884978001257,12.419861722187303
Unripe,0.0016736401673640166,0,0,0.9345148693301292,0.8830216354968831,0.9099029126213592,0.8926875593542261,31.004936201918596,25.39815590947192,23.98249045357176,19.61441743503772
Unripe,0.0,0,0,0.9324556382369776,0.8969750109601052,0.8538271604938271,0.8274034822104467,38.307203157548514,25.008222782589627,22.20151299199649,14.483061067865366
Unripe,0.0,0,0,0.8875219683655536,0.915361546151283,0.839304531085353,0.8630239520958084,35.381904860607314,31.101668566690847,19.6704321691367,13.845994403565138
Unripe,0.00031084861672365556,0,0,0.897008942337342,0.9095330739299611,0.838165524512388,0.9367977528089888,33.613184079601986,31.965174129353237,19.662106135986733,14.759535655058043
Unripe,0.011441983277101364,0,0,0.952191235059761,0.7849920170303353,0.7980501392757661,0.6836158192090396,29.796705742691792,27.882475144680217,21.3087995251521,21.012019587475887
Unripe,0.00787022165114038,0,0,0.9489583333333333,0.7961325966850828,0.7488789237668162,0.5987376014427412,31.083050024283633,29.30225028330905,21.66100048567266,17.95369920673466
Unripe,0.019264668849156383,0,0,0.9084601611459265,0.8983007862033985,0.791701244813278,0.8158783783783784,28.68147387341122,25.311336500192578,23.20580305559122,22.801386570804983
Unripe,0.02033492822966507,0,0,0.9141742522756827,0.861766181635725,0.8404017857142857,0.7826473201066035,29.65105070368228,25.615320352162456,23.031938821412506,21.701690122742754
Unripe,0.09535530821917808,0,0,0.8852522140931844,0.901421366345713,0.95703125,0.8635525507068224,30.722820300485036,25.80149059505501,24.228084703655504,19.24760440080445
Unripe,0.0013019622430949502,0,0,0.9391411801050356,0.8804780876494024,0.9142857142857143,0.8998109640831758,30.14247136604898,25.71002886674737,24.443616724089768,19.703883043113883
Unripe,0.09471649484536082,0,0,0.8465384615384616,0.9205058717253839,0.9496475327291037,0.8705521472392638,30.84223013048636,26.26334519572954,23.558718861209965,19.33570581257414
Unripe,0.1390182456676082,0,0,0.9365,0.8910321489001692,0.851389448248087,0.9293478260869565,35.46728143287817,26.201454158538752,22.016314949459122,16.31494945912396
Unripe,0.05993557138012886,0,0,0.9317764366308056,0.8934931506849315,0.889315910837817,0.9026195899772209,34.367391108305526,26.332401478943098,23.464694742537652,15.835512670213724
Unripe,0.0009290226681531029,0,0,0.9139855548260013,0.9102920723226704,0.9306784660766961,0.7867924528301887,28.324344429979543,26.74353728845081,25.218523340152498,19.71359494141715
Unripe,0.0009228497600590623,0,0,0.9244791666666666,0.9112792297111417,0.8785822021116139,0.7821330902461258,28.376131535193057,26.86125992979863,24.496582301865878,20.266026233142433
Unripe,0.00041655095806720355,0,0,0.9991023339317774,0.9167120304844856,0.9596491228070175,0.8595505617977528,30.948742880955688,25.517432976802333,23.753299069315183,19.780525072926796
Unripe,0.0007676953784738216,0,0,0.9984717269485481,0.9653579676674365,0.9206852791878173,0.8334680679062247,30.162876459741856,26.61339889366933,24.21634910878918,19.007375537799632
Unripe,0.00016157699143641945,0,0,0.9645254074784276,0.9118343195266272,0.8904448105436573,0.8956594323873122,33.710407239819006,27.310924369747898,19.618616677440208,19.36005171299289
Unripe,0.0,0,0,0.9659145463274124,0.8835412953060012,0.8828315703824248,0.9019118869492935,33.60761535979348,27.153920619554693,19.828977089383674,19.40948693126815
Unripe,0.0010381135992881506,0,0,0.9616402116402116,0.9518235029266097,0.9682942295497781,0.9761194029850746,33.66983372921615,32.97209026128266,23.41152019002375,9.946555819477435
Unripe,0.004631975103133821,0,0,0.9004407051282052,0.8658391024110766,0.7490996398559424,0.6642547033285094,36.29753508325456,30.45880898713008,18.170580964153277,15.07307496546208
Unripe,0.0013396844298898482,0,0,0.9499335400974745,0.9476275738585497,0.9561290322580646,0.9760479041916168,33.64137725443434,33.298554180950966,23.103294082575644,9.956774482039052
Unripe,0.023983803145927424,0,0,0.9323943661971831,0.8949685534591195,0.8971539456662354,0.946165191740413,28.32296154459869,25.37099090473911,24.668900590394127,21.637146960268073
Unripe,0.024480942051440968,0,0,0.967948717948718,0.9973132724341752,0.93190770962296,0.7637130801687764,34.68869123252859,29.5584498094028,28.224269377382466,7.52858958068615
Unripe,0.03366746567879712,0,0,0.9819761828130029,0.9362850971922246,0.9210526315789473,0.9924892703862661,35.03213440072162,31.322584282331718,23.13676851956252,10.508512797384146
Unripe,0.03228973491873023,0,0,0.9828033744321869,0.9411974340698503,0.9200968523002422,0.9934640522875817,34.74241911847593,31.631157704881076,23.278097170555743,10.348326006087252
Unripe,0.002025497438341475,0,0,0.9279875437913585,0.8707337883959044,0.9544444444444444,0.9789536981358989,30.670964660936008,27.9847182425979,21.48997134670487,19.854345749761222
Unripe,0.00211118930330753,0,0,0.9213569776407093,0.8732276897414513,0.9422680412371134,0.975253807106599,30.48895157498825,28.18523742360132,22.802068641278797,18.52374236013164
Unripe,0.000584966364434045,0,0,0.9810508182601206,0.9632392115077251,0.9185185185185185,0.8579545454545454,33.977172958735736,27.46561311091601,25.680421422300263,12.876792508047997
Unripe,0.000585051923358198,0,0,0.9769364664926022,0.9581346051934287,0.9193363844393593,0.8766666666666667,33.63090882482072,27.6159812673789,25.58173569442412,13.171374213376264
Unripe,0.020179702459861542,0,0,0.9764590485532123,0.9250599520383693,0.937748344370861,0.883623693379791,30.652435357787134,25.075165363800362,22.69993986770896,21.572459410703548
Unripe,0.015978158707425145,0,0,0.8186997808619431,0.780539656582175,0.5693121693121693,0.4945361543827017,31.13344855817338,27.813153825161468,21.49094878559083,19.56244883107432
Unripe,0.004810846271594139,0,0,0.8955102040816326,0.876116879980681,0.7305436057880329,0.7333333333333333,35.88954808467004,30.33033033033033,18.728484582143118,15.051637002856516
Unripe,0.019287396937573614,0,0,0.9752186588921283,0.9403254972875226,0.9405617243631613,0.8881811748053786,30.896261822549164,24.906170244708,22.98453685632788,21.213031076414953
Unripe,0.01364795918367347,0,0,0.9276812688821753,0.9560175054704595,0.9157321371355335,0.9786204114562324,34.242855295486876,29.54868744342429,20.17974912711755,16.028708133971293
Unripe,0.013352926143623819,0,0,0.9408017984263769,0.9581866197183099,0.9264705882352942,0.9732107157137145,34.565822702842716,29.424334650003235,19.814802823285632,16.19503982386842
Unripe,0.0,0,0,0.9064543645152118,0.9427701674277017,0.9650273224043716,0.8619489559164734,31.203974802590718,29.145594889539527,24.354538195368644,15.295892112501107
Unripe,0.0,0,0,0.9345102505694761,0.9265671641791045,0.9539425202652911,0.8780025284450064,31.47517476250224,30.02330166696541,24.323355440043017,14.178168130489336
Unripe,0.06672420303144722,0,0,0.8205656489979397,0.962061855670103,0.8825880589557832,0.7022508038585209,30.857704311640273,28.031441451855276,23.136053635417873,17.974800601086578
Unripe,0.07102227420126522,0,0,0.8666426383132095,0.950671704450042,0.9077373688064437,0.7168026101141926,31.75393419170243,27.261802575107296,23.44492131616595,17.53934191702432
Unripe,0.0,0,0,0.8912936546974914,0.9590527873704983,0.8798076923076923,0.9021827000808408,29.205573911794282,29.119379399511562,23.904611406407124,17.77043528228703
Unripe,0.0,0,0,0.9625246548323472,0.8830784410458806,0.8854041013268998,0.9536163522012578,29.0336435218325,29.01932712956335,23.73657838224767,18.21045096635648
Unripe,0.04968428049185776,0,0,0.8610644257703082,0.864010989010989,0.9292285916489739,0.863849765258216,31.211750305997555,25.458996328029375,24.707116628781257,18.622136737191816
Unripe,0.009074941451990632,0,0,0.9768867924528302,0.9734466277217206,0.9229442208165612,0.9649805447470817,31.314623338257014,27.81388478581979,25.68685376661743,15.184638109305762
Unripe,0.05105604523532346,0,0,0.867557039510295,0.8588235294117647,0.929676511954993,0.8723608445297505,31.4931650893796,25.324220119172804,24.9211356466877,18.2614791447599
Unripe,0.02389956133716533,0,0,0.9339622641509434,0.9263873159682899,0.8797850906648758,0.8932664756446992,27.924996125832948,27.36711607004494,23.074538974120564,21.63334883000155
Unripe,0.044995673492933375,0,0,0.932750136686714,0.9011532125205931,0.8993464052287582,0.891123439667129,27.62005436424041,27.499244941105406,23.104802174569617,21.775898520084567
Unripe,0.0,0,0,0.9919657204070702,0.9859566998244588,0.908411214953271,0.8203389830508474,35.65699006875477,32.639419404125285,20.43544690603514,11.268143621084798
Unripe,0.0,0,0,0.9929006085192698,0.9469387755102041,0.9296636085626911,0.8803571428571428,37.71996939556236,32.80413159908186,18.76434583014537,10.711553175210407
Unripe,0.029889242906994386,0,0,0.981489841986456,0.9707773232028054,0.9855305466237942,0.9215686274509803,34.64185173600251,26.759461995620892,19.45573975602127,19.142946512355334
Unripe,0.026986052152819892,0,0,0.9827050997782705,0.9886492622020431,0.9855653568564555,0.8752166377816292,35.13555624805235,27.454035525085697,19.429728887503895,17.980679339358055
Unripe,0.0,0,0,0.9664828171404327,0.9580498866213152,0.9592656339644291,0.9378415300546448,32.16430131004367,24.072052401746724,23.78548034934498,19.978165938864628
Unripe,0.0,0,0,0.9685666387259011,0.9818078453666856,0.9570335491465568,0.9410949410949411,32.74324138877453,24.138877452998493,23.31549334431179,19.802387813915193
Unripe,0.02131943621935331,0,0,0.8819776714513556,0.9017937219730942,0.8498834498834499,0.8768115942028986,30.35217233450321,26.98777683650006,25.959094759772476,16.70095606922425
Unripe,0.010198135198135198,0,0,0.9710144927536232,0.9692307692307692,0.9240997229916897,0.9700193423597679,30.468060052987934,27.745069178687075,26.567559611421842,15.219311156903151
Unripe,0.02180721494026215,0,0,0.8781627092253795,0.9043401240035429,0.8516483516483516,0.8860759493670886,30.463654689908694,26.775761887821652,25.89825684809676,16.862326574172894
Unripe,0.013561320754716982,0,0,0.9457789979409746,0.9145907473309609,0.907075873827792,0.8567073170731707,29.029687188683006,27.99362422793385,23.37118947997609,19.605499103407055
Unripe,0.011808699074985239,0,0,0.9473324213406292,0.9117647058823529,0.9040747028862479,0.8611955420466059,29.117705636327422,27.763393746265685,23.461461860187214,19.657438757219676
Unripe,0.005200594353640416,0,0,0.8634445723053318,0.982424515547544,0.9005311443746982,0.9102902374670184,32.44958924570575,27.620114513318395,25.77794373910879,14.152352501867066
Unripe,0.004731664798904246,0,0,0.8541185527328714,0.9826245999085506,0.9017509727626459,0.9053819444444444,32.50344051044664,27.361441261103465,25.72250719379457,14.412611034655324
Unripe,0.0076751671205743995,0,0,0.9770716009654062,0.9666510098637858,0.9058390320883746,0.99,31.012974051896208,26.55938123752495,23.715069860279442,18.7125748502994
Unripe,0.11145126592751944,0,0,0.9134643590495747,0.8310003414134517,0.7994934571549177,0.8031496062992126,31.74411025235124,27.27442033708912,22.05978210261663,18.92168730794301
Unripe,0.008726647000983283,0,0,0.9483793517406963,0.9577114427860697,0.91494124230554,0.9904901243599122,30.985740855548666,29.90700557966522,22.157470551766895,16.949783013019218
Unripe,0.003978779840848806,0,0,0.938593226646818,0.9209713024282561,1.0,0.9571984435797666,32.52632853165476,27.417988137029415,21.389662268490497,18.666021062825326
Unripe,0.004339440694310511,0,0,0.9532572690467427,0.9253333333333333,0.9900758902510216,0.9531645569620253,32.893462469733656,27.239709443099276,20.738498789346245,19.128329297820823
Unripe,0.014563828206271362,0,0,0.9728289824187534,0.9545182525433872,0.9202719406674907,0.9276450511945392,28.306439451063188,25.199819031820237,24.400542904539286,22.09319861257729
Unripe,0.014430229098482595,0,0,0.9761388286334056,0.9386401326699834,0.9155295646523717,0.9085833914863922,27.83396226415094,27.305660377358492,23.230188679245284,21.630188679245283
Unripe,0.0,0,0,0.8286315789473684,0.887511071744907,0.8391167192429022,0.8666343355965083,26.643482162889836,25.33094009423379,24.89342607134844,23.132151671527936
Unripe,0.0,0,0,0.7752808988764045,0.8919790407093914,0.8996893031513538,0.8284313725490197,27.00073229417303,25.954597761272098,23.569411026257978,23.475258918296895
Unripe,0.0,0,0,0.9310200668896321,0.9686013320647003,0.8223896663078579,0.940123111359821,29.389359872220172,25.826268583364048,22.828357292050622,21.956014252365154
Unripe,0.11156922569473077,0,0,0.9049909801563439,0.8775017253278122,0.7932914046121593,0.8073903002309469,30.870614442175608,26.8980879896046,22.136625208836087,20.094672359383704
Unripe,0.0,0,0,0.9385771100309324,0.9659039928218932,0.8939149165320409,0.9345637583892618,27.81123264102249,27.393388226619148,22.821678751382574,21.97370038097579
Unripe,0.0,0,0,0.9761755485893417,0.9894440534834623,0.9891122278056952,0.8655737704918033,33.09128630705394,29.481327800829877,24.771784232365146,12.655601659751037
Unripe,0.0,0,0,0.9772583701831965,0.8991121872477804,0.9717285945072698,0.9131736526946108,33.481387478849406,26.20558375634518,26.184433164128595,14.12859560067682
Unripe,0.005018489170628632,0,0,0.9371438746438746,0.9444444444444444,0.977116704805492,0.9493835171966256,37.27103796124237,26.40031855588001,26.101672418370054,10.226971064507566
Unripe,0.003122167388458052,0,0,0.966624947851481,0.9595087952207103,0.8599355098750504,0.8583797155225726,36.325520307132756,30.44049302889473,25.065669832289352,8.16831683168317
Unripe,0.0,0,0,0.9458749343142406,0.9805942995755003,1.0,0.8592150170648464,31.038982221497307,26.89610177785027,22.94894796933616,19.11596803131626
Unripe,0.0,0,0,0.9520661157024793,0.9883313885647608,1.0,0.8666666666666667,29.768738723962606,28.112186321141547,23.421354764638348,18.697720190257503
Unripe,0.0,0,0,0.9658958575944102,0.9370725034199726,0.961617722823287,0.8937685459940653,34.058586888775565,24.851266360700322,21.995580486146523,19.094566264377587
Unripe,0.0,0,0,0.9679572763684913,0.9261140614176865,0.965426925091671,0.9372801875732708,34.136614823676865,24.67384492679314,21.751267589585826,19.438272659944168
Unripe,0.0068894601542416455,0,0,0.946776611694153,0.9638222571765631,0.7530864197530864,0.853670162059104,27.62476703251191,26.33050320977428,24.321805756885485,21.72292400082833
Unripe,0.002018367140982945,0,0,0.9587268275620846,0.9532428355957768,0.9454958364875095,0.8744239631336406,28.910911113358278,26.817676205885327,26.716553746587117,17.55485893416928
Unripe,0.0005564830272676684,0,0,0.9868718877320054,0.9371554575523704,0.9207569485511532,0.8965986394557823,30.748886414253896,25.250556792873052,23.538418708240535,20.462138084632517
Unripe,0.0,0,0,0.9936392548841436,0.999532273152479,0.9682726204465335,0.8114754098360656,30.830648550217116,29.94817201288696,23.84087407199888,15.380305364897046
Unripe,0.0,0,0,1.0,0.9925546765937645,0.966903073286052,0.8176211453744493,30.288596245446904,30.106472401232836,23.70411880078453,15.900812552535722
Unripe,0.04807381029459372,0,0,0.9426321709786277,0.969559585492228,0.976897689768977,0.9492337164750958,30.232953579323247,26.254038428838633,25.760925012752935,17.75208297908519
Unripe,0.0470663062490062,0,0,0.9243119266055045,0.9575358851674641,0.9697164948453608,0.9151219512195122,29.100617386951445,27.899215751710326,25.89687969297514,17.10328716836309
Unripe,0.0470663062490062,0,0,0.9243119266055045,0.9575358851674641,0.9697164948453608,0.9151219512195122,29.100617386951445,27.899215751710326,25.89687969297514,17.10328716836309
Unripe,0.04807381029459372,0,0,0.9426321709786277,0.969559585492228,0.976897689768977,0.9492337164750958,30.232953579323247,26.254038428838633,25.760925012752935,17.75208297908519
Unripe,0.01524024024024024,0,0,0.9479407681628875,0.9005175388154112,0.8853797019162527,0.9063625450180072,32.949607379736214,26.51520927041244,21.483570938476788,19.051612411374553
Unripe,0.016119746689694875,0,0,0.9479421579532814,0.8840811965811965,0.8535665294924554,0.9129916567342073,32.87741369221767,27.38443534230544,21.328262141603275,18.40988882387361
Unripe,0.0005640157924421884,0,0,0.9732037691401649,0.9620141342756183,0.9577693557119653,0.9933481152993349,38.329571106094804,25.553047404063207,20.846501128668173,15.270880361173814
Unripe,0.0016222244753117713,0,0,0.958840372226199,0.9527705466716251,0.9481114078595956,0.8795180722891566,28.37412409871027,27.30780948512237,26.617243830608306,17.700822585559052
Unripe,0.0009075439591605219,0,0,0.9680632874304131,0.9615384615384616,0.9557428872497366,0.989329268292683,38.75326444873396,24.798455773816283,21.55103894629272,14.897240831157035
Unripe,0.004266991770801585,0,0,0.9120347994200096,0.9696969696969697,0.9774011299435028,0.892578125,31.665136210590756,28.28282828282828,24.380165289256198,15.671870217324763
Unripe,0.006173769010691161,0,0,0.9167067886374579,0.9678456591639871,0.9702602230483272,0.8926174496644296,31.46969696969697,28.272727272727273,24.454545454545453,15.803030303030303
Unripe,0.0003436898542755018,0,0,0.9148974777717293,0.9529002320185614,0.8947704081632653,0.800126103404792,37.89451970019941,29.636251117376055,21.56363886405831,10.905590318366224
Unripe,0.000425531914893617,0,0,0.9211563731931669,0.9712347988774556,0.9217032967032966,0.5592146928435718,37.796225344118064,30.339151411948347,20.661274301121043,11.203348942812545
Unripe,0.006087056391409211,0,0,0.9582470669427191,0.9307309605817069,0.9093619558735838,0.8656207366984994,33.48740466836146,30.194129882135428,19.378322163161542,16.940143286341577
Unripe,0.006883226663446444,0,0,0.9529803776379119,0.950056327450244,0.7979139504563233,0.8401206636500754,32.842898832684824,32.380836575875485,18.65272373540856,16.12354085603113
Unripe,0.009142954797915064,0,0,0.9519203413940256,0.9264382269726501,0.8989155693261038,0.8943054357204486,30.31217661262504,27.43187305967575,22.266298723697826,19.98965160400138
Unripe,0.009066028053369826,0,0,0.9506802721088435,0.8988585922637921,0.8980716253443526,0.886584849767245,30.450543759709998,27.222509925772485,21.931641636457794,20.395304678059727
Unripe,0.0,0,0,0.9710682492581603,0.9397590361445783,0.9634864546525324,0.9280983916745507,36.630434782608695,25.937500000000004,23.070652173913043,14.36141304347826
Unripe,0.014949157687054182,0,0,0.9434517077584257,0.8881862604196609,0.7798534798534799,0.9136537643555933,34.05746860796548,26.80070872814113,21.030737231338108,18.111085432555274
Unripe,0.0,0,0,0.9633507853403142,0.9400826446280992,0.9710669077757685,0.9262759924385633,36.495154906510166,26.422819707929573,22.642281970792958,14.4397434147673
Unripe,0.0,0,0,0.9633507853403142,0.9400826446280992,0.9710669077757685,0.9262759924385633,36.495154906510166,26.422819707929573,22.642281970792958,14.4397434147673
Unripe,0.0,0,0,0.9710682492581603,0.9397590361445783,0.9634864546525324,0.9280983916745507,36.630434782608695,25.937500000000004,23.070652173913043,14.36141304347826
Unripe,0.00701469393782766,0,0,0.9354838709677419,0.9748477627746889,0.9629996696399075,0.9616508400292184,29.045211183819152,28.08596073765616,22.508923259964305,20.35990481856038
Unripe,0.007233818099615703,0,0,0.9657745753988677,0.9782433521353747,0.9225304465493911,0.9804597701149426,29.495256166982927,28.258064516129032,22.43643263757116,19.810246679316887
Unripe,0.00023172285946008574,0,0,0.9797507788161994,0.9331775700934579,0.9349674837418709,0.9021852237252862,29.760111252752345,24.800092710626956,23.166067910534245,22.273728126086453
Unripe,0.0,0,0,0.9795158286778398,0.9451032059727712,0.915839243498818,0.8950516585100599,30.114401076716018,25.538358008075367,23.721399730821,20.625841184387617
Unripe,0.003025260928755105,0,0,0.9373134328358209,0.847254004576659,0.7985516787360105,0.8143074581430746,30.49613108784706,26.521013503262026,23.046578667880443,19.93627674101047
Unripe,0.003207086133170434,0,0,0.9566488066244521,0.860705596107056,0.8110955056179775,0.8357041251778093,31.45396047188601,25.187681936571167,21.817067565497165,21.541290026045658
Unripe,0.012217583497053045,0,0,0.8967032967032967,0.8242835595776772,0.8743389574414505,0.803899721448468,28.280191435142022,24.72496736900988,24.68145938218659,22.313381813661508
Unripe,0.01595987232102143,0,0,0.9331073446327683,0.8837988826815643,0.7515455950540958,0.9184713375796179,34.175162187210375,27.6490577695397,19.987642879209144,18.18813716404078
Unripe,0.01673196212863206,0,0,0.8928990610328639,0.8895212587880816,0.8303175145100717,0.8630187293426368,28.289200630862453,24.79455466091143,24.31310699759276,22.60313771063335
Unripe,0.020707831325301206,0,0,0.9508408796895214,0.947180585296217,0.9236453201970444,0.9247830279652844,29.719338715878507,26.93194925028835,23.414071510957324,19.934640522875817
Unripe,0.0,0,0,0.9205050939876597,0.9040946314831665,0.9219690063810392,0.9702140862550419,32.9161156244096,25.954090307953905,25.906858114490838,15.222935953145663
Unripe,0.0,0,0,0.920784987824094,0.9057369489024165,0.9028422812558053,0.9853237410071942,32.83631232361242,25.498588899341485,25.319849482596425,16.345249294449673
Unripe,0.008773078433940028,0,0,0.9348346909439387,0.897119341563786,0.871367061356297,0.9161213563355146,27.569352708058126,25.680317040951124,24.5442536327609,22.206076618229854
Unripe,0.009304154108242695,0,0,0.9278450363196126,0.8943911066195048,0.866955110870741,0.8998200359928015,27.314814814814813,26.177248677248677,24.45767195767196,22.05026455026455
Unripe,0.0,0,0,0.9096629213483146,0.9020027518728023,0.855608214849921,0.880655737704918,29.54062665958577,28.94760134537086,28.013807753584707,13.497964241458666
Unripe,0.0,0,0,0.9341194968553459,0.8674451633264952,0.8876535014935281,0.8778947368421053,29.481296064525104,29.37468131460622,27.933064478746584,13.210958142122099
Unripe,0.0,0,0,0.9762001627339301,0.96875,0.8855967078189301,0.82174688057041,35.30341113105925,35.15978456014363,17.450628366247756,12.086175942549373
Unripe,0.00977683315621679,0,0,0.9662921348314607,0.9626967830253251,0.9464212678936605,0.6278447121820616,34.38506117192531,31.3586606567933,26.23953638119768,8.016741790083708
Unripe,0.0,0,0,0.9389043639740019,0.9667221297836939,0.8960474308300396,0.829559748427673,37.62313980297631,33.591839586389995,17.67623838468525,11.108782225948438
Unripe,0.02139441228290964,0,0,0.9660873251377703,0.9315684315684316,0.872112676056338,0.95,30.336934156378604,25.745884773662553,22.82664609053498,21.090534979423868
Unripe,0.01996209728363866,0,0,0.9619091326296466,0.9351325757575758,0.8727777777777778,0.9519807923169268,28.090756735851492,27.227020755446695,23.204847234755704,21.477375273946116
Unripe,0.03395204674195732,0,0,0.9593077642656689,0.9615262824572515,0.8921552963732226,0.8188345299716147,31.53857501106358,23.292521020799526,23.082313025519987,22.086590942616905
Unripe,0.033375314861460954,0,0,0.9447718082033507,0.8855581576893052,0.9592767295597484,0.7827697262479871,31.324647122692724,23.181324647122693,23.01845819761129,22.475570032573287
Unripe,0.0,0,0,0.9828493471058273,0.9230939226519337,0.833821682712432,0.9172661870503597,38.99825188112791,34.392338679030175,18.157634719160903,8.451774720681007
Unripe,0.0,0,0,0.985810162991371,0.9282107574094401,0.7866435385949696,0.927797833935018,39.5555218446602,34.54945388349515,17.490898058252426,8.404126213592233
Unripe,0.0074850299401197605,0,0,0.9590719123793053,0.9393939393939394,0.9443339960238568,0.8902550091074681,41.86425339366516,26.678733031674206,18.20814479638009,13.248868778280542
Unripe,0.0076084351785286365,0,0,0.9588370754173863,0.9410693970420932,0.944591904445919,0.8913043478260869,41.94385753093873,26.53184424992454,18.194989435556895,13.329308783579839
Unripe,0.008871540099361249,0,0,0.9394128669581512,0.9804913294797688,0.9380530973451328,0.9204819277108434,28.660938059434297,24.77622627998568,24.2749731471536,22.287862513426422
Unripe,0.016129032258064516,0,0,0.8184675246932056,0.828978622327791,0.6301831193432962,0.5390484739676841,30.093676814988292,28.44082147360836,21.397045577373447,20.068456134029905
Unripe,0.016564026332554684,0,0,0.9878438899552143,0.8901673640167364,0.9430176565008026,0.75,33.75080976031094,30.965234290649967,26.9056359317642,8.378320017274888
Unripe,0.00910226664286989,0,0,0.9432258064516129,0.9687074829931973,0.9262422360248447,0.9228295819935691,27.9178674351585,26.476945244956774,23.19884726224784,22.406340057636886
Unripe,0.0011163384100151502,0,0,0.9575007036307346,0.9604369648656629,0.9322683706070287,0.8815628815628815,28.362736489183366,27.037598786620897,24.986030174822382,19.613634549373355
Unripe,0.0009676638980727361,0,0,0.9561674627704412,0.9625111573936328,0.9586366644606221,0.8892521454842665,28.72709661796755,27.128904673500685,24.392606344337718,19.751392364194043
Unripe,0.015093092431420072,0,0,0.9834932821497121,0.9753992231333621,0.992255125284738,0.9155238617663193,29.138702460850112,25.917225950782996,24.552572706935123,20.391498881431765
Unripe,0.015247915752523036,0,0,0.9837587006960556,0.9676062263357172,0.9940720474236207,0.8330587589236683,28.806951097248522,26.47877910214994,24.42909658014927,20.285173220452265
Unripe,0.0,0,0,0.9963431786216597,0.9543517954960439,0.9739413680781759,0.979296066252588,48.092532467532465,22.226731601731604,16.61255411255411,13.068181818181818
Unripe,0.0377485222998388,0,0,0.9579566003616636,0.9416360294117647,0.9449724862431216,0.9020618556701031,30.880915817394943,30.378333100656153,27.907301410023734,10.833449671925171
Unripe,0.0,0,0,0.9951963831590845,0.9518586227909811,0.9717842323651452,0.9790575916230366,48.21525885558583,22.356948228882835,16.416893732970028,13.010899182561309
Unripe,0.009472511144130757,0,0,0.9717764250138351,0.9157681940700808,0.8148148148148148,0.7716535433070866,33.883367710481906,27.8267391711982,19.238702418901184,19.05119069941871
Unripe,0.008291873963515755,0,0,0.953401178361007,0.9499341238471674,0.7569444444444444,0.7785642062689585,34.689706428836864,28.205128205128204,18.729096989966553,18.37606837606838
Unripe,0.022441836524603666,0,0,0.8753904894133981,0.8950276243093923,0.9458987783595113,0.8719955282280604,30.339090143218193,26.6849199663016,24.13647851727043,18.83951137320977
Unripe,0.0214396685655101,0,0,0.9044272663387211,0.8911196911196911,0.9536954585930543,0.8861834654586637,30.12277730736664,27.41320914479255,23.772226926333616,18.691786621507198
Unripe,0.0,0,0,0.948170731707317,0.9489912447658927,0.910814304179233,0.8507239141288068,34.1699024528838,24.879249928970545,21.98124822426366,18.969599393881996
Unripe,0.0,0,0,0.9491001124859393,0.9146431199411332,0.9036973344797936,0.8533400301356102,33.57567746199604,25.66329902747616,21.962043244264,18.79898026626381
Unripe,0.0,0,0,0.9765333333333334,0.9457013574660633,0.9842569269521411,0.8847962382445141,28.815122176118024,27.170739203934225,24.404487475026894,19.609651144920853
Unripe,0.0,0,0,0.9697916666666667,0.9564220183486238,0.983132530120482,0.8951890034364262,29.59309494451295,26.880394574599258,25.58569667077682,17.940813810110974
Unripe,0.006567220189511211,0,0,0.9794496691048415,0.9375,0.9767536704730831,0.9742857142857143,27.113041835867406,26.593634904145812,23.156105392388326,23.13721786759845
Unripe,0.03642914331465172,0,0,0.9393939393939394,0.9504995458673933,0.9404527559055118,0.9059278350515464,30.61902783547985,30.494391358537598,28.140146794072844,10.746434011909708
Unripe,0.006636134218151229,0,0,0.9771018455228981,0.928849557522124,0.9731139646869984,0.9719077568134172,27.53105005645465,26.580730146782084,23.447497177267596,22.44072261949567
Unripe,0.018773619407533828,0,0,0.9001980198019802,0.9293523969722456,0.9085956416464891,0.9216867469879518,31.37035656603305,29.54404273822835,20.524288731519444,18.561311964219158
Unripe,0.019978072846875382,0,0,0.870250606305578,0.9334754797441365,0.9077291791491912,0.9171483622350675,30.752019888129272,29.148539465506524,20.74580484773151,19.35363579863269
Unripe,0.031637646523273014,0,0,0.9726918075422627,0.9510188087774295,0.9822454308093995,0.9099378881987578,36.149958867081914,29.991773416382657,22.505582324597484,11.352685391937948
Unripe,0.031782325368697836,0,0,0.9604882749759075,0.9767536704730831,0.9881930184804928,0.9152719665271967,36.757586491911674,28.95265084425552,23.0015350100366,11.288227653796199
Unripe,0.0012359984550019312,0,0,0.8950478334271244,0.8017836593785961,0.8684719535783365,0.7822667143367894,27.48859153840204,26.885296620001547,23.992574831773535,21.633537009822877
Unripe,0.004759110763413521,0,0,0.7900338655055636,0.9363682092555332,0.8744982606368745,0.6955250073120796,27.079785143456046,26.044805450019652,24.479234901087384,22.39617450543692
Unripe,0.0,0,0,0.9560745661024213,0.8879151291512916,0.9066272480906628,0.9220822281167109,29.027242194302772,26.968528423933325,25.24567732305013,18.75855205871377
Unripe,0.0,0,0,0.9534344711335861,0.8866868733970622,0.9007877892663713,0.9083944037308461,29.48009193117585,26.64140629852786,25.231380831107526,18.64712093918877
Unripe,0.0,0,0,0.9892625035320712,0.9156752974107768,0.9488584474885845,0.9171830985915493,34.15363829376568,27.58154796371357,21.134916039374637,17.12989770314611
Unripe,0.018159987993396368,0,0,0.9939480242079032,0.904507257448434,0.9461123941493457,0.9555555555555556,42.93793946805258,20.009171507184348,19.856313054111894,17.196575970651175
Unripe,0.0,0,0,0.9714207947740882,0.9074074074074074,0.9858844287604764,0.9202247191011236,34.89410200398898,26.669199354164686,21.5310095925539,16.90568904929243
Unripe,0.0012295585884667404,0,0,0.9498315237738675,0.9457671957671958,0.9032591826176927,0.9072741806554756,32.881940169887976,27.920718946202143,23.7966268619968,15.400714021913087
Unripe,0.0015972478191424008,0,0,0.9462794918330308,0.9463806970509383,0.9083245521601686,0.902834008097166,33.903519566822546,27.541225695299037,23.357125276888997,15.198129460989417
Unripe,0.0,0,0,0.947823699025127,0.9676506982499558,0.9633885102239532,0.9733700642791552,35.96010467585049,27.931664444773613,25.354268503431594,10.753962375944305
Unripe,0.0,0,0,0.975573205454818,0.9786676646706587,0.9620095495121445,0.9875853507138423,33.27183885121659,26.64539289988033,24.017750299162348,16.065017949740724
Unripe,0.0,0,0,0.9436987322893363,0.9541666666666667,0.984160066694456,0.8444790046656299,27.792746113989637,27.357512953367873,24.860103626943005,19.989637305699482
Unripe,0.0,0,0,0.9530075187969925,0.9481203007518797,0.9670646356525319,0.843056272586474,27.46231674581871,27.46231674581871,25.077431344208133,19.99793516415445
Unripe,0.03309619548407052,0,0,0.9125070106561974,0.9852158486102898,0.9291784702549575,0.9070278184480234,28.51887396033269,27.047344849648113,22.58477287268074,21.849008317338452
Unripe,0.031240702171972626,0,0,0.9403739262253663,0.9320606400898371,0.9203730272596844,0.9506627393225331,30.39004914004914,27.3495085995086,21.406633906633907,20.853808353808354
Unripe,0.0,0,0,0.9756059421422987,0.9709228824273072,0.8975084937712344,0.8615179760319573,34.62746372103097,29.981589776911417,19.124972926142515,16.265973575915098
Unripe,0.01865222623345367,0,0,0.9957234497505346,0.9461123941493457,0.9119010819165378,0.9493333333333334,43.010423053341505,19.91109748620478,19.834457388105456,17.24402207234825
Unripe,0.0,0,0,0.9695131435682066,0.9661261261261261,0.8912982258518727,0.854770433083686,34.56265792161712,29.837105531960646,19.090371485404013,16.509865061018225
Unripe,0.00010432968179447053,0,0,0.9760645699972168,0.908685064935065,0.9767156862745098,0.9814643188137164,37.48956594323873,25.70951585976628,25.542570951585976,11.258347245409015
Unripe,0.0,0,0,0.9626713327500729,0.9979616795760293,0.9248888888888889,0.9939516129032258,37.582200789127576,26.885138097325733,24.660236738272687,10.872424375274003
Unripe,0.0,0,0,0.9626713327500729,0.9979616795760293,0.9248888888888889,0.9939516129032258,37.582200789127576,26.885138097325733,24.660236738272687,10.872424375274003
Unripe,0.00010432968179447053,0,0,0.9760645699972168,0.908685064935065,0.9767156862745098,0.9814643188137164,37.48956594323873,25.70951585976628,25.542570951585976,11.258347245409015
Unripe,0.03071327540917357,0,0,0.9214186369958275,0.8257328990228013,0.731404958677686,0.9198656429942419,29.977069001459245,25.599332916406087,22.70168855534709,21.721909526787574
Unripe,0.030323914541695383,0,0,0.9197178367484045,0.8749016522423289,0.9316964285714285,0.7315789473684211,30.22641892577927,25.809726875824957,22.743425728500355,21.22042846989542
Unripe,0.0,0,0,0.9457482474855227,0.9892364614867137,0.8651594670972951,0.7810259238830667,31.11722306525038,28.196130500758727,23.49203338391502,17.194613050075873
Unripe,0.0,0,0,0.9718670076726342,0.9844935664797096,0.8460586050350805,0.7738095238095238,33.29548680102186,28.67820985902167,22.92553694767717,15.100766392279308
Unripe,0.008559286526605614,0,0,0.9504630626749946,0.9143413367942894,0.90661096092406,0.9925673583152679,28.030668920550596,27.90992513885535,24.565322385897126,19.494083554696935
Unripe,0.008154318281455502,0,0,0.9081632653061225,0.9653821032005225,0.9209564928595151,0.8554446029481693,27.722772277227726,27.068599717114566,26.617751060820368,18.59087694483734
Unripe,0.008548030366429553,0,0,0.9559051628628407,0.9088848594741614,0.9085768143261075,0.9912203687445127,27.2096949234294,26.600747618473413,25.58784517062583,20.60171228747136
Unripe,0.0,0,0,0.9832860296436455,0.9747698602113877,0.9130636913063691,0.8643243243243244,31.380504700643247,29.025235032162293,21.28649183572489,18.30776843146957
Unripe,0.0,0,0,0.9448653198653199,0.9439724454649828,0.9340120663650076,0.8029707295762342,33.82687927107062,31.00085421412301,18.878132118451024,16.294134396355354
Unripe,6.551362683438155e-05,0,0,0.9956874245299293,0.9793697574246203,0.9884921805842432,0.6554621848739496,37.980737731769636,28.899954137456596,22.204022800235865,10.915285330537902
Unripe,6.56254101588135e-05,0,0,0.9955063947459385,0.9806698134412227,0.988961813842482,0.6557575757575758,37.97335433484282,29.198661153770427,21.999081183960097,10.828903327426659
Unripe,0.0,0,0,0.9667405764966741,0.9688681990107652,0.9265873015873016,0.6350851221317543,38.16212557116263,29.082755119309528,21.32340497546116,11.431714334066678
Unripe,0.0,0,0,0.9808043875685558,0.9752114319043453,0.9152471956792688,0.7138018628281118,38.40954972351444,30.097428245413848,21.127007811814273,10.366014219257439
Unripe,0.0012374323279195668,0,0,0.9241360691144709,0.9129332206255283,0.8137573004542504,0.8514928266770065,28.682050487842652,27.481802694749884,23.86557224717361,19.970574570233854
Unripe,0.01437442502299908,0,0,0.9638659120592077,0.895482728077945,0.9306384933394579,0.9989124524197933,26.799673316999183,26.344650565861627,25.399603313499007,21.456072803640183
Unripe,0.0014684287812041115,0,0,0.9211450175533351,0.9080618442849254,0.8251885864217776,0.8562450903377847,28.6609907120743,28.03405572755418,23.59907120743034,19.705882352941178
Unripe,0.0,0,0,0.9643744821872411,0.9759713701431493,0.9251655629139073,0.9142091152815014,34.490641520217174,27.946849549935703,21.574510644377767,15.987998285469352
Unripe,0.0,0,0,0.9646685192536721,0.980224478888295,0.9192124915139172,0.9506976744186046,36.307293168059964,26.967425771115593,21.230902277313348,15.494378783511099
Unripe,0.010805272227655907,0,0,0.9704245508029894,0.8881338212232096,0.9886184556119769,0.964,29.610621969019256,27.021046188615284,26.889213239794717,16.479118602570743
Unripe,0.010810307068636131,0,0,0.9689810350369656,0.9671256454388985,0.8900888346977879,0.9565972222222222,29.308964152809835,27.368222714211694,27.043195628621223,16.279617504357248
Unripe,0.009589041095890411,0,0,0.9124423963133641,0.854043392504931,0.9610486891385768,0.9538590604026845,30.013831258644537,26.296680497925312,23.08091286307054,20.60857538035961
Unripe,0.008045190003423484,0,0,0.9258414147176269,0.8503625576796309,0.9589858314690529,0.9577702702702703,30.250215703192406,26.17773943054357,23.140638481449525,20.431406384814498
Unripe,0.0,0,0,0.9280905752753978,0.9683689024390244,0.9115456238361266,0.9032992036405005,36.640879022311914,29.420338602982397,24.083417423477968,9.855364951227715
Unripe,0.0,0,0,0.9342928660826032,0.9695340501792115,0.8955650929899857,0.9095022624434389,35.64179770268763,31.114084978253597,23.38574774171964,9.858369577339133
Unripe,0.0,0,0,1.0,0.9917598587404356,0.8962395543175488,0.9033923303834809,32.14987158180994,25.668529989424382,21.69512010877776,20.486478319987913
Unripe,0.007391763463569166,0,0,0.9549932065217391,0.8828613460831188,0.6819852941176471,0.6393889798145117,31.319148936170212,28.925531914893615,20.25531914893617,19.5
Unripe,0.0,0,0,1.0,0.9988172678888232,0.8782006920415225,0.901932712956335,32.19147344801795,25.295437546746445,21.61555721765146,20.897531787584146
Unripe,0.030318050392399834,0,0,0.893674903649966,0.9021289178001183,0.8670886075949367,0.8880553952683208,37.57880388481854,28.81240415743738,18.84477764525473,14.764014312489351
Unripe,0.031953343190405784,0,0,0.8912943344081069,0.906929544795593,0.8690693430656934,0.8579356270810211,36.8434450572762,29.266016122189225,18.59991514637251,15.29062367416207
Unripe,0.0,0,0,0.8725714285714286,0.914906103286385,0.9441764300482426,0.9240321402483564,27.892891297417915,27.1597067261715,23.127191584316225,21.820210392094356
Unripe,0.0,0,0,0.9310548025928108,0.957909029192125,0.868421052631579,0.9566898685228151,28.728627052649397,24.936515997968513,24.445573048925002,21.889283900457084
Unripe,0.004956629491945477,0,0,0.9585976627712854,0.9173213617658063,0.9482837528604119,0.957375210319686,31.081361560813615,27.73972602739726,22.675383976753842,18.503528435035285
Unripe,0.007476635514018692,0,0,0.9507481296758105,0.9056987788331072,0.9352568613652358,0.988822652757079,27.461051189864747,25.235404896421848,24.328026022941277,22.975517890772128
Unripe,0.004478681476173415,0,0,0.9551928783382789,0.9669669669669669,0.9184643510054845,0.9702203692674211,30.32211624977506,29.962209825445385,24.60860176354148,15.107072161238078
Unripe,0.004420475643179206,0,0,0.9573487031700288,0.9332729468599034,0.9173522812266268,0.9307479224376731,30.8143148921055,29.41124234082231,23.745670899564868,16.028771867507327
Unripe,0.0,0,0,0.9388173848162656,0.9357890499194848,0.9896462467644521,0.7624190064794817,38.19464234824736,35.39469934454261,16.51467654602451,9.895981761185523
Unripe,0.00716396974099494,0,0,0.8672834314550042,0.9254490003388682,0.7090316573556797,0.6244897959183674,29.997981632859016,29.78100716520335,21.677263094156825,18.543748107780804
Unripe,0.0,0,0,0.9338983050847458,0.9581946755407654,0.9857800083647009,0.767277856135402,38.1273784734688,34.52286924678682,17.168090758957423,10.18166152078696
Unripe,0.006976038823172581,0,0,0.9601812112541727,0.9412615740740741,0.8677900194426442,0.8567796610169491,32.02504581551619,26.38973732437385,23.564447159437997,18.02076970067196
Unripe,0.006896551724137931,0,0,0.9572961863439141,0.9457142857142857,0.8272458045409674,0.8746569075937786,33.41727716727716,26.70940170940171,23.19139194139194,16.68192918192918
Unripe,0.0203177512985029,0,0,0.9410977242302544,0.9458186101295641,0.9442780107849011,0.7515527950310559,34.94464369249961,26.477467643848435,26.025261188211445,12.552627475440511
Unripe,0.019014298752662,0,0,0.9362677670793215,0.9461318051575931,0.9459619952494062,0.7711561382598331,33.81919677469375,27.058458675763685,26.11257559311521,13.009768956427353
Unripe,0.014170884191723727,0,0,0.9697999244998112,0.9308217669090108,0.9304608671938914,0.9525057320668195,31.998550462040225,27.414386664250774,22.1477320770671,18.439330796641904
Unripe,0.014559068219633943,0,0,0.9808692421991084,0.9199034010867377,0.9565217391304348,0.8367250354945575,32.46698426099017,29.964421395404933,24.826629680998614,12.741964662606284
Unripe,0.011073361016735875,0,0,0.9708428246013667,0.9807312252964426,0.9212678936605317,0.8628266033254157,27.929762056241252,25.75391271154091,24.888662679730245,21.427662552487593
Unripe,0.009428032683846637,0,0,0.9732426303854875,0.9278195488721804,0.9826086956521739,0.8620289855072464,27.982233502538072,25.317258883248734,24.809644670050762,21.890862944162436
Unripe,0.03430010420284821,0,0,0.9709406830437388,0.927037271004422,0.8964955175224124,0.8377253814147018,30.015286395108355,28.468662890027872,22.066360938764497,19.449689776099273
Unripe,0.0031868882312770315,0,0,0.955076052352317,0.9104602510460251,0.8564683663833805,0.9430780042164442,32.279059145923725,27.289335464717972,24.183603562457183,16.248001826901117
Unripe,0.03215636822194199,0,0,0.963673573804042,0.9013424914142991,0.8631805157593123,0.8842592592592593,31.832247557003257,26.083061889250814,22.736156351791532,19.348534201954397
Unripe,0.0,0,0,0.952177886079805,0.8760402978537013,0.8637236084452975,0.9280169371912491,36.208227638689756,25.179221352156173,22.984449101135986,15.628101908018088
Unripe,0.0,0,0,0.9803089972735535,0.8997722095671982,0.8971783835485414,0.9197278911564626,36.446947112730484,24.235398034669316,23.08711493872143,16.230539913878765
Unripe,0.0,0,0,0.970954356846473,0.9215160796324655,0.9290953545232273,0.9968736042876284,31.594718606611107,24.459219027998877,22.979679745294504,20.966382620095516
Unripe,0.0,0,0,0.9683409436834094,0.9646758922068464,0.9280366056572379,0.998240211174659,30.677997758685095,25.644378035113935,22.45050429585357,21.227119910347405
Unripe,0.0016378796902918405,0,0,0.972852912142152,0.9480825958702065,0.958984375,0.9765193370165746,30.216256524981354,25.279642058165546,22.9082774049217,21.595824011931395
Unripe,0.0014916467780429594,0,0,0.969785575048733,0.9447415329768271,0.9489194499017681,0.9755586592178771,30.654317299073796,25.14191813564386,22.81147296086047,21.39229160442187
Unripe,0.000551007556675063,0,0,0.9021215043394407,0.9723726977248104,0.9534436321662177,0.9441984056687334,32.66913444120658,29.0777348980074,20.469402220997086,17.783728439788927
Unripe,0.0,0,0,0.8858250753985352,0.8598797059478726,0.8884540117416829,0.7245033112582782,29.514242115971516,28.541454730417094,22.74287894201424,19.20142421159715
Unripe,0.00307447050785698,0,0,0.9682651622002821,0.9130434782608695,0.8063737324963786,0.9687083888149135,32.3929183323815,26.796116504854368,23.655054254711594,17.15591090805254
Unripe,0.005580613102973779,0,0,0.972463221425877,0.9402857142857143,0.7649034424853065,0.893640350877193,40.75953259532595,26.906519065190654,18.31180811808118,14.022140221402212
Unripe,0.0,0,0,0.8984888304862023,0.8475742215785662,0.9250279746363297,0.7583465818759937,27.665182223030083,25.10224484231573,24.366081977642462,22.866490957011724
Unripe,0.0,0,0,0.9048403029305235,0.8055657268399854,0.8827483196415236,0.7651331719128329,27.801171731966313,25.0,24.514829732698644,22.683998535335043
Unripe,0.0024319066147859923,0,0,0.9288655934107076,0.9095701540957015,0.9508386350491613,0.9103139013452914,32.557289127255,30.05850804485617,21.07508532423208,16.309117503656754
Unripe,0.003288271830471319,0,0,0.9351043643263757,0.9085828343313374,0.9497932663910219,0.9089563286454478,32.196969696969695,30.60850439882698,20.68670576735093,16.507820136852395
Unripe,0.0001162655505173817,0,0,0.8946047678795483,0.9151528577758086,0.9222011385199241,0.9883405639913232,27.802325581395348,26.24418604651163,24.511627906976745,21.44186046511628
Unripe,0.0005798446016467587,0,0,0.8953561672620298,0.9271345552078677,0.9315642458100558,0.992176962503372,27.610814574147135,25.957298677187286,24.924576467857975,21.507310280807612
Unripe,0.0029352611838886775,0,0,0.8377192982456141,0.7424053266749896,0.9192182410423453,0.8099240780911063,28.588562394373874,26.200730523905573,25.104944665539985,20.105762416180557
Unripe,0.004093296261970961,0,0,0.9660478749389351,0.8439306358381503,0.8657694962042788,0.8343612334801762,31.748739821636292,28.17371074059713,22.47382706475378,17.603722373012793
Unripe,0.0,0,0,0.9160268714011516,0.9353172651254305,0.7624550590652286,0.8926970735565516,26.179260096727592,25.538596821807673,24.45826267194272,23.823880409522012
Unripe,0.0032541490400260333,0,0,0.9458157736303432,0.9404388714733543,0.9005810200129115,0.906888720666162,27.113940581129615,26.036565458700622,25.2856676460986,21.56382631407117
Unripe,0.0,0,0,0.8990615701533532,0.9308510638297872,0.7579315513364976,0.8739517153748412,26.570577145289786,25.153560785744695,24.344705953901354,23.931156115064162
Unripe,0.0,0,0,0.9557069846678024,0.9618253620008775,0.9217013049782503,0.9770713913496613,27.254788160185722,26.453859547301217,24.016250725478816,22.27510156703424
Unripe,0.0,0,0,0.964456003467707,0.9738973897389739,0.890149561629706,0.9744483159117305,28.168498168498168,27.13064713064713,23.675213675213673,21.025641025641026
Unripe,0.005748699698877635,0,0,0.9762684124386252,0.9821508255243195,0.9823008849557522,0.9255928045789044,33.64537444933921,30.850770925110133,18.66740088105727,16.836453744493394
Unripe,0.005584309452465268,0,0,0.9773794280836534,0.9835212489158717,0.9570200573065902,0.9164012738853503,32.09149431584714,31.584714422681827,19.120668401588823,17.203122859882207
Unripe,0.0,0,0,0.976443328827959,0.9727807748896518,0.9996193376475067,0.8208219178082192,37.778101976803555,29.74688161062076,19.16259391640528,13.312422496170399
Unripe,0.0,0,0,0.9761053621825023,0.9565427329792371,0.9575091575091575,0.875182127246236,37.30871823669802,29.074828021900885,19.163273901446022,14.453179839955075
Unripe,0.0,0,0,0.9965738758029978,0.9531897265948633,0.8465753424657534,0.9545229856648542,41.33840842701602,21.36850491280871,19.385677613525715,17.90740904664955
Unripe,0.0,0,0,0.9928254906098333,0.943783340172343,0.9041970802919708,0.9590443686006825,41.501007093440755,21.341623609773187,19.196076714248182,17.961292582537876
Unripe,0.0006577615867233354,0,0,0.9378316906747536,0.9014605287483823,0.8677777777777778,0.48657861099275673,33.39071439420789,27.38595514151182,27.34038782846438,11.882942635815908
Unripe,0.0032541490400260333,0,0,0.9452554744525548,0.9443742098609356,0.8955512572533849,0.9036323202372127,26.83643486777669,25.824355207313094,25.31831537708129,22.020894547828927
Unripe,0.0006061524473405061,0,0,0.9148173673328739,0.889281507656066,0.8892215568862275,0.898797983714618,36.66919383371241,30.037907505686125,20.257771038665656,13.03512762193581
Unripe,0.0,0,0,0.9141263199840606,0.9249076733688962,0.8535135135135136,0.9124815361890695,30.789522115207657,29.90000613459297,22.69799398809889,16.612477762100486
Unripe,0.0,0,0,0.9242424242424242,0.9212007504690432,0.8498687664041995,0.9103756043138713,30.750367827366354,29.407797940166745,23.35703776360961,16.484796468857283
Unripe,0.00010535187526337969,0,0,0.9644792293798916,0.9338184338184338,0.9214372716199757,0.8714198659354052,35.001580444631756,30.407754714993153,17.300600568960068,17.290064271415027
Unripe,0.0,0,0,0.9675625579240037,0.9407045692361353,0.9207021791767555,0.8699878493317132,34.428844926611355,30.49351201871942,17.570729631993192,17.506913422676025
Unripe,0.0055780666210598325,0,0,0.9552192229677017,0.9394891122278057,0.9348633879781421,0.8536818616512591,33.915436312642214,25.273852992538497,24.21019209398317,16.60051860083611
Unripe,0.006043623976704576,0,0,0.9275385348800255,0.9355040701314965,0.9263953204971972,0.8591597796143251,34.7852523354154,26.48278149356033,22.679785528715936,16.05218064230833
Unripe,0.0,0,0,0.9486322188449848,0.8949187694434843,0.9046756071040232,0.7891491985203453,31.143506247633475,27.385460053010224,26.11700113593336,15.354032563422946
Unripe,0.0,0,0,0.9472407519708914,0.8811563169164882,0.903411131059246,0.862390350877193,30.79652628630124,26.164908021290508,26.00616304043328,17.032402651974973
Unripe,0.009198149976614873,0,0,0.9523521403721071,0.9197577592732779,0.9525459877366036,0.973391812865497,34.67428931081506,27.714255743207804,19.673764816951643,17.93769012902549
Unripe,0.02578284547311096,0,0,0.9445812807881774,0.943317230273752,0.9375,0.8214285714285714,35.46161236789239,27.12027251288322,19.56502751331994,17.853087605904445
Unripe,0.00944767441860465,0,0,0.9648271679805943,0.92054335690361,0.9493735617489133,0.9737582005623243,34.566607273870666,28.162666387171154,20.49575516193271,16.77497117702547
Unripe,0.008088761632068718,0,0,0.9753529016356711,0.9602746444335458,0.942507068803016,0.9934364744491326,32.20754853142816,29.429169372880132,22.970339900411343,15.392942195280362
Unripe,0.008153923181460554,0,0,0.9824200913242009,0.962605548854041,0.9392115558230515,0.9816740960871718,31.58577918800029,29.89110838681762,23.963366265234008,14.559746159948078
Unripe,0.024961282681971394,0,0,0.8990967741935484,0.930937279774489,0.9076517150395779,0.9096736596736597,36.20480239185275,26.515930113052416,21.246379519760815,16.032887975334017
Unripe,0.02591533708383289,0,0,0.9026969857218403,0.8921100917431193,0.902107111501317,0.9032076533483399,35.8076121946601,25.800037871615224,21.56788487028972,16.824465063434957
Unripe,0.0,0,0,0.9187596899224806,0.9432826362484157,0.8904421326397919,0.8135792778649922,26.863806747188672,26.289046230737195,25.62265722615577,21.224489795918366
Unripe,0.0,0,0,0.9540949400104329,0.9339419978517723,0.9646320593268682,0.9600694444444444,26.404958677685954,25.647382920110196,24.146005509641874,23.801652892561982
Unripe,0.00018480872297172427,0,0,0.9325842696629213,0.9845758354755784,0.9673566878980892,0.9508032128514057,29.611829944547136,28.761552680221815,23.216266173752313,18.410351201478743
Unripe,0.00018515089798185522,0,0,0.9366065879428216,0.9842829076620825,0.9647435897435898,0.9517716535433071,29.796296296296298,28.27777777777778,23.11111111111111,18.814814814814813
Unripe,0.000552944429084877,0,0,0.9271267102914932,0.8786244099797708,0.8964836033188464,0.7925478348439073,31.000461041954818,27.349008759797144,23.33794375288151,18.312586445366527
Unripe,0.026123213070115725,0,0,0.9290338645418327,0.946920721333787,0.853339153208206,0.9381537062301046,35.08955875928353,25.679335954565314,20.0174748798602,19.213630406290957
Unripe,0.0002767272391845771,0,0,0.9258365993367501,0.8775173324529548,0.8978943186332936,0.7924050632911392,30.60527772651781,27.947960878390848,23.22384203727625,18.222919357815094
Unripe,0.02207214626914841,0,0,0.9872043427685149,0.9266802443991853,0.9255236617532971,0.8087248322147651,43.43944753242378,24.810510358767054,21.711302004379316,10.038740104429847
Unripe,0.022364742641012993,0,0,0.9801943198804185,0.9265335235378032,0.9491392801251957,0.8081494057724957,45.012615643397815,23.582842724978974,21.497056349873844,9.907485281749368
Unripe,0.03590093160645308,0,0,0.9824435686134002,0.896875,0.8843398157625384,0.7874682472480948,32.889465001178415,30.167334433184067,23.026160735328776,13.917039830308745
Unripe,0.02990897269180754,0,0,0.9821360699353858,0.8677884615384616,0.93,0.7154772937905468,32.06190592249574,30.4167682183768,24.372410431391664,13.148915427735803
Unripe,0.0010366275051831375,0,0,0.9719975108898569,0.8493810178817056,0.995162404975812,0.9230769230769231,27.79315115876859,25.147007955724664,25.025942580422,22.033898305084744
Unripe,0.0015712290502793297,0,0,0.9733910891089109,0.8520055325034578,0.9944211994421199,0.8699918233851186,28.256688232208425,25.284140584018182,25.074313691204758,21.38485749256863
Unripe,0.0007600228006840206,0,0,0.9613457408732999,0.9244060475161987,0.8772694262890341,0.958029197080292,26.56398554858338,26.411865373645178,26.183685111237875,20.840463966533562
Unripe,0.0013417672992141077,0,0,0.959603118355776,0.9526977087952697,0.9634980988593156,0.9557913351016799,27.08253358925144,25.969289827255277,25.239923224568138,21.708253358925145
Unripe,0.03115932887599344,0,0,0.983284169124877,0.872191712431353,0.9908443540183113,0.9314251639833036,26.484375,26.080729166666668,25.598958333333332,21.8359375
Unripe,0.0,0,0,0.9400159957344708,0.9015496809480401,0.8641660597232338,0.8532110091743119,29.976824102932948,26.300647326780147,21.94517701590346,21.777351554383443
Unripe,0.02823197270909305,0,0,0.9849246231155779,0.9671052631578947,0.8896797153024911,0.9329867128827267,31.315821329136906,23.919622321752815,23.810676673526206,20.95387967558407
Unripe,0.04193481419970936,0,0,0.9438202247191011,0.8864610111396743,0.9337112952464021,0.7870597870597871,36.641386782231855,25.287107258938246,24.842903575297942,13.228602383531962
Unripe,0.04177031509121061,0,0,0.9644128113879004,0.8808458723058153,0.9478458049886621,0.8552522746071133,36.473769605192,26.598161168199024,23.850730124391564,13.077339102217413
Unripe,0.0,0,0,0.9949671772428884,0.9849498327759197,0.8880797240321963,0.7921291624621595,38.867154277938425,30.51539377445144,22.189147814254127,8.428304133356013
Unripe,0.0,0,0,0.9982390490865067,0.983393301965126,0.8845423471325484,0.7991803278688525,38.61453463663408,30.709732256693584,22.379940501487464,8.295792605184872
Unripe,0.03465003465003465,0,0,0.9742813918305597,0.9628681177976952,0.9577922077922078,1.0,35.588657573582196,28.033022254127783,27.63819095477387,8.740129217516152
Unripe,0.03579496090356212,0,0,0.9809322033898306,0.9994343891402715,0.9776315789473684,0.739946380697051,34.02414849522437,31.861596684087225,27.392322941070464,6.72193187961795
Unripe,0.05828796696076591,0,0,0.9070371851259497,0.9878520154610713,0.8121037463976946,0.7138047138047138,49.85547692614373,18.050433569221568,17.292933320043854,14.80115618459085
Unripe,0.06066783148903126,0,0,0.9138178096212897,0.987012987012987,0.8694052728387492,0.7733812949640287,50.48052082256898,18.301126382143227,16.854397023871034,14.363955771416762
Unripe,0.0,0,0,0.8925936048100573,0.8703024747937672,0.7305210918114144,0.7634628493524199,39.247023490292825,23.404483535342703,21.61321463048375,15.735278343880726
Unripe,0.0,0,0,0.9193294918805658,0.906163753449862,0.8631654162200786,0.8591012947448591,30.534229046705054,26.079654510556622,22.384836852207293,21.00127959053103
Unripe,0.0010252029047415634,0,0,0.9057065217391305,0.8803099885189437,0.7987152034261242,0.759799453053783,31.47182074745574,29.7956042076456,19.969212349268794,18.763362695629866
Unripe,0.001918362996909304,0,0,0.972744970798183,0.9529096477794793,0.8523908523908524,0.9267315397824842,32.909770421783236,27.89108382274426,20.544580886278695,18.654564869193806
Unripe,0.0018081259306530525,0,0,0.974476439790576,0.9556574923547401,0.849517031011693,0.9226804123711341,32.56259989344699,27.874267448055406,20.958977091102824,18.604155567394777
Unripe,0.0018081259306530525,0,0,0.974476439790576,0.9556574923547401,0.849517031011693,0.9226804123711341,32.56259989344699,27.874267448055406,20.958977091102824,18.604155567394777
Unripe,0.001918362996909304,0,0,0.972744970798183,0.9529096477794793,0.8523908523908524,0.9267315397824842,32.909770421783236,27.89108382274426,20.544580886278695,18.654564869193806
Unripe,0.022048217597362457,0,0,0.8911032028469751,0.9179357021996616,0.9021237303785781,0.95817843866171,29.603876949009695,24.905183312262956,22.81921618204804,22.67172355667931
Unripe,0.020829079027976313,0,0,0.917069799585349,0.873083475298126,0.8989071038251366,0.95817843866171,30.177267987486967,24.48383733055266,22.898852971845674,22.440041710114702
Unripe,0.013095636381016107,0,0,0.9314555519374796,0.8629450397511234,0.7629848038103878,0.7989332096474954,29.744781829628554,28.020727395999806,21.352123589520072,20.882367184851567
Unripe,0.013801996274893738,0,0,0.9320695102685624,0.8676160337552743,0.8439930855661193,0.7614885114885115,30.653753026634384,27.54479418886199,22.411622276029057,19.389830508474574
Unripe,0.0,0,0,0.9706806282722513,0.8853503184713376,0.8829449152542372,0.8283236994219653,33.003110240755674,25.319663633221978,21.748646469300773,19.928579656721578
Unripe,0.0,0,0,0.9685644428920712,0.8823260073260073,0.884517118037813,0.8561111111111112,32.51930940481599,24.806905951840072,22.228532485233984,20.445252158109952
Unripe,0.02875333744095297,0,0,0.9838167938931298,0.9598591549295775,0.9724480578139115,0.8370239149689991,34.62677098752379,30.02748995559315,23.408754493550433,11.936984563332627
Unripe,0.02902292914687048,0,0,0.98562949078413,0.959050240880936,0.9359031824294038,0.8946378174976481,34.04956919476652,30.91160514838847,23.731517923625145,11.30730773321987
Unripe,0.0,0,0,0.981604609929078,0.8904216553878188,0.9287949921752738,0.8613803230543319,28.93606105303662,24.639261206951836,24.587956134162766,21.836721605848776
Unripe,0.0,0,0,0.9824485373781149,0.9204776422764228,0.8905433646812957,0.8566004672897196,29.203315826108966,24.906663291780042,24.223248750237296,21.666772131873696
Unripe,0.00027114967462039046,0,0,0.9244516653127539,0.9113149847094801,0.9551351351351351,0.8045454545454546,33.387577976674805,26.606997558991054,25.08814754542989,14.917276918904257
Unripe,0.0005429618569295507,0,0,0.9674568099638409,0.9008620689655172,0.8853754940711462,0.8236453201970443,33.80415591470868,28.35800624745348,24.052695911992394,13.785141925845442
Unripe,0.0,0,0,0.8883774453394706,0.9592476489028213,0.8868613138686131,0.8661764705882353,28.66567705756226,26.307108692066635,22.59607455055253,22.431139699818573
Unripe,0.0,0,0,0.90759270158917,0.9480946123521682,0.8760456273764259,0.8980544747081712,29.187424841092596,26.146710187253046,22.59062016835595,22.075244803298403
Unripe,0.0006467608062951385,0,0,0.9077970297029703,0.9861394211169996,0.959915611814346,0.7845394736842105,34.86139575018876,26.45885017797433,25.56358537374609,13.11616869809082
Unripe,0.0005397236614853195,0,0,0.906046511627907,0.9861276258422513,0.9633304572907679,0.7904442581726739,34.83097526730749,27.249162976563348,25.03510098282752,12.88476077330165
Unripe,0.001829171305869254,0,0,0.8300384404173531,0.9167140420693576,0.8853868194842407,0.7342222222222222,29.017608158712456,28.029639072583855,25.02589435104772,17.926858417655964
Unripe,0.003058350100603622,0,0,0.823271130625686,0.9252309468822171,0.869537067011978,0.8004566210045662,29.417938160975215,27.96480180834746,24.93743440703964,17.679825623637687
Unripe,0.004517493271818531,0,0,0.9558133112399889,0.9205020920502092,0.9155165202843998,0.9766899766899767,34.96186154291783,25.38379839721927,23.085835666698852,16.568504393164044
Unripe,0.006000750093761721,0,0,0.9163879598662207,0.9281164695177434,0.9827213822894169,0.9980119284294234,30.084266130046533,27.644321468997614,23.292667588982518,18.978744811973336
Unripe,0.002489785495403473,0,0,0.9767209368751785,0.8966323666978484,0.9964447317388494,0.7685554668794893,44.8128,27.366400000000002,19.8016,8.0192
Unripe,0.0026813074565883556,0,0,0.9751271905031091,0.9683247301736274,0.9964401294498382,0.7864321608040201,45.29509665855844,27.282038151325054,19.779797721162463,7.6430674689540385
Unripe,0.006389776357827476,0,0,0.8916155419222904,0.7625201938610663,0.8271827182718272,0.8747454175152749,36.996406279553625,23.415925855872896,21.013807452241345,18.573860412332134
Unripe,0.007048785012057132,0,0,0.9010763710917479,0.7748987854251013,0.7606007067137809,0.8618357487922705,36.44685223239305,23.071175042032504,21.1470203624136,19.334952363160845
Unripe,0.07337959545253211,0,0,0.980859208847299,0.9491413474240423,0.9801369863013699,0.982124079915878,37.46016571064372,24.123645634161885,23.263224984066284,15.152963671128106
Unripe,0.0018557466287269578,0,0,0.9778028592927013,0.9613379669852302,0.9181315921647414,0.8728737690241719,32.94496777392167,28.53247397124442,24.677739216658402,13.844819038175507
Unripe,0.07077931753836984,0,0,0.9793014230271668,0.9485148514851485,0.9817671809256662,0.9815573770491803,37.18729955099423,24.294419499679282,22.867222578576012,15.651058370750482
Unripe,0.0,0,0,0.9408432976714916,0.9378029079159935,0.9188948306595366,0.9473684210526315,32.94629898403483,25.66867095168982,23.263528923906282,18.121501140369066
Unripe,0.0,0,0,0.9496494582536648,0.9731318219983207,0.9207207207207208,0.9484173505275498,33.2204107558755,25.21702307855177,23.502011433410967,18.060554732161762
Unripe,0.0,0,0,0.9793315743183817,0.9293119698397738,0.9422930903568717,0.9565217391304348,36.70109748224661,34.247901872175596,21.255648805681084,7.795351839896708
Unripe,0.0,0,0,0.9149048625792812,0.966986155484558,0.9497872340425532,0.9666666666666667,35.06950880444856,34.81000926784059,21.779425393883226,8.341056533827619
Unripe,0.0,0,0,0.974719908072393,0.9310686015831134,0.9662522202486679,0.8765493306891423,30.683120317320405,26.725429704715737,24.812692816218597,17.77875716174526
Unripe,0.0,0,0,0.9774561647648204,0.9381409196162752,0.9657610718273167,0.8673170731707317,31.648022549105963,26.627323174491323,23.66775301682375,18.056901259578968
Unripe,0.059092030594621266,0,0,0.9495569188820723,0.9374420759962928,0.9342298288508557,0.8998774008990601,28.85144880031467,28.29421791005638,26.812639307722563,16.041693981906384
Unripe,0.05962848297213622,0,0,0.9480043149946062,0.9506499759268175,0.8989457444073027,0.9262654444001595,30.51952327648647,27.3523408178047,25.607427405017447,16.52070850069138
Unripe,7.861017215627702e-05,0,0,0.9576292559899118,0.9140647378974506,0.9163795803319762,0.9048768710767745,31.171383647798738,27.44496855345912,25.102201257861633,16.281446540880502
Unripe,0.0,0,0,0.8879310344827587,0.8536530703720305,0.8831454495463293,0.7221319467013325,29.337379868487606,28.211937278705108,22.995700556398585,19.454982296408698
Unripe,0.002220303441470334,0,0,0.9784398275186201,0.9565950273914876,0.9575848303393214,0.8372093023255814,31.53665471628137,29.33613549264433,24.77438496723946,14.352824823834837
Unripe,0.0,0,0,0.9677012364370426,0.9159239453357101,0.9238594327990136,0.9288557213930348,31.49487403639831,26.750377493443533,25.780815385838036,15.973933084320112
Unripe,0.0,0,0,0.9677012364370426,0.9159239453357101,0.9238594327990136,0.9288557213930348,31.49487403639831,26.750377493443533,25.780815385838036,15.973933084320112
Unripe,7.861017215627702e-05,0,0,0.9576292559899118,0.9140647378974506,0.9163795803319762,0.9048768710767745,31.171383647798738,27.44496855345912,25.102201257861633,16.281446540880502
Unripe,0.0,0,0,0.9915343915343915,0.863659793814433,0.8287756370416408,0.9277551020408163,33.10446297204512,27.184193932600014,22.54606599873888,17.165277096615988
Unripe,0.0,0,0,0.9922972360670593,0.9097203728362184,0.7584931046081399,0.930907415937356,33.15556223240442,28.20551340794712,22.331555622324046,16.30736873732442
Unripe,0.0,0,0,0.9922972360670593,0.9097203728362184,0.7584931046081399,0.930907415937356,33.15556223240442,28.20551340794712,22.331555622324046,16.30736873732442
Unripe,0.0,0,0,0.9915343915343915,0.863659793814433,0.8287756370416408,0.9277551020408163,33.10446297204512,27.184193932600014,22.54606599873888,17.165277096615988
Unripe,0.0,0,0,0.9778607628700987,0.9399563318777293,0.9602344077019673,0.8788016341352701,31.228654727197004,30.520616409829238,19.900041649312787,18.350687213660972
Unripe,7.933989209774674e-05,0,0,0.9671317096240246,0.946684350132626,0.946763202725724,0.8847517730496454,33.55550265809728,29.913512655716897,18.63048480520511,17.900499880980718
Unripe,0.0,0,0,0.9777834525025536,0.9414556962025317,0.9745967741935484,0.8705501618122977,37.40567389435476,24.147483045181012,23.688986531664916,14.757856528799312
Unripe,0.0,0,0,0.9418206707734429,0.9001386962552012,0.9249592169657422,0.75,28.98234477286253,28.605435429478277,24.320571315215236,18.091648482443958
Unripe,0.0,0,0,0.9755023396641894,0.9270693512304251,0.96415770609319,0.9515972894482091,41.03230178450418,25.24282810029365,22.057826970860628,11.667043144341541
Unripe,0.000977299986673182,0,0,0.9742173112338858,0.9110475870186648,0.9231611208406305,0.9492223238792314,33.803192671972965,26.444039308106188,20.312152607941663,19.440615411979188
Unripe,0.0007896596151448402,0,0,0.9855392156862746,0.9113846153846153,0.8603295819935691,0.970494779845665,33.940603943099575,27.036020297812165,20.69711338490974,18.32626237417852
Unripe,0.01738672286617492,0,0,0.9217107647698441,0.7682173734046933,0.8805768364127986,0.7909280500521376,29.587131367292223,26.048257372654156,23.796246648793566,20.568364611260055
Unripe,0.017098499947550614,0,0,0.9072280178837556,0.7705185790118416,0.8898678414096917,0.7981698017285206,28.64461045891142,26.13660618996798,24.226254002134475,20.992529348986125
Unripe,0.0,0,0,0.953794527620031,0.9692121943857531,0.9211783439490446,0.8016129032258065,42.74522784949796,36.55522453933576,13.858545735407702,6.841001875758579
Unripe,0.0,0,0,0.940230501206111,0.966288691388293,0.9323158593231586,0.7787307032590052,41.07221488331131,35.92029942756495,16.58960810215764,6.417877586966095
Unripe,0.0,0,0,0.9534522885958107,0.9922246220302375,0.9467532467532468,0.8695903058280439,28.849597135183526,25.906445837063565,25.850492390331244,19.393464637421665
Unripe,0.0,0,0,0.9666666666666667,0.9879668049792532,0.9114249037227214,0.8805803571428571,27.093321440517336,26.870331140595383,26.056416545880257,19.979930873007024
Unripe,0.004345645996991476,0,0,0.8816276202219482,0.8836436170212766,0.8626373626373627,0.9083636363636364,27.228470706731578,25.24760785630351,24.44183313748531,23.082088299479604
Unripe,0.0,0,0,0.8922155688622755,0.9465387251542152,0.9214574898785425,0.7328843995510662,29.54009433962264,28.675314465408807,24.272798742138367,17.51179245283019
Unripe,0.0035495321071313327,0,0,0.8938547486033519,0.878334417696812,0.8520055325034578,0.9002138275124733,28.983160621761655,24.886658031088082,23.41321243523316,22.7169689119171
Unripe,0.01411596533547753,0,0,0.9013526888815573,0.8203470568220483,0.7140179910044977,0.8560700876095119,27.467149977344814,26.633439057544177,24.177616674218395,21.721794290892614
Unripe,0.013237384506041222,0,0,0.8821829855537721,0.8257418909592823,0.713276310896244,0.8573804573804574,28.04537678941208,26.09165391194742,24.209957684343205,21.65301161429729
Unripe,0.017714234331445013,0,0,0.8908984830805134,0.7546770208259795,0.8597904915390814,0.8661164603392939,31.380446722812156,25.933723910655438,22.720615159282314,19.965214207250092
Unripe,0.018712309329549485,0,0,0.8969732246798603,0.7540106951871658,0.8718762395874653,0.8788536691272254,31.05286940804338,25.35020334387709,22.783551739719837,20.813375508359695
Unripe,0.014240743516714135,0,0,0.9374369323915237,0.8557471264367816,0.9193548387096774,0.885593220338983,30.13990267639903,26.459854014598537,25.456204379562042,17.94403892944039
Unripe,0.013739545997610514,0,0,0.9616151545363908,0.8124649073554183,0.9181034482758621,0.8809723386420788,30.375529981829196,26.968503937007878,24.591156874621444,18.06480920654149
Unripe,0.030153084892531313,0,0,0.8923976608187134,0.8746928746928747,0.8087572440437862,0.8421433743664012,27.2640306122449,25.956632653061224,24.76084183673469,22.018494897959183
Unripe,0.028425241614553724,0,0,0.9075882794891059,0.8706766917293233,0.8638163103721298,0.8179551122194514,25.96060074117418,25.941096157597038,24.634289057928612,23.464014043300175
Unripe,0.07315816589386914,0,0,0.9068598462448255,0.8761198640716713,0.9279561472200469,0.8679827267119062,31.332221604595144,29.98888271261812,23.661293311098756,15.017602371687975
Unripe,0.00549278091650973,0,0,0.9101176470588235,0.8342036553524804,0.9060232220609579,0.82642089093702,33.53321761085687,24.175477355215403,21.74530534953448,20.545999684393244
Unripe,0.0737963357477631,0,0,0.8800236406619385,0.931437125748503,0.9230769230769231,0.8292682926829268,31.13441898978747,30.729597939092834,23.80163768515963,14.33434538596007
Unripe,0.0,0,0,0.9972109533468559,0.9964130156290033,0.9632730218741561,0.9422164726175075,28.437522532266208,28.141899199653903,26.69983416252073,16.72074410555916
Unripe,0.0,0,0,0.9974779319041615,0.9941010515516799,0.9653355518580145,0.9457364341085271,28.74854988399072,28.270011600928076,26.145591647331784,16.83584686774942
Unripe,0.0,0,0,0.9768071124855044,0.9778156996587031,0.8334494773519163,0.9401436552274541,33.954587216170104,30.765192282451764,18.834492715579472,16.44572778579866
Unripe,0.0,0,0,0.9729626808834729,0.978095663835494,0.8894806924101198,0.9385474860335196,34.470989761092156,29.364662641113153,19.716461013389342,16.447886584405357
Unripe,0.0,0,0,0.9729626808834729,0.978095663835494,0.8894806924101198,0.9385474860335196,34.470989761092156,29.364662641113153,19.716461013389342,16.447886584405357
Unripe,0.0,0,0,0.9768071124855044,0.9778156996587031,0.8334494773519163,0.9401436552274541,33.954587216170104,30.765192282451764,18.834492715579472,16.44572778579866
Unripe,0.007910529187124931,0,0,0.9460877862595419,0.9899025069637883,0.8700312639571237,0.9769900497512438,38.41994317661076,26.322060306113098,20.520575565942625,14.737420951333515
Unripe,0.008607411434266557,0,0,0.959618208516887,0.9908094733121244,0.877147766323024,0.9640965273690406,37.34235057576312,25.854505574849206,21.27581794918662,15.527325900201062
Unripe,0.0012343393198790348,0,0,0.9369268619995527,0.9064039408866995,0.8637037037037038,0.8107008760951189,27.627757523326945,27.596860903417163,25.026262126923314,19.74911944633257
Unripe,0.005653266331658292,0,0,0.9045532018504991,0.8111287758346581,0.8180494905385735,0.9136636636636637,32.430511686670876,24.83417561591914,21.69930511686671,21.036007580543274
Unripe,0.0013426914861153494,0,0,0.9307485432541461,0.8944394213381555,0.851555136663525,0.8354469532941541,27.268838232597936,27.0366069791603,25.936564199718877,19.757990588522887
Unripe,0.0,0,0,0.8738684369342185,0.9166380789022298,0.870201096892139,0.8370905997447895,29.288555015466194,25.762262483429076,24.1714538223597,20.777728678745028
Unripe,0.0,0,0,0.8734958346189448,0.8971466489714665,0.8526430123099203,0.8609102509570395,28.509852216748772,26.51301900070373,24.296270232230825,20.680858550316678
Unripe,0.0,0,0,0.9701333333333333,0.9917035398230089,0.9464684014869889,0.9205816554809844,31.66160081053698,30.530226274907125,22.71192164809186,15.096251266464034
Unripe,0.0,0,0,1.0,0.9921875,0.9408602150537635,0.9697950377562028,32.04326516815954,30.285617711678213,22.004394118641205,15.66672300152104
Unripe,0.0033234013293605316,0,0,0.9653712966525587,0.9206560283687943,0.9198044009779951,0.9549248747913188,29.88386800045993,25.939979303208005,23.513855352420375,20.662297343911693
Unripe,0.003094201237680495,0,0,0.9617809298660362,0.9189655172413793,0.9208066896212493,0.952433628318584,29.17576732957811,26.66973215312105,23.370502356592713,20.78399816070813
Unripe,0.006339144215530904,0,0,0.8438481991781485,0.9214431934493347,0.9316213795162736,0.2844677137870855,32.99043062200957,31.16427432216906,26.70653907496013,9.138755980861243
Unripe,0.007413271915934936,0,0,0.7624972713381358,0.8913995849665668,0.9026397956287255,0.25851851851851854,33.2173156406352,31.44804582698861,25.54564571097092,9.788992821405264
Unripe,0.0021307764016513515,0,0,0.8355196770938446,0.8874809934110491,0.8868613138686131,0.9253086419753086,26.451354597624448,26.33124249299346,25.597224075804082,21.620178833578006
Unripe,0.012441937624419376,0,0,0.9865266494947493,0.862379206931023,0.9530495831505046,0.9322355921469284,42.39039139929447,25.205778599025702,19.141609272635645,13.26222072904418
Unripe,0.00279467368074963,0,0,0.8925946862634256,0.9148681055155875,0.8616223585548739,0.9345955249569707,29.162545334652158,27.497527200791293,24.183976261127597,19.15595120342895
Unripe,0.01515852811849109,0,0,0.9602205592753053,0.9755884917175239,0.9345088161209067,0.8027170702894271,29.831982140759017,26.953354482434495,23.32275878275173,19.89190459405475
Unripe,0.015253842571029344,0,0,0.9555140186915888,0.9457155675190668,0.9448275862068966,0.85431654676259,31.630601868274805,26.356864136218515,22.28922785857869,19.72330613692799
Unripe,0.0031472199557057933,0,0,0.8943518894758228,0.7760036496350365,0.7975167144221585,0.8659279778393352,28.776894293732457,25.63143124415341,24.485500467726848,21.106173994387277
Unripe,0.002913752913752914,0,0,0.9076612903225807,0.8625056535504296,0.7889423076923077,0.859304932735426,28.988895382817066,25.844535359438925,24.313267095265925,20.853302162478084
Unripe,0.0,0,0,0.9129232895646164,0.8779637377963738,0.7703125,0.8479485116653258,26.776461880088824,26.535899333826794,23.686158401184308,23.001480384900074
Unripe,0.0,0,0,0.8790513833992095,0.9187250996015937,0.8743315508021391,0.8859245630174793,26.749841404102348,26.53838020723197,23.725946288855994,22.985832099809684
Unripe,0.002986411826190832,0,0,0.9689894849402958,0.937448896156991,0.8888888888888888,0.6994011976047905,42.0173730717388,36.633218511307476,15.096600269582147,6.252808147371574
Unripe,0.0,0,0,0.9877962504421648,0.9446525176862256,0.9041887337506018,0.827247191011236,40.49853162380918,34.4244681613065,14.877157796719434,10.199842418164888
Unripe,0.007064980375054514,0,0,0.969583604424203,0.9002732240437158,0.9016042780748663,0.9316239316239316,54.00562192550949,19.290231904427266,16.426563598032327,10.277582572030921
Unripe,0.011382995199008828,0,0,0.897459584295612,0.9575584167858846,0.8158744808491002,0.9238921001926782,33.915563562309075,32.85031722409337,16.97344716848124,16.260672045116316
Unripe,0.006865982965409352,0,0,0.967543005517689,0.8982009653356735,0.9070631970260223,0.9220308250226654,53.92491467576792,19.943992298941104,16.47851579592194,9.652577229369038
Unripe,0.008588498879761016,0,0,0.8978380669775329,0.8649885583524027,0.8963730569948186,0.7350771294433266,29.617074701820467,27.432517263025737,24.231010671688637,18.71939736346516
Unripe,0.0022953328232593728,0,0,0.9035424669227486,0.7987072945521699,0.8741854636591478,0.7651515151515151,29.94631901840491,27.6840490797546,25.49846625766871,16.87116564417178
Unripe,0.14761447326288824,0,0,0.9829545454545454,0.9374138406396471,0.8228571428571428,0.8994833255049319,38.34710743801653,27.250187828700223,18.407212622088657,15.99549211119459
Unripe,0.15141430948419302,0,0,0.9818580542264753,0.9349862258953168,0.8128772635814889,0.8976045091592297,37.828054298642535,27.37556561085973,18.74057315233786,16.05580693815988
Unripe,0.0,0,0,0.9589803691766774,0.920866590649943,0.9470198675496688,0.8412926391382406,38.087267046088606,24.467135364356658,21.906037272625824,15.539560316928913
Unripe,0.0,0,0,0.9569038843209526,0.9281381241250584,0.960503998061546,0.841931216931217,38.14828835649776,23.178843761830077,22.31896598345141,16.35390189822076
Unripe,0.012050426399703374,0,0,0.99373795761079,0.9278055754110078,0.941233140655106,0.9424019607843137,38.95665227997748,26.25258022142991,19.47832613998874,15.312441358603865
Unripe,0.007249242124686964,0,0,0.8549676437000381,0.9417437512300728,0.7353119321623258,0.6173791170287316,34.87785448751992,33.72942113648433,21.919808815719595,9.472915560276155
Unripe,0.012456493863344935,0,0,0.9937709631049353,0.9043600562587905,0.9337626494940202,0.949685534591195,38.712669263587465,26.37729549248748,20.16323502133185,14.746800222593212
Unripe,0.004,0,0,0.9535527529990772,0.8332307692307692,0.9436980166346769,0.9214836223506744,27.779201914039138,27.77065709647099,26.71109971802102,17.739041271468853
Unripe,0.0033436213991769547,0,0,0.8386202648598706,0.9747191011235955,0.9431204321576104,0.9190922545633942,27.931182795698923,27.561290322580646,27.070967741935487,17.436559139784947
Unripe,0.07558997050147492,0,0,0.8717888286589677,0.8678551216751557,0.8732876712328768,0.9431924882629108,33.84922217790187,28.193059433585958,20.965297167929798,16.99242122058237
Unripe,0.03927135083983913,0,0,0.8649109973177274,0.910868957809444,0.888201160541586,0.9285714285714286,33.66165968973159,29.377000738734303,21.218090782237546,15.74324878929656
Unripe,0.05021097046413502,0,0,0.8463819691577699,0.8316486580690136,0.8446955887714181,0.7855570233377367,29.960017769880054,25.49089293647268,24.371390493114173,20.177698800533097
Unripe,0.048670722560213354,0,0,0.8737433471318746,0.856655290102389,0.8305755395683453,0.7830391734825657,29.627682873412176,25.66798072711345,24.353920280332893,20.35041611914148
Unripe,0.0,0,0,0.8733997155049786,0.9155868196964088,0.9414838035527691,0.8309859154929577,33.965454765068245,32.62471312960503,23.118734146636065,10.291097958690663
Unripe,0.0,0,0,0.8942512420156139,0.9123257520176082,0.9393153526970954,0.8241758241758241,34.36585365853659,33.24390243902439,23.51219512195122,8.878048780487804
Unripe,0.009078269403778523,0,0,0.9765118317265556,0.9835644581407293,0.9648275862068966,0.8584817244611059,47.08649719379333,32.13931990756025,11.96764608781776,8.806536810828657
Unripe,0.030602055800293685,0,0,0.9382012139047269,0.8129005581972297,0.7088195386702849,0.5925343811394892,32.94352884149297,29.30804653417353,22.327920504120215,15.420504120213282
Unripe,0.010493523528447287,0,0,0.9704756697648989,0.9827240861291938,0.9589422407794015,0.8767361111111112,45.45981772990886,33.090306545153275,11.905550952775476,9.544324772162387
Unripe,0.0,0,0,0.9984567901234568,0.9691928527418361,0.9648093841642229,0.9090909090909091,36.874051593323216,30.78528072837633,19.404400606980275,12.93626707132018
Unripe,0.0,0,0,0.9984366857738406,0.9706066291432145,0.9773844641101278,0.9045584045584045,36.643116287951116,30.532747756349053,19.419514989497806,13.404620966202025
Unripe,0.0,0,0,0.9973791496796739,0.9863013698630136,0.9567474048442907,0.9576719576719577,49.48839890474132,28.404669260700388,16.65946101743767,5.447470817120623
Unripe,0.0,0,0,0.9923529411764705,0.9792638672887507,0.9425478767693589,0.9390862944162437,49.104563835932986,27.859618717504333,17.345465049104565,5.690352397458117
Unripe,0.0,0,0,0.9407432206226983,0.9605747973470892,0.8756169792694966,0.8808139534883721,31.61850322853816,28.728696940827774,21.44596168095692,18.206838149677147
Unripe,0.0,0,0,0.9457417582417582,0.9593525179856115,0.8732876712328768,0.8805361305361306,30.808294540837917,29.411764705882355,21.625052898857387,18.154887854422345
Unripe,0.0,0,0,0.9411764705882353,0.9564085881587508,0.9949031600407747,0.9284253578732107,39.273927392739274,26.697932951189856,17.040125065138092,16.988014590932778
Unripe,0.0,0,0,0.9220018034265104,0.9686390532544379,0.990521327014218,0.8731527093596059,38.40692640692641,29.264069264069263,18.26839826839827,14.060606060606059
Unripe,0.0,0,0,0.9761602840476794,0.9984447900466563,0.9872734284612418,0.9670079635949943,37.0931326434619,30.244590780809034,24.393226716839134,8.269049858889934
Unripe,0.025884695447551814,0,0,0.9207873259721555,0.9083638787070977,0.9610143830431491,0.8144654088050315,38.70668029359844,27.882560624361236,24.547059370064108,8.863699711976215
Unripe,0.0,0,0,0.9769754055468342,0.9993767528825179,0.9839026305457401,0.9572649572649573,36.35153129161118,30.52120981548412,24.224843066387674,8.902415826517025
Unripe,0.0,0,0,0.9993676889029403,0.9848849192717279,0.9568796550372403,0.9995913363302003,28.56755780346821,26.291546242774565,23.040101156069365,22.10079479768786
Unripe,0.0,0,0,0.9979416809605489,0.9768583450210379,0.957037037037037,0.9992214869599065,26.41355563610004,25.842696629213485,24.465386009423703,23.278361725262776
Unripe,0.000303789777473988,0,0,0.9745108135942327,0.9635076252723311,0.9555811941159504,0.9364485981308411,29.50695130289448,27.89637620603206,26.338980475575475,16.257692015497987
Unripe,0.0002275485436893204,0,0,0.9746966176090885,0.9687924016282226,0.9529681674792085,0.9316479400749064,29.38320309536454,27.956907670131248,26.454745466960016,16.205143767544193
Unripe,0.0,0,0,0.9618055555555556,0.9053583855254002,0.941505376344086,0.957164711881693,30.67389620449264,27.82726568551511,22.51161890007746,18.987219209914795
Unripe,0.0,0,0,0.9568590937306021,0.9253893516841724,0.9733676975945017,0.9636363636363636,31.30891069866874,26.82926829268293,22.621708288796036,19.2401127198523
Unripe,0.0039154906599233215,0,0,0.9330249396621078,0.8755980861244019,0.8965791567223548,0.9651394422310757,40.71738596347556,22.250429940217835,20.58799443125051,16.444189665056097
Unripe,0.004655341391702058,0,0,0.9361787799476545,0.8800444279896334,0.9059689288634505,0.9686444766039556,40.75654385820957,22.16296053171412,20.070566997620414,17.009928612455898
Unripe,0.01157556270096463,0,0,0.9805213405900888,0.9222536984576645,0.9226679555340744,0.9085064292779427,32.44725346221768,29.528766613997583,19.230411748303748,18.793568175480992
Unripe,0.0,0,0,0.962561041779707,0.9627097576134245,0.9164118246687054,0.8070776255707762,34.7146355245809,30.307025805236393,18.478056131098135,16.500282539084573
Unripe,0.02559366754617414,0,0,0.9124546553808948,0.9050243111831442,0.9586837294332724,0.7259786476868327,37.32286307428468,27.845473418178535,24.686343532809822,10.145319974726961
Unripe,0.009744438315866888,0,0,0.9829846582984658,0.9420721615359152,0.9319695528068506,0.9103682170542635,33.28072781284813,28.044931303379133,19.513553657630894,19.16078722614185
Unripe,0.0001751006828926633,0,0,0.8841077085533263,0.899772948426857,0.81998556998557,0.8114800225098481,33.169877408056045,26.996497373029772,24.273204903677758,15.560420315236428
Unripe,0.0001738374619730552,0,0,0.9373891001267427,0.9083358053989914,0.8182163187855788,0.7686855670103093,34.295401199687035,29.30539859167174,22.907067721463967,13.492132487177258
Unripe,0.015958642391548664,0,0,0.9797272392185772,0.9676814988290399,0.9961649089165868,0.8468715697036224,30.98446779351302,24.383280036546367,23.82366377341252,20.808588396528094
Unripe,0.015997315135921245,0,0,0.9819072747832642,0.9663236669784846,0.9900521080056846,0.8558606124604012,30.161437016825833,24.30650295588904,23.999545247839926,21.532514779445204
Unripe,0.015997315135921245,0,0,0.9819072747832642,0.9663236669784846,0.9900521080056846,0.8558606124604012,30.161437016825833,24.30650295588904,23.999545247839926,21.532514779445204
Unripe,0.015958642391548664,0,0,0.9797272392185772,0.9676814988290399,0.9961649089165868,0.8468715697036224,30.98446779351302,24.383280036546367,23.82366377341252,20.808588396528094
Unripe,0.021793213255050254,0,0,0.8407785577536694,0.8399668325041459,0.8887963348604748,0.9033457249070632,31.88199389623601,24.537131230925738,24.42522889114954,19.155645981688707
Unripe,0.02028437903947499,0,0,0.8323736404350608,0.8753541076487252,0.9317134478424801,0.8838951310861424,31.726377752968638,25.07865624682838,24.226124023140162,18.968841977062823
Unripe,0.0,0,0,0.9927240461401952,0.9170408886787993,0.9191338930623066,0.6,42.82240291815487,32.15289915647085,17.19735542214454,7.827342503229728
Unripe,0.01045144433154304,0,0,0.8364765409383624,0.9242995689655172,0.9476682093271627,0.8285714285714286,31.890861082587644,27.2260525157694,20.602904503447263,20.280181898195686
Unripe,0.0,0,0,0.991907514450867,0.9064440162706059,0.8848622121555304,0.7003567181926278,38.873492622275485,34.98614336004794,19.841210396225,6.299153621451577
Unripe,0.0,0,0,0.991907514450867,0.9064440162706059,0.8848622121555304,0.7003567181926278,38.873492622275485,34.98614336004794,19.841210396225,6.299153621451577
Unripe,0.0,0,0,0.9927240461401952,0.9170408886787993,0.9191338930623066,0.6,42.82240291815487,32.15289915647085,17.19735542214454,7.827342503229728
Unripe,0.008795324292118255,0,0,0.9464902186421174,0.959451281016744,0.9984667279975468,0.9621409921671018,39.79848866498741,28.37760476299519,18.668422257842913,13.15548431417449
Unripe,0.008450865071661052,0,0,0.9479953515398024,0.9565390749601276,1.0,0.886353852776582,39.64295997696516,28.885689605528363,18.09386697379787,13.37748344370861
Unripe,0.008450865071661052,0,0,0.9479953515398024,0.9565390749601276,1.0,0.886353852776582,39.64295997696516,28.885689605528363,18.09386697379787,13.37748344370861
Unripe,0.008795324292118255,0,0,0.9464902186421174,0.959451281016744,0.9984667279975468,0.9621409921671018,39.79848866498741,28.37760476299519,18.668422257842913,13.15548431417449
Unripe,0.0160481444332999,0,0,0.9368697939500219,0.9574850299401197,0.9154929577464789,0.9010526315789473,33.216834134265326,24.31920780544634,21.712538226299692,20.751419833988642
Unripe,0.015464642204414453,0,0,0.9430094300943009,0.9182177100958827,0.9447268106734434,0.9046836483155299,34.827930886762815,25.31772097672426,22.47608167928031,17.378266457232613
Unripe,0.0022895520109898495,0,0,0.9050337311883757,0.9114445425125037,0.9127447612504294,0.9243726366448951,29.48060888854892,26.000152987072596,22.267268415818865,22.251969708559628
Unripe,0.011298523121620531,0,0,0.8999761279541657,0.9439537008833384,0.8596300326441785,0.8427299703264095,34.193127091665986,26.797812423475637,22.504285364460046,16.504775120398335
Unripe,0.0018973998594518622,0,0,0.9324065196548418,0.9368788611334945,0.9400621118012422,0.9187176165803109,29.374075899457864,26.212771949588117,22.671266633809758,21.741885517144265
Unripe,0.004011182691138933,0,0,0.9538030797946804,0.9101654846335697,0.9009661835748792,0.9448017148981779,26.153282889919456,25.811569441054434,25.262387112521356,22.77276055650476
Unripe,0.0038991105154136713,0,0,0.9371187236039418,0.9101599247412983,0.8924020764511562,0.9005002779321846,26.067278287461775,26.00611620795107,25.920489296636084,22.00611620795107
Unripe,0.0,0,0,0.9054021608643458,0.9240474388089831,0.8615281948615282,0.845841784989858,30.647534952170712,29.161147902869754,22.05298013245033,18.138337012509197
Unripe,0.0,0,0,0.9081068077940823,0.9150113150616043,0.8758148631029987,0.8493877551020408,30.449750952241427,29.131262818634635,22.472897743920306,17.946088485203635
Unripe,0.0,0,0,0.9910735259572468,0.9746062359369978,0.8667113194909578,0.9446522064323112,32.67577525330058,23.879336813018114,22.919864906355542,20.52502302732576
Unripe,0.0,0,0,0.9904784575101166,0.9719264278799613,0.9013180128421764,0.9376140094855892,32.315384615384616,23.838461538461537,22.76153846153846,21.084615384615386
Unripe,0.02096172718351325,0,0,0.9478653942742341,0.9218232044198895,0.998886910062333,0.9240934234787953,39.91419750611443,29.028507277174132,18.010504791307486,13.046790425403954
Unripe,0.033918645780697323,0,0,0.9825891028267104,0.9997655334114889,0.9727730097662031,0.942578548212351,31.91892775416803,27.88492971559333,22.092186989212163,18.10395554102648
Unripe,0.008060307335459553,0,0,0.9824954488166924,0.9263203651380135,0.9993804213135068,0.9143258426966292,41.745586343972874,26.89699520636034,18.87057172921782,12.486846720448966
Unripe,0.009362200117027502,0,0,0.9754571703561117,0.9719725013220518,0.9156214367160775,0.9590085795996187,30.685174246898995,27.923803898405197,25.90076786769049,15.490253987005314
Unripe,0.008135241172397877,0,0,0.9809880655009714,0.8924660534384582,0.9972594397076736,0.9011709601873537,41.91728229887732,26.560409516607525,19.103019021581062,12.419289162934094
Unripe,7.851142341210646e-05,0,0,0.9878432194508489,0.943575275711721,0.9014401440144014,0.8920824295010846,37.46074120603015,30.614007537688444,17.446608040201006,14.478643216080403
Unripe,0.00016090104585679806,0,0,0.9862356621480709,0.9473409801876955,0.9290079924776681,0.918562874251497,38.58223366591567,30.86578693273254,17.114579980688767,13.437399420663018
Unripe,0.0,0,0,0.9927350427350428,0.9232409381663113,0.9936011375755421,0.7962413452027696,34.07105416423995,30.729470005824112,20.479033197437392,14.720442632498543
Unripe,0.0,0,0,0.9922415600754875,0.9287246722288439,0.9704797047970479,0.782741116751269,34.95309293462328,30.74611550864849,19.86221049545588,14.438581061272354
Unripe,0.0382666565832262,0,0,0.940607546655769,0.8978688070855245,0.983019450447669,0.8261562998405104,28.862939372493514,28.410788708028623,25.469843516552647,17.256428402925216
Unripe,0.038433948729565445,0,0,0.903316771854438,0.9342318059299192,0.9810234873230673,0.7797747423915649,29.239467588048218,29.133456358710593,25.24245160783698,16.384624445404217
Unripe,0.0,0,0,0.988273498105719,0.952480636382667,0.7743876235496348,0.8433098591549296,40.216208372632956,34.658637451933544,16.883116883116884,8.242037292316622
Unripe,0.0,0,0,0.9866986883428782,0.9293729372937294,0.863244176013805,0.8625114573785518,40.49524949502506,34.001645844243285,17.341213436073915,8.161891224657738
Unripe,0.0,0,0,0.9327205163309212,0.8080077182826821,0.8588203896450494,0.8216123499142367,33.335506584952405,27.03090363802321,24.42952144999348,15.204068327030903
Unripe,0.010315269504576494,0,0,0.9702209414024976,0.9675013319126265,0.9183222958057395,0.9673390970220941,30.563711098062242,27.55431591309454,26.6001174398121,15.281855549031121
Unripe,0.0,0,0,0.9056215722120659,0.8558127161479117,0.8610868933449579,0.8094623655913978,31.479749658297962,27.041220056111072,24.753614847852674,16.72541543773829
Unripe,0.0003209757663296421,0,0,0.9668198060234814,0.9489916963226572,0.976140350877193,0.8843830888697153,31.44967089420453,27.066944934981542,22.87686627066945,18.606517900144485
Unripe,0.0004775549188156638,0,0,0.9669211195928753,0.9519061583577713,0.9733707077785564,0.873942470389171,31.294792164357382,27.15400541487498,22.726548813505335,18.824653607262302
Unripe,0.008064516129032258,0,0,0.8816326530612245,0.9311101360245722,0.8551360842844601,0.8200709579320831,29.21409214092141,24.70460704607046,24.693766937669377,21.387533875338754
Unripe,0.008774968248470153,0,0,0.9025341130604289,0.9694692343823391,0.8537158984007526,0.8379603399433427,29.87769365171811,24.79906814210833,24.764123471170645,20.55911473500291
Unripe,0.009923260121725324,0,0,0.9533799533799534,0.9808091286307054,0.8588850174216028,0.9733412322274881,28.664973940932782,25.765067486302286,23.012160898035546,22.55779767472939
Unripe,0.00950957750305665,0,0,0.9583333333333334,0.954244762954796,0.9723632261703328,0.8804878048780488,28.308873954190094,24.879989027568236,24.31765189960225,22.49348511863942
Unripe,0.0,0,0,0.9601262191623637,0.9669371806432221,0.8529850746268657,0.6666666666666666,32.078770589859204,30.615625287567866,24.661820189564736,12.64378393300819
Unripe,0.0,0,0,0.9452054794520548,0.9585357952704892,0.8575747396708095,0.5846407927332783,32.96166605234058,28.44636933284187,27.432731293770736,11.15923332104681
Unripe,0.014042752379466375,0,0,0.8463799091637724,0.8731820826061664,0.8346376318475672,0.886020651310564,29.6170280107612,27.20367146700427,23.25526190852983,19.9240386137047
Unripe,0.007995566814439518,0,0,0.8559892328398385,0.9640233088421586,0.9129979035639413,0.865506329113924,35.575772085228635,31.49788524459341,22.839358391189847,10.086984278988108
Unripe,0.011305161390924684,0,0,0.8305439330543933,0.8752983293556086,0.8100201748486886,0.8850256815487949,30.155350524406593,26.433246589385696,23.452409116000318,19.958993770207396
Unripe,0.005416666666666667,0,0,0.9106881405563689,0.8810316139767055,0.8783433994823123,0.8806112702960841,28.61332216170926,25.178047758692916,24.27733556765815,21.931294511939672
Unripe,0.005599336374948154,0,0,0.9365645046329294,0.8387364921030757,0.8796133567662566,0.8715509039010466,29.259645464025024,25.088633993743482,23.73305526590198,21.91866527632951
Unripe,0.002296056185845489,0,0,0.995165489029379,0.9521089630931459,0.9151321056845476,0.8908780903665814,36.40178692297279,30.81088398537972,16.9080817652633,15.879247326384188
Unripe,0.002434077079107505,0,0,0.9984859954579863,0.9505588993981083,0.9108019639934534,0.8812131423757371,35.81401653788803,31.530432425105055,16.564999322217705,16.090551714789207
Unripe,0.0,0,0,0.9156186612576065,0.9821724709784412,0.8906560636182903,0.9912698412698413,32.23907925712791,31.545906356264712,19.735809573633272,16.479204812974103
Unripe,0.0,0,0,0.8919514884233738,0.9561826958782027,0.874066699850672,0.9093005380476556,31.189821182943607,30.86886749197616,23.02842732691426,14.912883998165979
Unripe,0.012894786021304429,0,0,0.9615912208504801,0.8080495356037152,0.8708661417322835,0.8106180665610143,27.603180613404017,24.46043165467626,24.043922756531614,23.892464975388112
Unripe,0.014656771799628942,0,0,0.9612771739130435,0.8647822765469825,0.798114689709348,0.843277645186953,27.716061005460364,24.646959141404633,23.969120692901523,23.66785916023348
Unripe,0.0,0,0,0.9267572356763142,0.9254680324973508,0.8258034466697718,0.7477797513321492,33.681488113001095,28.160748035412315,21.35680891276236,16.80095493882423
Unripe,0.00837481235679861,0,0,0.8486870426173052,0.959496855345912,0.9212656364974245,0.8795379537953796,37.01697075930205,31.670783204525538,21.655644968528403,9.656601067644011
Unripe,0.0,0,0,0.9233501035809412,0.9378925331472435,0.8419047619047619,0.7431725740848344,33.5684482416054,28.47208424398967,20.86230876216968,17.09715875223525
Unripe,0.0,0,0,0.921812749003984,0.8495850622406639,0.9498680738786279,0.8736559139784946,26.10843843453387,25.06826160447276,24.639188662072552,24.184111298920815
Unripe,0.0,0,0,0.9060336300692384,0.9492284718765555,0.8459530026109661,0.87651598676957,26.056701030927837,25.88917525773196,24.677835051546392,23.376288659793815
Unripe,0.003331218274111675,0,0,0.9081439393939394,0.9639297579496915,0.8775981524249422,0.7771084337349398,33.61451535890498,33.534935540346964,27.56644914849594,5.284099952252109
Unripe,0.004163052905464007,0,0,0.9576185671039354,0.9085681426106959,0.8959435626102292,0.7931034482758621,34.52360215990245,30.2908900888347,29.62898449747431,5.556523253788539
Unripe,0.0,0,0,0.9560301507537688,0.9897909577053962,0.9820728291316526,0.9150622876557192,33.57233234921974,28.918880922255024,25.094896668072543,12.413890060452692
Unripe,0.0,0,0,0.9473480449090205,0.9914456800684346,0.9836927932667018,0.9354838709677419,33.05605323777835,29.92065523419504,24.32812899923215,12.695162528794471
Unripe,0.04232337705279401,0,0,0.9352922788371366,0.9355287569573284,0.9906922629435718,0.9523219814241486,36.81666474853263,24.81298193117735,19.783634480377486,18.586718839912532
Unripe,0.04256957430425696,0,0,0.9381728698861889,0.9419414770088249,0.9383155397390273,0.9460966542750929,37.35064338235294,24.735753676470587,19.370404411764707,18.543198529411764
Unripe,0.0037189273830495204,0,0,0.9808587687532333,0.9020263212868185,0.9297558034368405,0.6971470373079737,37.97642436149312,31.349050425671248,21.72233136869679,8.952193844138833
Unripe,0.026349892008639308,0,0,0.9883096366508689,0.9558291093410572,0.9522872602065913,0.8835227272727273,35.10425909494232,30.634427684117128,22.54880212954747,11.712511091393079
Unripe,0.004472213087800066,0,0,0.9812112061734608,0.92264552310965,0.9157894736842105,0.8542750929368029,39.38032635264583,34.1613265508357,17.572834775715133,8.885512320803329
Unripe,0.11045076346347261,0,0,0.9715038314176245,0.8679012345679012,0.8473938742611499,0.9080824088748018,42.92321924144311,24.976873265494913,19.12837907287491,12.97152842018707
Unripe,0.1101710502115137,0,0,0.9692307692307692,0.8727045075125208,0.8442756375474769,0.9191419141914191,43.66473749483257,24.76229847044233,19.047126911947085,12.525837122778007
Unripe,0.0032042999638224197,0,0,0.9378209576682859,0.820637822465976,0.8551167357626009,0.6319875776397516,37.35676880800539,25.52496500233318,23.762119562399544,13.356146627261886
Unripe,0.0028637607917456308,0,0,0.8973578473152319,0.8278135300580757,0.7388362652232747,0.5887755102040816,34.68767158001436,26.907969759682395,21.848207120834566,16.556151539468683
Unripe,0.003871230643846781,0,0,0.909634317862166,0.88604898828541,0.9054054054054054,0.741977734119188,29.085702597668234,28.809572509715686,26.48803436285539,15.616690529760687
Unripe,0.0,0,0,0.9328284491274283,0.8659866338374956,0.9556213017751479,0.7801013941698353,30.914087947882734,28.939332247557005,24.08387622149837,16.06270358306189
Unripe,0.0190959111015212,0,0,0.9527272727272728,0.9336902800658978,0.9625568887050062,0.9249435665914221,27.22173339199296,26.704795424549054,26.583809942806862,19.48966124065112
Unripe,0.026522911051212936,0,0,0.988945041061276,0.955491744436468,0.96274217585693,0.8834586466165414,35.06479122826448,30.856130246981945,22.294827777162478,11.784250747591095
Unripe,0.020137579052479752,0,0,0.962378640776699,0.9503105590062112,0.9632128863735306,0.9369212962962963,27.990715054067827,26.43378814470928,26.00917171488422,19.566325086338672
Unripe,0.003810470510271703,0,0,0.9413271842172688,0.9322762698199408,0.892521608417888,0.8173463526708789,32.45468152336604,30.941293863296192,22.12705804091136,14.47696657242641
Unripe,0.003979439562261648,0,0,0.9295698924731183,0.937940379403794,0.8894511483067341,0.8167076167076167,30.963875478608287,30.714166805393706,21.38338604960879,16.938571666389212
Unripe,0.007814942169427946,0,0,0.8464154151317653,0.939624150339864,0.8516129032258064,0.9198184568835098,37.06154169292166,26.265490443184202,22.789329972694812,13.883637891199326
Unripe,0.007990867579908675,0,0,0.8370913190529876,0.9384984025559105,0.8461187214611872,0.9430523917995444,37.11685322732504,26.195208703839313,22.91034627053039,13.777591798305261
Unripe,0.0014395886889460154,0,0,0.9300951755825402,0.9367405289492494,0.7861721611721612,0.8133174791914387,31.37678920811451,28.812686644011947,22.48995983935743,17.320564308516115
Unripe,0.0014380530973451327,0,0,0.9250663129973474,0.915807560137457,0.8232779097387174,0.8358681875792142,33.41087847568406,25.7892987703556,23.318932092611057,17.480890661349285
Unripe,0.008457180392478857,0,0,0.9201668984700974,0.96822272215973,0.9082108282538545,0.7649812734082397,29.76979132162968,29.446836700894334,23.095395826432593,17.68797615104339
Unripe,0.008778406760193617,0,0,0.8882434301521438,0.9655075715086933,0.9094906559179187,0.7219152854511971,29.920542956464164,29.514980963416654,22.58731998013574,17.977156099983446
Unripe,0.00745548636084554,0,0,0.9370453273642977,0.9214380825565912,0.9469099958523435,0.827245380318006,31.5835984446801,26.546482856132908,21.306115235065395,20.563803464121598
Unripe,0.00728643216080402,0,0,0.9569028487947406,0.9429288178112261,0.9193954659949622,0.945691527878349,34.64945583396609,26.904581118704122,26.794904243651395,11.651058803678394
Unripe,0.007456794455654005,0,0,0.938530315730651,0.9138613861386139,0.9266750948166877,0.8306174957118353,31.63337458016617,26.780979317659536,20.974014495315537,20.61163160685876
Unripe,0.002369187030393285,0,0,0.9334850784016187,0.9520188778185632,0.9373189360021069,0.9505200126063662,26.828606323788843,25.87868096078165,25.76333288098792,21.529379834441578
Unripe,0.002029495332160736,0,0,0.9484218629715165,0.9335573940020683,0.9527415143603133,0.9515362686094393,26.416757049891544,26.22017353579176,25.962581344902386,21.400488069414315
Unripe,0.01122874558870709,0,0,0.9683042789223455,0.9202412868632708,0.8182451253481894,0.8659717051377513,30.710577547047375,24.20506164828034,23.29656067488644,21.787800129785854
Unripe,0.010913176055207831,0,0,0.953968253968254,0.9141914191419142,0.8334489937543372,0.8671222475322703,30.666883011520362,24.582184001298067,23.381470063280872,21.3694629239007
Unripe,0.02142568387009837,0,0,0.9006820119352089,0.8865775136206042,0.9610194902548725,0.8493303571428571,32.305150096392175,27.80225833103828,27.554392729275683,12.338198843293858
Unripe,0.02135374697824335,0,0,0.8939130434782608,0.9616490891658677,0.9086826347305389,0.8584169453734671,31.56305749965692,28.62632084534102,27.50102923013586,12.3095924248662
Unripe,0.02097777777777778,0,0,0.9793478260869565,0.9007308160779537,0.9127753303964757,0.9685393258426966,33.41202106410023,29.816597058289453,20.61013255856183,16.161249319048483
Unripe,0.018417462482946793,0,0,0.9134107708553326,0.9234285714285714,0.8453085376162299,0.9956942949407965,32.90479499652537,30.40305767894371,20.552466990965947,16.139680333564975
Unripe,0.0035156653913762798,0,0,0.9657012195121951,0.8959651898734177,0.8705931148900871,0.7762777242044359,27.228390577980697,26.232229947078967,25.018159178167483,21.521220296772857
Unripe,0.0,0,0,0.9613710554951034,0.9593134138588684,0.8698030634573304,0.8501170960187353,35.48947673296003,30.372658814442943,17.648194632168373,16.489669820428652
Unripe,0.0071151358344113845,0,0,0.9461769461769461,0.928136419001218,0.9049829774063758,0.9512534818941504,35.25244299674267,26.742671009771986,26.311074918566774,11.693811074918568
Unripe,0.004282655246252677,0,0,0.96637703060068,0.8890300720033883,0.863831615120275,0.8289205702647657,28.462365591397848,25.387096774193544,25.032258064516128,21.118279569892472
Unripe,7.546600256584409e-05,0,0,0.9496176338281601,0.878133925737861,0.8820630749014454,0.8853967037178996,33.554716981132074,23.781132075471696,22.973584905660378,19.69056603773585
Unripe,7.556865412227008e-05,0,0,0.9509961071673918,0.878161628624306,0.8786391887471378,0.8834762275915822,33.00332527206771,24.501209189842804,23.103083434099155,19.39238210399033
Unripe,0.0,0,0,0.8857725650178481,0.9343589743589743,0.9302963776070252,0.9574303405572755,27.91459074733096,27.75800711743772,25.935943060498225,18.391459074733095
Unripe,0.0,0,0,0.8836123005060335,0.8229762878168438,0.9321548017200191,0.9535974973931178,28.462220252603586,27.09949036117882,23.1885663638378,21.24972302237979
Unripe,0.001716050795103535,0,0,0.9624309392265193,0.9166666666666666,0.9302325581395349,0.8685968819599109,31.113912445564978,26.12881045152418,22.175108870043548,20.582168232867293
Unripe,0.001361933946203609,0,0,0.955624756714675,0.9262888794205368,0.9553072625698324,0.8526645768025078,29.196499602227526,26.673485623366293,22.377542902602567,21.752471871803614
Unripe,0.0,0,0,1.0,0.9995435874030123,0.952423698384201,1.0,42.660243543422986,29.31888130603506,14.906998528034258,13.113876622507695
Unripe,0.0,0,0,1.0,1.0,0.9486552567237164,0.9921568627450981,41.853671491169834,28.309653432479088,16.292657017660336,13.544018058690746
Unripe,0.009309791332263243,0,0,0.8498331479421579,0.8536376604850214,0.9112748238308777,0.9165487977369166,29.131561892417366,28.394361633182115,25.29163966299417,17.18243681140635
Unripe,0.0,0,0,0.930327868852459,0.9482158398607484,0.9340540540540541,0.8429546865301055,29.759726795950726,28.027808269301136,22.563727283815098,19.64873765093304
Unripe,0.004383472684471142,0,0,0.8447488584474886,0.8452039058012636,0.9182579564489112,0.9204819277108434,30.35466775377089,28.389726865063185,24.337545862209538,16.91805951895638
Unripe,0.00767050191762548,0,0,0.9587959536146065,0.9310964649490713,0.9420244437480414,0.8863636363636364,34.05310031927407,28.045706603932114,26.810620063854813,11.090573012939002
Unripe,0.0074205517018874016,0,0,0.9455159112825458,0.930421686746988,0.9446962828649139,0.9516023544800524,33.70713473102552,26.978709572566228,26.889322281813747,12.424833414594506
Unripe,0.0,0,0,0.8273073263558516,0.9287506271951831,0.8970358814352574,0.9320441988950277,26.852324987225344,25.459887583035258,24.565661727133367,23.12212570260603
Unripe,0.0,0,0,0.8314500941619586,0.9351432880844646,0.9014909478168264,0.9313142239048134,27.091836734693874,25.369897959183675,23.95408163265306,23.58418367346939
Unripe,0.0014848657909765847,0,0,0.948936170212766,0.920104211897525,0.8466701084150748,0.9321857068335941,29.56989247311828,26.344086021505376,22.157401052390757,21.928620452985587
Unripe,0.0011322463768115942,0,0,0.962908556738891,0.9077117572692794,0.9441087613293051,0.8241379310344827,30.866016776241217,26.898662434822036,22.51190206302426,19.72341872591249
Unripe,0.0,0,0,0.942441209406495,0.8786254728877679,0.8845381526104418,0.8929127725856698,33.84370499507314,24.043053134237855,22.64837413780035,19.464867732888653
Unripe,0.0,0,0,0.9450374744492391,0.8749613122872176,0.8736047275114904,0.8911042944785276,33.135159542444306,24.315171583383506,22.922937989163156,19.62673088500903
Unripe,0.010489846982966029,0,0,0.9459745762711864,0.9586305278174037,0.9301442672741078,0.9634831460674157,36.72437269013811,27.27095895740128,25.617584127601635,10.387084224858976
Ripe,0.0,0,0,0.9513014273719563,0.951467944877172,0.998017839444995,0.7041078305519898,31.080375782881003,29.03618649965205,26.330897703549063,13.552540013917886
Ripe,0.0007197351374694113,0,0,0.9730957372466806,0.9981662591687042,0.9939894815927873,0.9299191374663073,41.227312013828865,23.566695476807837,19.173148948429848,16.03284356093345
Ripe,0.0014631401238041643,0,0,0.976779252110977,0.9259927797833934,0.9579439252336449,0.9782608695652174,37.37601442741209,31.221821460775473,16.88458070333634,14.517583408476103
Ripe,0.0,0,0,0.9497987212881838,0.8801711840228246,0.9288025889967637,0.9195341450502912,34.93258334022665,28.993299693936635,20.448341467449747,15.625775498386963
Ripe,0.0,0,0,0.9380328550634227,0.8597156398104265,0.921455938697318,0.6353021978021978,38.28212068142015,25.19503263811495,24.932335615347874,11.590511065117019
Ripe,0.0,0,0,0.9419002050580998,0.9618976466193501,0.967654986522911,0.9020771513353115,29.600404653515426,27.081436519979768,26.272129489124936,17.046029337379867
Ripe,0.0,0,0,0.9506614229531641,0.9653916211293261,0.9675200611387085,0.8928781636256622,28.372895110570095,27.845404747413266,26.54696693041185,17.234733211604787
Ripe,0.0007598784194528875,0,0,0.9389276268333734,0.9541891229789319,0.9399950409124721,0.8280091272104962,26.35614702154626,25.868187579214197,25.557667934093793,22.217997465145753
Ripe,0.0008893406174564859,0,0,0.9377514792899408,0.9579103738549146,0.9166878333756667,0.8205273603629146,26.862919633774162,25.68031536113937,25.03179043743642,22.42497456765005
Ripe,0.0,0,0,0.966547192353644,0.964403427818062,0.9872813990461049,0.9801783944499505,30.67057530230854,27.794063759618908,23.048735800659582,18.48662513741297
Ripe,0.0,0,0,0.967128027681661,0.9684986595174263,0.9476650563607085,0.9222857142857143,32.45367770915216,27.924387048474642,23.245367770915216,16.37656747145798
Ripe,0.0,0,0,0.9263059701492538,0.9575786463298379,0.8838351484091395,0.8817267888823181,30.93646289259776,30.272714155163293,22.524169111634844,16.26665384060411
Ripe,0.00042189642442780296,0,0,0.9876314162028448,0.9586628324946082,0.9820607175712971,0.7785547785547785,34.1247230136119,29.35528120713306,22.93974886567479,13.580246913580247
Ripe,0.0004167969157028238,0,0,0.9923524013459774,0.9433227063407722,0.9734114465975665,0.7636505460218409,34.07693109559054,29.42770770353383,23.1314500156364,13.363911185239235
Ripe,0.02338964173009096,0,0,0.9600614439324117,0.8925056775170326,0.895264116575592,0.8470191226096738,37.1222201102452,25.109294810872456,20.87055692834062,16.897928150541723
Ripe,0.02389843166542196,0,0,0.956386292834891,0.8966817496229261,0.9038817005545287,0.8478747203579419,36.84009181331293,25.363427697016068,20.696250956388678,17.100229533282327
Ripe,0.07858894034323073,0,0,0.8372591006423983,0.8948296122209166,0.8832298136645963,0.9331230283911672,27.61271249076127,25.15890613451589,23.798965262379895,23.429416112342942
Ripe,0.07809962100703845,0,0,0.8342886920270974,0.8911886457717327,0.9346764346764347,0.8873960332693538,28.175011011598883,24.827484950814856,24.049331963001027,22.94817207458523
Ripe,0.02331449333871619,0,0,0.9837837837837838,0.9258517034068137,0.8782424563260984,0.8730769230769231,36.32324067376253,36.09589748889119,19.520512555544073,8.060349281802212
Ripe,0.01522240067034425,0,0,0.9731711679484887,0.9352994282275052,0.8806716684530189,0.9313807531380753,39.644047365808696,23.56236261788272,19.8468410976388,16.946748918669787
Ripe,0.0074850299401197605,0,0,0.8526282853566959,0.9580262736302467,0.9131749460043197,0.8997975708502024,30.128205128205128,29.421191553544496,21.82315233785822,18.627450980392158
Ripe,0.0,0,0,0.931728802894447,0.9525799710657451,0.8591875394653757,0.8857988165680474,30.69679849340866,30.040079192621565,22.941716162055144,16.321406151914626
Ripe,0.007015902712815715,0,0,0.9209257473481196,0.9610648918469218,0.9775280898876404,0.9012404580152672,29.307583608101744,28.308996702779087,22.63777673104098,19.745642958078193
Ripe,0.013174960748173937,0,0,0.9372957516339869,0.9686836518046709,0.9270169851380042,0.8843873517786561,33.8682899833979,26.06530160486995,26.06530160486995,14.001106806862202
Ripe,0.0138179837996052,0,0,0.9343853820598007,0.9778569610587936,0.9096981031258349,0.8145,33.24130314743236,27.118995030369963,25.835173937051355,13.804527885146328
Ripe,0.0022575007282260415,0,0,0.9581218274111675,0.9542389210019268,0.9114093959731544,0.7142857142857143,34.5084300416028,30.30435734617911,21.75023720896285,13.436975403255236
Ripe,0.00247039162973189,0,0,0.9566244363324028,0.9528529980657641,0.9071452090879157,0.855713533438652,33.92089737052954,30.126010634423483,22.121057615266952,13.832034379780028
Ripe,0.01190555815664504,0,0,0.9377759935768768,0.8566200215285253,0.8126649076517151,0.8968779564806055,33.72368510119813,31.442496446219454,20.523928789006973,14.309889663575442
Ripe,0.011444251104269844,0,0,0.9403890399498013,0.8773865082732287,0.8070818070818071,0.8185,32.36747681267348,31.913885315821545,22.178593189357525,13.540044682147451
Ripe,0.010366421257510366,0,0,0.9520794537554315,0.9327707051923902,0.9025630163101038,0.688017669795693,34.43926632177519,29.89011928684424,20.184702210440804,15.48591218093976
Ripe,0.010504468634842645,0,0,0.9519634477648802,0.9673469387755103,0.9041951219512195,0.6790726052471019,34.664611960104445,29.365181285047733,21.938273190360004,14.031933564487822
Ripe,0.00048024149286498354,0,0,0.9321110009910802,0.9438788179786441,0.8311524911927529,0.8811216429699842,27.70265632507379,27.640881323357814,27.27709520214153,17.379367149426866
Ripe,0.002433906840117499,0,0,0.9319925906324424,0.9611959287531806,0.9312022237665045,0.9275779376498801,31.793706882046102,26.45128722867239,24.213360255763085,17.541645633518424
Ripe,0.0006198774020249329,0,0,0.951320939334638,0.8863409770687937,0.8011133603238867,0.8820179007323027,28.1736733287388,27.64989662301861,27.236388697450035,16.940041350792555
Ripe,0.00820360441831923,0,0,0.9021610068867253,0.8601993678580112,0.9344579646017699,0.8271821909783246,27.42607789501107,26.787807737397422,23.550866223785334,22.235248143806174
Ripe,0.008517996669655437,0,0,0.9443326626425218,0.8982647967672927,0.936569222283508,0.864251968503937,28.893482333182614,27.175247077062203,23.422259543957107,20.509011045798076
Ripe,0.0028326867417944454,0,0,0.9131771033422974,0.8625621890547264,0.8224940334128878,0.9060832443970117,32.14969431235719,29.79065028098561,20.70030259988884,17.359352806768356
Ripe,0.0026472942190482055,0,0,0.9124031007751938,0.8635986733001658,0.8768866528558745,0.9023616496298907,31.851851851851855,29.777777777777775,20.858024691358025,17.512345679012345
Ripe,0.0,0,0,0.990782858510893,0.9831977597012935,0.9833636599948011,0.9715189873417721,38.6830894610113,34.72402296721615,17.81348397851454,8.77940359325801
Ripe,0.0,0,0,0.9882538144829256,0.9759679572763685,0.9918954248366013,0.9568746829020801,38.33085777942814,34.76606015595989,17.75436316375789,9.148718900854066
Ripe,0.0,0,0,1.0,0.9928796158304355,0.9894306990151334,0.9406300484652665,35.06453595574677,30.931161647203442,21.322474902683876,12.681827494365908
Ripe,0.0,0,0,0.99985121261717,0.9687341558222072,0.9890782000873743,0.8628539700166574,35.34206236525214,31.114266182888993,24.073197665246884,9.47047378661198
Ripe,0.0020889748549323016,0,0,0.9693532818532818,0.9654618473895582,0.8747597693786034,0.860305745914602,32.129012249961235,28.95797798108234,24.20530314777485,14.707706621181579
Ripe,0.0027031593174522725,0,0,0.9365337672904801,0.9716892104435357,0.8972192889827526,0.9228203906622201,31.22988311028291,26.926986278163646,24.064035236320517,17.77909537523293
Ripe,0.002165841584158416,0,0,0.9698940269749519,0.9735991379310345,0.9247549794498894,0.8611852642819007,32.18604651162791,28.77519379844961,24.51937984496124,14.519379844961241
Ripe,0.01749738155381677,0,0,0.8799249530956847,0.9325596671775783,0.8932143822654771,0.8210818307905686,30.080892957923123,28.63861541355741,23.195585376559855,18.084906251959616
Ripe,0.01950568651121418,0,0,0.8748036796051155,0.9284556610326464,0.8871986222732492,0.8669609079445145,28.881544841886985,27.98729911871436,22.576464489372732,20.554691550025918
Ripe,0.001226905311778291,0,0,0.9765461847389558,0.9801434087148373,0.9219354838709677,0.6981981981981982,44.98157381313679,26.20131512392514,22.40046246116049,6.416648601777585
Ripe,0.0012254901960784314,0,0,0.9791893151110421,0.9729113202167095,0.9211136890951276,0.6894618834080718,46.4741970407795,25.312161674485743,21.775532298809093,6.438108985925658
Ripe,0.005696991276482108,0,0,0.9796341463414634,0.8588394977943672,0.8599613982414754,0.8272397432319285,36.70546105640107,26.383169203222916,20.87287376902417,16.038495971351836
Ripe,0.005289594168111303,0,0,0.9778019061406683,0.8517907245420037,0.8048886948930598,0.8175754060324826,37.0408436857628,27.07569934757351,20.475466976494772,15.407989990168916
Ripe,0.007879470083989955,0,0,0.940413752913753,0.9457952609571009,0.9273049645390071,0.8290771175726928,29.95287135625764,28.176819689300054,24.61162506545645,17.258683888985864
Ripe,0.008437048431454808,0,0,0.9236065573770492,0.944,0.942947407545066,0.8388661899897855,28.67619405791651,27.618465588567133,25.29616397141783,18.409176382098533
Ripe,0.004194213407265231,0,0,0.9293154761904762,0.8685032661175802,0.9020655270655271,0.7850629613547546,38.37806967447173,25.13563677898344,20.045688178183894,16.440605368360934
Ripe,0.007156684460608905,0,0,0.9188624678663239,0.9806772527262292,0.9593995223473217,0.8600078647267008,36.77400295420975,30.883308714918762,17.317577548005907,15.025110782865584
Ripe,0.003718980323213199,0,0,0.9404691504041002,0.9685516445470282,0.9058146577831617,0.9004493605254061,34.430568752545135,23.523822451472785,22.410750644767205,19.634858151214875
Ripe,0.0053475935828877,0,0,0.9865470852017937,0.919661733615222,0.816250663834307,0.5930309007232084,36.70177748518763,25.94908931314461,20.6605222734255,16.688610928242266
Ripe,0.005468066491688539,0,0,0.9882139619220308,0.9207836456558773,0.816640169581346,0.5761290322580646,36.38662854629426,25.819221464702004,20.749945018693644,17.044204970310094
Ripe,0.00024291497975708503,0,0,0.8746518105849582,0.8210227272727273,0.854728370221328,0.821640903686088,34.89106665586782,31.35984449663886,20.12634648092654,13.62274236656678
Ripe,0.00024658885418379087,0,0,0.8715003589375449,0.8536390295921088,0.8367103694874851,0.8531468531468531,34.35829976157198,30.839431061415766,20.69390775302146,14.108361423990793
Ripe,0.00010187449062754686,0,0,0.9814241486068112,0.9454324979789814,0.9923918212077983,0.9317507418397626,36.19969434538971,25.206316861946,21.42638818135507,17.16760061130922
Ripe,0.0001015331505736623,0,0,0.9708680142687277,0.9440031771247022,0.9900568181818182,0.935814455231931,34.15922014622259,25.568643379366367,21.445978878960194,18.826157595450855
Ripe,0.0,0,0,0.9850107066381156,0.9909411172622044,0.9661602209944752,0.9657444005270093,47.11223203026481,25.05674653215637,18.259773013871374,9.57124842370744
Ripe,0.0,0,0,0.9825638506876228,0.9891196834817013,0.9709425939050319,0.9837177747625508,49.405484105799566,24.532880368842513,17.119631157486047,8.942004367871876
Ripe,0.10762380538662034,0,0,1.0,0.9862385321100917,0.99113197704747,0.9967620075553157,27.589144456614335,26.53036387976147,23.329682365826944,22.55080929779725
Ripe,0.008325027847804421,0,0,0.9445293398533008,0.968993798759752,0.9562121751512994,0.850955911041748,38.68755542417972,29.553650605971033,16.606562222879102,15.152231746970147
Ripe,0.0985064792444542,0,0,0.9914984059511158,1.0,0.9937304075235109,0.9393647738209817,34.38908515044463,29.638201973443778,23.315872822511878,12.656840053599709
Ripe,0.0,0,0,0.9855791962174941,0.9694033656297807,0.9068038879359634,0.924079504724666,28.738365378082747,26.645831917929208,23.765201440315238,20.850601263672804
Ripe,0.0,0,0,0.9830391932156772,0.9439406430338005,0.9763434579439252,0.8607326672721768,29.621834476203407,24.706361599565483,23.246656256364993,22.425147667866113
Ripe,0.006270226537216829,0,0,0.9995287464655985,0.9898132427843803,0.9617996604414262,0.7448275862068966,43.191532668430696,23.977203338082635,23.977203338082635,8.85406065540403
Ripe,0.006049606775559589,0,0,0.9995337995337995,0.9795751633986928,0.953941541186891,0.802784222737819,43.51795496043822,24.83262325015216,22.905254615540677,8.744167173868938
Ripe,0.0063532401524777635,0,0,0.9769557307459066,0.9981331673926571,0.9370764762826719,1.0,35.14492753623188,34.249786871270246,22.016197783461212,8.589087809036657
Ripe,0.01187178472497032,0,0,1.0,0.9824780976220275,0.951176983435048,1.0,37.464957949539446,31.99839807769323,22.967561073287946,7.569082899479375
Ripe,0.01215447951382082,0,0,1.0,0.9789674952198852,0.960650128314799,1.0,37.38837070847391,31.1371303830125,23.199047430045646,8.27545147846795
Ripe,0.0,0,0,0.9538092381523695,0.844926894107222,0.9241178031308039,0.8084479371316307,30.60962174072714,27.628840739380582,23.068919084343246,18.692618435549026
Ripe,0.0028804608737397984,0,0,0.9857571214392804,0.900990099009901,0.9110386585933862,0.9070247933884298,32.113625421280695,30.392392874337986,25.84256138661531,11.651420317766009
Ripe,0.0,0,0,0.9590900019956097,0.8405701754385965,0.9218874966675553,0.7866136514247847,30.667074663402694,27.906976744186046,22.95593635250918,18.470012239902083
Ripe,0.0,0,0,0.990872581234027,0.9940021810250818,0.9089012517385258,0.9700149925037481,41.01527403414196,27.463312368972748,21.53339323150644,9.988020365378857
Ripe,0.0,0,0,0.9919236417033774,0.9929615592853276,0.9559132260321903,0.9705882352941176,40.57193923145665,27.50968126303247,21.283884420613646,10.63449508489723
Ripe,0.004188819075237635,0,0,0.9732888146911519,0.7082611207394569,0.6742053789731052,0.9880382775119617,38.76395405274227,28.00517715580003,26.468209027665424,6.762659763792267
Ripe,0.004728992360858494,0,0,0.9628180039138943,0.7902912621359224,0.7957505140507197,0.9882075471698113,37.353801169590646,28.234649122807014,26.66301169590643,7.748538011695906
Ripe,0.0028691238137276537,0,0,0.843781768891901,0.8182220256523662,0.6880195599022005,0.9589657110736369,32.65825586542718,25.02213368747233,22.63169544046038,19.687915006640104
Ripe,0.0024180548092423426,0,0,0.7931219774314885,0.8393799472295514,0.6676934924913361,0.9574944071588367,33.414130532363764,27.21967860669719,23.314480653559567,16.05171020737948
Ripe,0.00410018718245833,0,0,0.8387376954255935,0.7499165275459099,0.8381877022653722,0.9794132784354092,30.913810077866284,26.80569229392285,24.8903606909514,17.390136937259467
Ripe,0.004184472934472935,0,0,0.8441193021947102,0.7420675537359263,0.797180043383948,0.9767321613236815,31.774698256593652,26.20473848904783,24.729548502458652,17.291014751899866
Ripe,0.0,0,0,0.9116593712693991,0.9194630872483222,0.8602898550724638,0.94947209653092,34.181175190424376,24.319912948857453,23.463003264417846,18.035908596300327
Ripe,0.0032323716030168803,0,0,0.9170108899737138,0.94,0.9147783251231527,0.8891149542217701,31.9841460485227,31.828008647609895,24.381455680999277,11.806389622868124
Ripe,0.0,0,0,0.9128697042366107,0.9206349206349206,0.880675203725262,0.8771929824561403,34.03155603917302,23.99347116430903,23.367791077257888,18.607181719260065
Ripe,0.0006419309282321222,0,0,0.9517928286852589,0.9281524926686217,0.9818081587651599,0.9575671852899575,32.24563206577595,26.284686536485097,23.30421377183967,18.165467625899282
Ripe,0.0006496037417175523,0,0,0.94873848618342,0.9460010188487009,0.9807365439093484,0.9775051124744376,32.46229849193968,25.520020800832032,22.94591783671347,19.07176287051482
Ripe,0.09191115069865835,0,0,0.9367865053671836,0.9965541006202618,0.8818689391713195,0.870487532564198,35.9796468857283,26.68587542913193,20.86194212849436,16.472535556645415
Ripe,0.09264320374811758,0,0,0.9671338004671338,0.9981365012811554,0.8740298507462687,0.8753325731660966,36.8453405458569,26.389230390951564,20.59257437914925,16.172854684042292
Ripe,0.0,0,0,0.9877600979192166,0.979933110367893,0.9634146341463414,0.9276595744680851,33.22488816592111,24.318828792191947,23.342822285481905,19.113460756405043
Ripe,0.0,0,0,0.9883148831488315,0.9810387469084914,0.9669852302345786,0.924892703862661,33.035351483136935,24.64445347419748,23.384802925639985,18.9353921170256
Ripe,0.0,0,0,0.9894736842105263,0.974981046247157,0.9935543278084714,0.9798464491362764,30.601973021944833,26.55526474733239,21.86430440910006,20.97845782162271
Ripe,0.0,0,0,0.9907038512616202,0.9774943735933983,0.9776328052190121,0.99335232668566,30.332326283987914,26.847935548841896,21.61127895266868,21.20845921450151
Ripe,0.006473724295506474,0,0,0.8316473988439307,0.9310094408133623,0.9583023082650782,0.7064631956912029,26.523572249904177,26.389421234189342,25.73783058643158,21.349175929474896
Ripe,0.0,0,0,0.9028520499108734,0.9469375379017586,0.9828256642903435,0.8435072142064373,27.029631414117077,26.48357825423593,24.781177226371156,21.705613105275837
Ripe,0.006515906477577616,0,0,0.9085014409221902,0.8344322344322345,0.9237735849056604,0.7115732368896925,26.774691358024693,26.33101851851852,25.559413580246915,21.334876543209877
Ripe,0.006125827814569536,0,0,0.8662551440329218,0.8446100917431193,0.8831275720164609,0.9154545454545454,32.38380809595202,29.05214059636848,20.239880059970012,18.32417124770948
Ripe,0.006630200563567048,0,0,0.8751279426816786,0.8859749144811858,0.8514522821576763,0.9185185185185185,32.60470548973803,29.267478725179373,20.10679125646588,18.02102452861672
Ripe,0.0,0,0,0.9706051873198848,0.9671554252199414,0.9858982219497241,0.9475347661188369,26.078460844731698,25.627536449721934,24.515256275364496,23.778746430181876
Ripe,0.0,0,0,0.963806187974314,0.9641176470588235,0.935687263556116,0.9815756035578145,26.06115928799635,25.863380495968357,24.129012627415182,23.946447588620114
Ripe,0.0,0,0,0.9374664519592056,0.9423251589464123,0.9429250891795482,0.9568627450980393,41.9358469330332,24.78334271243669,18.93078221722003,14.350028137310073
Ripe,0.0,0,0,0.9792694965449161,0.9367741935483871,0.8832705755782679,0.9418729817007535,33.465477370333666,25.60290716881401,20.471313731967843,20.460301728884485
Ripe,0.0,0,0,0.943502824858757,0.9853444064484611,0.9233374384236454,0.8747907599598259,36.38980263157895,31.563527960526315,16.69407894736842,15.352590460526317
Ripe,0.0,0,0,0.9430008382229673,0.9889256198347107,0.9137181874612043,0.8670333225493367,36.66820347318273,30.992264740535834,16.505301982480404,15.834229803801033
Ripe,0.0,0,0,0.9689221085759244,0.9907407407407407,0.9444217409072333,0.9485516645049719,35.354659248956885,31.543810848400554,17.016689847009737,16.084840055632824
Ripe,0.0,0,0,0.9519510774606873,0.9491176470588235,0.9983601180714988,0.7033169533169533,29.832334288941016,29.536964642515855,26.48770741030319,14.142993658239945
Ripe,0.0,0,0,0.8933951332560834,0.9620060790273556,0.9818817546090274,0.845,27.64253683536195,26.345291479820627,25.192184497117232,20.819987187700193
Ripe,0.0,0,0,0.9702797202797203,0.9910694351417727,0.9470899470899471,0.9462039045553146,35.77732990478838,31.12794495795399,17.075543818194454,16.019181319063172
Ripe,0.17915847424302006,0,0,0.9361259655377302,0.9710743801652892,0.8780141843971632,0.8773480662983425,32.25064673756827,30.142761329884067,20.26444380569129,17.342148126856376
Ripe,0.18629855232972076,0,0,0.9450884685784015,0.9815931450333227,0.8944162436548223,0.863275039745628,31.8685592066887,30.633871281353297,19.152245770950806,18.345323741007196
Ripe,0.0,0,0,0.9578813018506701,0.9751552795031055,0.9159900062460962,0.8251057827926658,32.69805940043125,30.235793280934825,22.27168393962579,14.794463379008139
Ripe,0.0,0,0,0.9607522485690924,0.9686811842427209,0.909423604757548,0.8313782991202346,34.20022371364653,28.572427293064877,22.923657718120804,14.303691275167784
Ripe,0.0003290375651220181,0,0,0.9440825190010858,0.9709291278738362,0.9743265993265994,0.8363095238095238,30.31433430248505,28.871578254429753,26.068352624938285,14.745734818146907
Ripe,0.0003306513832249532,0,0,0.9064137308039747,0.9692337091534493,0.9701768819415878,0.702390438247012,30.51267916207277,28.847850055126788,26.802646085997793,13.836824696802646
Ripe,0.03916188575704665,0,0,0.9842240824211204,0.9990412272291467,0.9722001588562351,0.9297685554668795,40.31671858774663,27.076843198338523,16.34215991692627,16.26427829698858
Ripe,0.044167610419026046,0,0,0.9750410509031199,0.997577519379845,0.9625199362041468,0.9140308191403081,40.086887835703,27.17219589257504,16.5086887835703,16.23222748815166
Ripe,0.020425812296668452,0,0,0.9551932212093979,0.9372831598612223,0.9620304844855743,0.9230103806228374,32.74477655862446,31.504603354773614,30.890822718291506,4.859797368310422
Ripe,0.0793252255786583,0,0,0.9679169615475348,0.8531998786775857,0.8670749279538905,0.8389592123769339,36.12578830748253,28.097835350264187,23.657746718936423,12.118629623316856
Ripe,0.020392091847307996,0,0,0.9546548448385054,0.9365598430346632,0.9433989369343485,0.927689594356261,33.4038502221282,32.3460968902052,29.452083774063887,4.797969113602708
Ripe,8.435259384226065e-05,0,0,0.9577142857142857,0.8858142493638677,0.8857361963190185,0.829183555298205,36.90737303863675,26.5226927619369,22.00101231651763,14.568921882908722
Ripe,8.483203257550051e-05,0,0,0.9513438368860055,0.8856135853892984,0.8866791744840525,0.8534124629080119,36.616611521167385,26.47832357682192,22.609654704335284,14.295410197675404
Ripe,0.003212413249689366,0,0,0.9507481296758105,0.9793111419325011,0.865657392253137,0.9545694664553619,34.13699796296859,26.305068255753856,22.291812349882946,17.266121431394605
Ripe,0.003842869342442357,0,0,0.9559918124302196,0.9820079165167327,0.8683075361583354,0.953819139596137,32.90674177943788,25.525075010715813,24.13201885983712,17.436164350009182
Ripe,4.598758335249483e-05,0,0,0.9533725089422586,0.951592711086382,0.9440543601359004,0.7863321799307958,36.00073583517292,33.06199411331862,20.304451802796173,10.632818248712288
Ripe,4.6034157344749805e-05,0,0,0.9551630434782609,0.9542321477805349,0.9016156257535568,0.8107865168539325,37.270969523984895,33.39471503544793,19.09124390019335,10.243071540373814
Ripe,0.0,0,0,0.9627772205505405,0.9453412990974959,0.8272233536999322,0.882223040117777,39.87468337554992,34.95978314002578,13.091587788294895,12.073945696129405
Ripe,0.0,0,0,0.9630055147058824,0.9453409682457053,0.7553916004540295,0.9427402862985685,38.098573054364,33.63389652455572,15.425019697102337,12.84251072397794
Ripe,0.0,0,0,0.9793931159420289,0.9250535331905781,0.9601684506053694,0.859375,38.753839403247035,34.835454146555506,25.00658183413778,1.4041246160596754
Ripe,0.0038369713506139153,0,0,0.966642668586513,0.8427480916030534,0.868020304568528,0.9184086311530681,35.667208764872036,28.032183514508258,23.60695026962253,12.693657450997176
Ripe,0.0,0,0,0.9819593514501027,0.9457344775365977,0.9653221390764738,0.8821656050955414,38.96774193548387,35.25695216907675,24.378197997775306,1.3971078976640712
Ripe,0.16906968760727772,0,0,0.9878787878787879,0.8432203389830508,0.9441391941391941,0.966789667896679,30.675480272670935,24.375129105556702,22.557322867176204,22.392067754596155
Ripe,0.17181779480630055,0,0,0.9834983498349835,0.8490484429065744,0.948499776085983,0.9591078066914498,31.15040608615195,23.768890716562147,22.956718412665776,22.12398478462013
Ripe,8.76385785022567e-05,0,0,0.9630887185104052,0.9695172577392954,0.8770472347495846,0.937799043062201,40.0105175511635,36.94728077479294,18.462684604934484,4.579517069109076
Ripe,0.0001314233144959916,0,0,0.9511705685618729,0.9747986191024166,0.9172755126090031,0.9847991313789359,39.30073606729758,38.073957237995096,18.590080616894497,4.035226077812829
Ripe,0.0,0,0,0.9901238002503825,0.9519584505518286,0.9246179966044142,0.8988657844990549,45.46259406817176,29.222791374185796,18.62391703029153,6.690697527350914
Ripe,0.0,0,0,0.9853443369379624,0.9530434782608695,0.9294193134424126,0.9016393442622951,44.360285299501356,29.034905005365147,19.67430410907025,6.930505586063246
Ripe,0.0,0,0,0.949556775010553,0.9924994484888595,0.9337349397590361,0.9847522236340533,35.09369676320272,33.57529071920599,19.6726168431968,11.65839567439449
Ripe,0.0,0,0,0.9432341851696691,0.9919791892477781,0.9396126091910368,0.9692101740294511,35.32632825218292,34.134971141038925,19.483498594050612,11.055202012727541
Ripe,0.0,0,0,0.983635716826752,0.9665749115218246,0.914725770097671,0.806695464362851,39.32568550643536,35.576385002797984,18.620593172915502,6.477336317851147
Ripe,0.003765165248919258,0,0,0.9777777777777777,0.9933377748167888,0.8616491422246818,0.9934282584884995,49.44708846584546,31.515957446808514,12.646976483762598,6.389977603583427
Ripe,0.0,0,0,0.9778049632995456,0.9692156862745098,0.9220582671206962,0.8187001140250855,39.89680658206666,35.55989401757077,18.428392134988147,6.114907265374424
Ripe,0.0,0,0,0.9371890547263682,0.9512067156348374,0.9678571428571429,0.953125,41.25898049948683,32.603489565514884,23.947998631542937,2.189531303455354
Ripe,0.0,0,0,0.951689819614348,0.918869405914682,0.9701386420191966,0.9572953736654805,41.08877151133072,32.55239393423071,23.964900323734877,2.3939342307036973
Ripe,0.10703386676590994,0,0,0.9521094640820981,0.8838028169014085,0.5786163522012578,0.6519756838905775,43.86096524131033,30.774360256730848,19.879969992498125,5.484704509460698
Ripe,0.11158893749536591,0,0,0.9497206703910615,0.8695771554091158,0.5893599334995844,0.7163120567375887,44.817225838758134,30.39559339008513,20.080120180270406,4.707060590886329
Ripe,0.00916347834301639,0,0,0.9606879606879607,0.893719806763285,0.980452150263471,0.918212478920742,31.04352385946513,29.603851837727035,28.045001668494063,11.307622634313773
Ripe,0.00902774495438862,0,0,0.9743183259353202,0.8433104350670592,0.9689512799339389,0.9232623543591804,30.086807211676046,29.161499570733568,28.88009157683869,11.871601640751694
Ripe,0.0,0,0,0.9731527391462087,0.9709611970580776,0.9784543325526932,0.8283132530120482,36.88718383369764,35.17865905339698,19.04804389525806,8.88611321764732
Ripe,0.0003561729219536085,0,0,0.9728495618906577,0.9738246505717916,0.9803068468055873,0.8300993847610033,36.08871865674965,35.050995412639736,19.449516768360574,9.410769162250034
Ripe,0.002553666906072939,0,0,1.0,0.9401242236024845,0.9973997028231798,0.9165628891656289,33.4106728538283,32.20257620609649,21.53772301784143,12.84902792223378
Ripe,0.004000827757467062,0,0,0.9758716875871688,0.9935897435897436,0.8760869565217392,0.9812154696132597,49.657178474963644,31.33180968211095,12.743264769028325,6.267747073897084
Ripe,0.002638522427440633,0,0,0.9545028142589118,0.9913846153846154,0.9695772421967602,0.969534787978592,34.18310084976752,26.054192720859387,20.290203623536957,19.47250280583614
Ripe,0.0,0,0,0.9603429796355841,0.9278232717577605,0.9025674786043449,0.7312717770034843,41.354091639426,29.09302454429608,16.83195744916616,12.720926367111751
Ripe,0.0,0,0,0.967951264733148,0.9168969601263324,0.9034887512226932,0.730152027027027,41.82916020385553,28.063372479503656,16.989807223576335,13.117660093064481
Ripe,0.0,0,0,0.9774520856820744,0.994585589337776,0.9972271237711117,0.9020408163265307,43.228461580115884,26.003140737531815,21.481561704662372,9.286835977689933
Ripe,0.0,0,0,0.9734104046242774,0.9960143483459546,0.997437868306431,0.912291169451074,42.35121314329235,27.298444130127297,21.232727668371233,9.117615058209118
Ripe,0.0,0,0,0.9655125959854506,0.8991778450887062,0.9678196523834107,0.9503239740820735,30.504643708391548,28.49100024656859,23.88016766663927,17.124188378400593
Ripe,0.0,0,0,0.971371237458194,0.8725290697674418,0.9661827497865073,0.9510423986882174,30.53637812002124,28.10572327300952,23.9184607214347,17.439437885534538
Ripe,0.0,0,0,0.9206606217616581,0.8718269574544154,0.9851337958374629,0.9866412213740458,28.68422274859505,25.981143467558404,23.43133156843621,21.90330221541034
Ripe,0.0,0,0,0.9168497019140257,0.8742046900563534,0.9849879903923139,0.9904438309619877,29.53660797034291,25.491195551436512,23.15106580166821,21.821130676552364
Ripe,0.002102207317683568,0,0,0.9858914728682171,0.9122137404580153,0.9825367647058824,0.9491896627244854,32.35190851181221,28.911069870090788,27.285950744846264,11.45107087325074
Ripe,0.0,0,0,0.9783303730017762,0.8320659062103929,0.9794212218649517,0.9888971132494448,38.56692697629812,21.619399917796958,21.304288258665572,18.50938484723935
Ripe,0.0023014959723820483,0,0,0.9836804476220081,0.9251242015613911,0.9696859684153204,0.9377646062658763,32.265182287748864,28.263376962038013,27.62649816960032,11.844942580612807
Ripe,0.012632867716623072,0,0,0.9445855115758028,0.9220425222605851,0.8755966587112172,0.9726277372262774,37.73531732611882,31.0167963025589,18.893022207191972,12.354864164130312
Ripe,0.012366310160427808,0,0,0.9696094818416654,0.9205828779599271,0.8643024618991794,0.9688473520249221,37.117879300620416,30.96446700507614,19.244218838127466,12.673434856175971
Ripe,0.005923344947735192,0,0,0.9310344827586207,0.8955193062151559,0.8520090548953028,0.989805375347544,38.456595396658486,28.29185652529501,20.644935155976167,12.606612922070335
Ripe,0.006006181118432562,0,0,0.9229475615349335,0.8860992039191672,0.8659430918157818,0.9877105143377333,38.37263874222692,28.739880323829638,19.99882670421213,12.888654229731314
Ripe,0.008795122214428318,0,0,0.9715044000558737,0.9892791127541589,0.976698483997754,0.8887896382313533,38.97114861186717,29.45019052803484,19.39031028851388,12.188350571584104
Ripe,0.008685800604229608,0,0,0.9702397743300423,0.9916761256148316,0.9234806629834255,0.8877679697351829,38.58503401360544,28.76734693877551,19.700680272108844,12.946938775510203
Ripe,0.0,0,0,0.9457192593764836,0.9542494301530446,0.9214982042072858,0.9034969737726967,32.68504629390162,31.769513267470128,20.16241659338954,15.38302384523871
Ripe,0.0,0,0,0.952674230145867,0.93833417807062,0.925161611138737,0.9109078590785907,32.366364160940044,31.0496773855112,21.09846299113466,15.4854954624141
Ripe,0.020751761942051684,0,0,0.9566532258064516,0.9204590423426988,0.8964776632302406,0.7317073170731707,29.748100759696122,25.259896041583367,23.270691723310676,21.721311475409834
Ripe,0.0,0,0,0.9656419529837251,0.8196125907990315,0.9847036328871893,0.9902034664657121,37.809380555175714,22.589908382332833,21.454943251743472,18.145767810747984
Ripe,0.022089182493806772,0,0,0.9828388598022106,0.893212669683258,0.9021847070506455,0.9293598233995585,36.28879037365421,23.327000211104075,21.25818028287946,19.126029132362255
Ripe,0.013888888888888888,0,0,0.9196829590488771,0.7921052631578948,0.8755244755244755,0.9096228868660599,36.020175104682146,28.93033878949372,20.41301865245527,14.636467453368862
Ripe,0.014064564848027185,0,0,0.9200988467874794,0.8004557291666666,0.8212824010914052,0.9079634464751958,34.86835806606032,29.411201531833413,21.05313547151747,14.667304930588799
Ripe,0.02216796875,0,0,0.961133069828722,0.9048285514345696,0.8547486033519553,0.8422120750887874,30.32058324178568,28.54289423749126,21.45211225406971,19.68441026665335
Ripe,0.021125389408099687,0,0,0.9606871489924017,0.9052594914663881,0.8522991175104505,0.845309381237525,30.10442565887618,28.552958727001492,21.412232720039782,19.930382894082545
Ripe,0.014338444065871665,0,0,0.9167502507522568,0.9792110874200426,0.9506172839506173,0.8972303206997084,28.719573671323634,27.020020164194154,24.49949589514619,19.760910269336023
Ripe,0.01657928298143687,0,0,0.9687814702920443,0.9171384457025219,0.9422268907563025,0.935862691960253,28.616714697406344,27.9971181556196,27.43515850144092,15.951008645533141
Ripe,0.0,0,0,0.9525233644859813,0.9620007754943777,0.8163145539906104,0.8942875902823375,31.541091852375896,30.409149864402785,20.091970286522816,17.957787996698503
Ripe,0.0,0,0,0.9629760225669958,0.9520628683693517,0.8071303331385155,0.8980848153214774,33.1540799625906,29.752162730886134,20.00233808744447,17.091419219078794
Ripe,0.002512562814070352,0,0,0.9490176572991793,0.9593308335736949,0.6893139841688655,0.9089529590288316,38.95562875411742,33.58845185041658,14.687076148033325,12.768843247432669
Ripe,0.016639871382636656,0,0,0.9406189015890717,0.903938969328974,0.7087058823529412,0.8046283934134402,29.322324858987987,26.252758930761054,26.05656829886373,18.368347911387232
Ripe,0.002510864316755191,0,0,0.954318522216675,0.9624060150375939,0.6446111869031378,0.9107424960505529,38.78400619614677,34.766192274179495,14.193048697841029,12.256752831832705
Ripe,0.00042658476239228736,0,0,0.9319254100202202,0.9375768001966085,0.9404761904761905,0.7370689655172413,37.99078183680437,34.73028337316491,19.358142710822808,7.920792079207921
Ripe,0.0004247727465805794,0,0,0.9343018213356461,0.9243473628129995,0.9306803594351734,0.6726246472248354,39.19768825429203,31.905490396056436,19.862315145334016,9.034506204317525
Ripe,0.007584207004238233,0,0,0.9813519813519813,0.9842820730671198,0.9808231992516371,0.8815502183406113,28.927848954821307,26.455383232187007,24.027871431782426,20.58889638120926
Ripe,0.007176023638666104,0,0,0.9893536121673003,0.9820919820919821,0.9869494290375204,0.8603531300160514,27.954931972789115,26.11607142857143,26.06292517006803,19.866071428571427
Ripe,0.00235519888346127,0,0,0.8793616445766838,0.9514903565166569,0.8221619527314994,0.8762233736327001,32.32491037859578,29.92043368016088,22.56710675876541,15.187549182477921
Ripe,0.002361378345285989,0,0,0.8496570644718793,0.9505238649592549,0.8232303480641376,0.8733747880158281,31.95406329446831,30.121855001314984,22.41606031384238,15.508021390374333
Ripe,0.11172385620915033,0,0,0.9066455696202531,0.7403887688984881,0.8505629477993859,0.7822198842714361,29.06415267877673,26.61531386525638,22.464934467693723,21.85559898827317
Ripe,0.11397384206903334,0,0,0.8566350710900474,0.7397319498486814,0.8469669117647058,0.7863247863247863,28.102108768035517,25.67147613762486,24.150943396226417,22.07547169811321
Ripe,0.0,0,0,0.9709864603481625,0.9588984792437321,0.9655502392344497,0.9904306220095693,37.469198434555736,35.2659805768952,15.147122771416146,12.117698217132917
Ripe,0.017217851982661743,0,0,0.9434197753432256,0.9004982871379632,0.7084507042253522,0.8109318996415771,29.44827867848246,26.226160820026955,26.0954792338792,18.230081267611386
Ripe,0.0,0,0,0.9784900885702236,0.9514054311576942,0.9678391959798995,0.98856416772554,37.92386436340371,33.57325655790147,15.9149072296865,12.587971849008317
Ripe,0.00031318509238960227,0,0,0.9375,0.9152366094643786,0.9203869047619048,0.8094834885690093,30.32581453634085,30.122180451127818,21.052631578947366,18.49937343358396
Ripe,0.0006297229219143577,0,0,0.919831223628692,0.9437665782493369,0.9279069767441861,0.8472983555207517,29.867674858223065,29.69439193446755,20.321361058601134,20.116572148708254
Ripe,0.14769909065858364,0,0,0.9471138342470171,0.866923406076166,0.8214629451395573,0.9608621667612025,33.41954952042246,25.18590365341093,22.394654596400475,18.99989222976614
Ripe,0.14666424945612763,0,0,0.9554079696394687,0.8614970865082923,0.8303954263935207,0.9557752341311134,33.58827278521351,23.698746547694924,22.29657956235394,20.416401104737623
Ripe,0.003527419809989653,0,0,0.9643877036788174,0.8471241170534813,0.902572412396192,0.8191220409101356,28.097418228158777,28.06437910039175,23.302024826544578,20.536177844904895
Ripe,0.003247608180461687,0,0,0.9727124425329972,0.8241932920044508,0.878799920524538,0.8064585575888051,29.689151109545612,27.69901373723142,22.160091581542794,20.45174357168017
Ripe,0.042276738097546784,0,0,0.9110889110889111,0.9476309226932669,0.8693073501376827,0.9545854087313215,30.40396881644224,28.41956059532247,23.89895717323074,17.277513415004556
Ripe,0.0021632937892533148,0,0,0.9839002267573697,0.9864896342883764,0.8996685748719494,0.924901185770751,30.84131757465557,30.02307853696063,23.211413385551438,15.924190502832367
Ripe,0.04184851129861313,0,0,0.9412444297738901,0.9257532281205165,0.8686675180928054,0.9547577349678926,30.664507313123135,28.22005162204565,23.776506908244343,17.338934156586873
Ripe,0.0,0,0,0.9671897289586305,0.9869816779170685,0.9648682559598495,0.91,31.058927780239255,30.630630630630627,23.541574361246493,14.768867227883623
Ripe,0.0,0,0,0.9652745190051619,0.985721085197525,0.9633607075173721,0.90973630831643,31.333627407734156,30.892515806499045,23.27598882517277,14.49786796059403
Ripe,0.0,0,0,0.9159049360146252,0.9743820224719101,0.8449295134151887,0.8930399181166837,30.012070668276092,24.41566992208932,24.130363217381763,21.441896192252827
Ripe,0.0,0,0,0.9224504249291785,0.9130434782608695,0.9466911764705882,0.8124661246612466,31.194079310725726,24.389705070142494,24.036231083618688,20.379984535513092
Ripe,0.0,0,0,0.8874551971326164,0.839907192575406,0.9104859335038363,0.8573935936814392,27.8972102789721,25.857414258574142,23.45765423457654,22.78772122787721
Ripe,0.0,0,0,0.9294826364280652,0.8461538461538461,0.9072563331902104,0.8619153674832962,28.26805569468096,25.914053891615747,23.32966042271862,22.488229990984674
Ripe,0.0,0,0,0.9465174129353234,0.9850096711798839,0.9856418918918919,0.8924640135478408,35.23739956172388,30.211833455076697,17.2972972972973,17.253469685902118
Ripe,0.0,0,0,0.9484276729559749,0.9561049445005045,0.8956254796623178,0.9900249376558603,34.70100392841554,28.837479994180125,18.958242397788446,17.503273679615887
Ripe,0.0,0,0,0.9807399898631526,0.9506868615709757,0.9313432835820895,0.8551440329218107,39.42057942057942,28.361638361638363,20.07992007992008,12.137862137862138
Ripe,0.0,0,0,0.9580378250591016,0.9857397504456328,0.957665433621044,0.932443703085905,34.456776295692904,28.561246308929846,24.773444659403317,12.208532735973932
Ripe,0.002296610759273436,0,0,0.9848550411077456,0.9827006246996636,0.9391462306993642,0.9288572698977323,32.240513392857146,29.031808035714285,23.039899553571427,15.687779017857142
Ripe,0.0,0,0,0.9770114942528736,0.9523492169276908,0.9256115826260609,0.9067164179104478,39.18526674006606,30.037033329996998,20.04804323891502,10.72965669102192
Ripe,0.01097737120847376,0,0,0.8879598662207357,0.9257020974049058,0.9417517006802721,0.7745746691871456,29.111089475221497,27.387790867490995,22.899425567130756,20.60169409015675
Ripe,0.027420528997816065,0,0,0.9027777777777778,0.8251173708920188,0.9476291578202406,0.6657824933687002,29.34131736526946,28.343313373253494,23.502994011976046,18.812375249501
Ripe,0.02357797523263136,0,0,0.9265603003284842,0.9495713565305093,0.8075075075075075,0.8077564637197665,30.53883634279163,28.417884780739467,23.860705073086844,17.18257380338206
Ripe,0.022706566683019132,0,0,0.9243736829782252,0.9511767651477215,0.8583963691376701,0.8012631578947368,30.627465041233414,28.641089996414486,23.700250986016496,17.031193976335604
Ripe,0.0034957395674022284,0,0,0.9909525006282985,0.9921094160967912,0.8764227642276423,0.8174659985683608,43.619820214865165,20.839728129796097,20.22582766937075,15.314623985967991
Ripe,0.0033967391304347825,0,0,0.990990990990991,0.8703703703703703,0.9917197452229299,0.885,45.39877300613497,20.858895705521473,17.836855260168143,15.905476028175414
Ripe,0.4409287776708373,0,0,0.973741794310722,0.9752158173210804,0.9935602575896965,0.8979166666666667,39.33720680008608,38.637830858618464,11.695717667312245,10.329244673983215
Ripe,0.44209646609360076,0,0,0.9753694581280788,0.9750623441396509,0.9935304990757856,0.9040959040959041,39.09693986732292,38.61545046008988,11.577145302803338,10.710464369783864
Ripe,0.09319202856813731,0,0,0.9939458689458689,0.9928251121076234,0.9691482226693494,0.889054355919583,35.670731707317074,28.328252032520325,18.940548780487802,17.060467479674795
Ripe,0.0,0,0,0.9473278024310245,0.9409645787472484,0.9442080378250591,0.9735074626865672,30.32767700409596,29.239321240491517,24.751316559391455,15.681685196021064
Ripe,0.09198848644758935,0,0,0.9949127906976745,0.9924141008478358,0.9001490312965723,0.9603559870550162,36.34922731475366,29.599788667283057,17.72553163386607,16.325452384097215
Ripe,0.0,0,0,0.9085137085137085,0.9349789283564118,0.9913350449293966,0.9086429112964367,27.62937564787497,26.489115700502353,24.846503468622917,21.03500518299976
Ripe,0.0,0,0,0.926483110984956,0.9360073484384568,0.9530501437240498,0.902069475240207,27.90274037699984,25.86725803896721,24.79803579914462,21.431965784888327
Ripe,0.0,0,0,0.8013721006207122,0.8361436950146628,0.8895152198421646,0.8807377049180328,28.108356290174473,25.050505050505052,24.435261707988982,22.405876951331496
Ripe,9.208951100469657e-05,0,0,0.8049349783261087,0.8772874058127018,0.8371837183718371,0.8916844349680171,27.62018787990422,25.667710443912323,25.11512249032971,21.596979185853748
Ripe,0.0,0,0,0.86562874251497,0.9726792921452965,0.8807705081368317,0.9380566801619433,32.4221480158422,25.013590121922807,23.382775491185836,19.181486371049157
Ripe,0.0,0,0,0.8525519848771267,0.9408373786407767,0.9240204429301533,0.9338976219266425,32.6946847960445,25.46353522867738,22.67459826946848,19.16718170580964
Ripe,0.0,0,0,0.880547686496695,0.9734269240411131,0.8419509594882729,0.8537653239929948,29.70338685926653,27.971390505574647,26.309515461748827,16.01570717341
Ripe,0.0,0,0,0.8757879990660752,0.9812788718696815,0.8130718954248366,0.8450582649978421,29.46072362085569,28.29137432934379,26.310359059017745,15.937542990782777
Ripe,0.0,0,0,0.9596818431157432,0.8509965200885795,0.9061543692621558,0.9753313696612665,29.25224646983312,25.36103979460847,23.595956354300384,21.79075738125802
Ripe,0.0,0,0,0.9925900976759852,0.9648497198166073,0.8897532188841202,0.9608119537637441,34.6461287122936,22.906820701324467,21.751560767839432,20.695489818542505
Ripe,0.0,0,0,0.9418145956607495,0.8780396558174336,0.9839421918908069,0.8873771730914588,31.923601637107772,28.05121208941127,26.141253017105676,13.883933256375276
Ripe,0.0,0,0,0.9312836021505376,0.8847847358121331,0.9534307654198663,0.7898326100433974,37.93499043977056,26.054811982154234,25.72976418100701,10.280433397068196
Ripe,0.0,0,0,0.9344786929425636,0.951278928136419,0.913923433308949,0.7869047619047619,37.521329709915946,25.94324717183846,25.917967515641788,10.617455602603805
Ripe,0.0,0,0,0.9625334522747547,0.8608297941849069,0.9006102877070619,0.9051530993278566,33.439395445958034,30.436511882271056,22.8099830963508,13.314109575420105
Ripe,0.0,0,0,0.9598004694835681,0.8521540469973891,0.896598030438675,0.908256880733945,34.032354703415216,30.597163970441382,22.30876772518474,13.061713600958658
Ripe,0.005204718945176961,0,0,0.9549244985350462,0.9267862393413702,0.9744186046511628,0.7742857142857142,38.69026857342169,29.656435298221133,22.49738402511336,9.155912103243809
Ripe,0.005208333333333333,0,0,0.9633363886342805,0.9430037047591906,0.9739805825242719,0.7697628458498024,38.08027923211169,30.619546247818498,22.469458987783593,8.830715532286213
Ripe,0.0022651565622918055,0,0,0.9585012087026591,0.9153967419863374,0.9906129210381005,0.881578947368421,33.14636752136752,25.413995726495724,24.185363247863247,17.254273504273502
Ripe,0.002259436469962786,0,0,0.950910530482977,0.9102902374670184,0.9868421052631579,0.938985736925515,33.648594644998006,25.24310643399494,24.29732249900093,16.810976422006128
Ripe,0.0006265664160401002,0,0,0.9897981332754504,0.9918394353771505,0.9394785847299814,0.9530931339225017,36.105015673981185,35.53291536050157,16.83385579937304,11.528213166144202
Ripe,0.0,0,0,0.9649974878579802,0.9738276990185387,0.9738617200674536,0.9769462078182426,31.082769390942218,28.64133263925039,24.695471108797502,15.580426861009892
Ripe,0.0007051633628457259,0,0,0.9907243816254417,0.9890527256478999,0.9526682134570765,0.9479623824451411,35.50258742355339,35.094872196957816,16.89665987141289,12.505880508075897
Ripe,0.0,0,0,0.9735161976826673,0.9972704714640198,0.975787728026534,0.9838174273858921,30.904706226249633,29.450453083893596,22.03303127740427,17.6118094124525
Ripe,0.0,0,0,0.9780556866446437,0.9965770171149144,0.9818430969510106,0.9337273111017307,31.125146886016452,30.038190364277323,21.43801410105758,17.39864864864865
Ripe,0.0017647728566549015,0,0,0.6699837163017912,0.9655369383092155,0.7582559339525283,0.9010416666666666,31.51981750784146,29.951525520387793,22.104362703165098,16.424294268605646
Ripe,0.00012791813239526704,0,0,0.7613369820172009,0.9656408094435076,0.7040993071593533,0.8505846686877436,32.72564447003135,30.346062815838295,22.15825497345359,14.770037740676772
Ripe,0.0,0,0,0.9563643292682927,0.9687660010240655,0.9676190476190476,0.9624645892351275,43.22543447821431,32.17197924388436,12.972572275759822,11.630014002141504
Ripe,0.0,0,0,0.9517527327553713,0.9565458068087462,0.9596309111880046,0.9717514124293786,43.96387438893032,29.936200182285194,14.367387521749938,11.732537907034551
Ripe,0.08276130034969563,0,0,0.947782842934107,0.9102180418982471,0.8593805624777501,0.8946515397082658,34.07229596159277,33.02739339169726,19.831968370516805,13.068342276193166
Ripe,0.08203833203833204,0,0,0.9496623695518723,0.8791873784309487,0.8349928876244666,0.8962722852512156,34.47132679692459,32.637370388657686,19.83494392325598,13.05635889116174
Ripe,0.00288,0,0,0.8989520958083832,0.9205138498594941,0.8932773109243698,0.9191135734072022,28.58365425759521,26.647411210954214,25.459991442019685,19.308943089430894
Ripe,0.0,0,0,0.962163956189844,0.971195652173913,0.9722457627118644,0.9742043551088777,31.30227001194743,28.673835125448026,24.51820684639759,15.50568801620695
Ripe,0.003809950694755715,0,0,0.8914604948124502,0.8974137931034483,0.8972172351885098,0.9177559912854031,28.188976377952756,26.09673790776153,25.061867266591676,20.65241844769404
Ripe,0.0017274886633556468,0,0,0.9343396226415094,0.8788386376326075,0.9283202596700028,0.854486950303897,35.82630326627731,29.055807916937056,19.99242915855505,15.125459658230586
Ripe,0.0016712491239419915,0,0,0.9289841849148418,0.8877423945917097,0.9327001356852103,0.8622913505311077,35.51139431904093,30.354249918997734,19.899557187601253,14.234798574360083
Ripe,7.242702976750923e-05,0,0,0.9574744661095635,0.9231757451181911,0.9112571898110107,0.9054892601431981,39.00478053020426,28.190641749963785,17.630015935100683,15.174561784731278
Ripe,7.20513005259745e-05,0,0,0.9547872340425532,0.9103521878335112,0.9013732833957553,0.8993770963104936,40.6398616515348,27.006773310275257,17.315175097276263,15.038189940913677
Ripe,0.02046365857030926,0,0,0.9463414634146341,0.9382902434421589,0.9796714579055441,0.9705723542116631,34.724509481014444,24.93295064226227,22.914412083000045,17.428127793723238
Ripe,0.020926824800805936,0,0,0.9430104778941988,0.9890880748246298,0.9806479669493368,0.944560669456067,36.60259108554324,24.002619147841543,21.509751648660025,17.885038117955194
Ripe,0.002615615782736936,0,0,0.9024472008045592,0.8543215119983011,0.9330232558139535,0.7509331523583305,33.28869545809619,26.274969311460772,23.992857939962057,16.443477290480974
Ripe,0.0029054410987849975,0,0,0.8887840176183734,0.8774712144253748,0.9607485166590598,0.7579960373620153,33.679470198675496,24.386754966887416,23.2158940397351,18.717880794701987
Ripe,0.2890838486984036,0,0,0.986031746031746,0.9822950819672132,0.9849211788896505,0.9947916666666666,31.863240946793447,30.85170948816508,29.516487962775646,7.76856160226583
Ripe,0.0033678538351435547,0,0,0.9903529927647445,0.9869913275517012,0.9511661807580175,0.9485006518904824,38.531722564839065,25.327363352200727,23.18154937906564,12.959364703894568
Ripe,0.2964722822174226,0,0,0.9851760345892526,0.9735593220338983,0.9812734082397003,1.0,33.13548915268113,30.18829308227589,27.32296356938191,9.353254195661071
Ripe,0.006548918436197659,0,0,0.988429172510519,0.9405940594059405,0.9380804953560371,0.8431584640346133,28.48581701957651,27.237315221733922,25.809029165001995,18.467838593687574
Ripe,0.006842522808409361,0,0,0.9863060595686409,0.9442365269461078,0.9366306027820711,0.8451472191930207,29.166250624063906,26.67998002995507,25.841238142785823,18.312531203195206
Ripe,0.008630096220613035,0,0,0.9760765550239234,0.9060869565217391,0.8983347940403155,0.9768692845615923,35.551330798479086,23.01380828497098,22.83370022013208,18.60116069641785
Ripe,0.009126078762027577,0,0,0.9736842105263158,0.8900871007880548,0.9026032315978456,0.9751585623678647,34.61807988787666,24.13655020522575,22.304534988487337,18.94083491841025
Ripe,0.07519228013184924,0,0,0.9255018820577164,0.9408787203887427,0.9724837074583635,0.851832863368367,32.93558551578077,25.51268144015703,21.400898806756548,20.150834237305645
Ripe,0.07075996292863762,0,0,0.8751748795274367,0.9360302909525707,0.9348157837366471,0.8515566625155666,32.07998803171595,25.023687228843567,22.87438288535381,20.02194185408667
Ripe,0.23711052116808717,0,0,0.9882533197139939,0.994263862332696,0.9300087489063867,0.9063291139240506,35.86080586080586,28.736263736263734,20.934065934065934,14.46886446886447
Ripe,0.24546838245468383,0,0,0.9770875763747454,0.9924433249370277,0.9305054151624549,0.8915510718789408,36.01687144690996,29.121584448927194,20.319090408949204,14.542453695213645
Ripe,0.017990788716177316,0,0,0.9570735349010825,0.9799216454456415,0.9930335655478151,0.9694072657743786,39.26425326102888,29.92818408324784,23.142312765645613,7.665249890077678
Ripe,0.003525856279382136,0,0,0.989113868930982,0.9883682286473912,0.9500723589001447,0.9634308510638298,38.69418702611626,25.34962089300758,23.28559393428812,12.670598146588036
Ripe,0.02260695378451853,0,0,0.9746835443037974,0.9783571077225774,0.9917825537294563,0.9584905660377359,39.320743668569754,29.761381935294978,23.159127506953595,7.758746889181673
Ripe,5.236150382238978e-05,0,0,0.9218699967979507,0.8683012259194396,0.9277818717759764,0.8846905537459283,32.706707859873276,29.899984290726294,21.317484421636905,16.07582342776352
Ripe,0.0,0,0,0.9254736182871458,0.8670874978081712,0.9398907103825137,0.8997699638514624,33.65830522765599,30.053752107925803,20.25189713322091,16.036045531197303
Ripe,0.0055184055054210215,0,0,0.9822646657571623,0.9070828331332533,0.9033140772271208,0.595895816890292,43.06698002350176,27.190233711972844,21.47147147147147,8.271314793053923
Ripe,0.005781097759012667,0,0,0.9831486260816761,0.9066119691119691,0.9420549581839904,0.6055419722901385,43.03541094995427,27.074349928132758,21.87377499019992,8.016464131713054
Ripe,0.031412977562158884,0,0,0.9075400168491997,0.8869209809264306,0.858830146231721,0.8480392156862745,29.72702228900576,27.573253193087904,22.26396193338342,20.435762584522916
Ripe,0.03214480295417398,0,0,0.863664404688464,0.901025412394115,0.8471264367816091,0.8518518518518519,30.416562421816362,28.05854390793095,21.766324743557668,19.758568926695023
Ripe,0.0,0,0,0.9841316485454011,0.9358361774744027,0.9484536082474226,0.8793314309009377,30.09373894587902,25.910859568447115,22.302794481782808,21.69260700389105
Ripe,0.0,0,0,0.9838140082401413,0.9378512396694215,0.949685534591195,0.872366790582404,29.838426413768882,26.563048823322795,22.339304531085354,21.259220231822972
Ripe,0.0008833922261484099,0,0,0.9986241056686846,0.9107891061452514,0.8663582626574146,0.7620282339383463,35.70095294233225,28.136359170841928,19.112879457707045,17.049808429118773
Ripe,0.0017705382436260624,0,0,0.9474531910610026,0.9508126603934988,0.948182016111474,0.938386855862584,29.366205510228216,27.64573725907532,27.155019510464705,15.83303772023176
Ripe,0.001384083044982699,0,0,0.9982332155477032,0.9145654834761322,0.9375,0.7909987669543773,34.86563486563487,31.454531454531455,21.19042119042119,12.489412489412489
Ripe,0.0,0,0,0.9932867132867133,0.9984045947670709,0.9111111111111111,0.8878695208970439,40.34988713318285,35.372460496613996,13.205417607223477,11.072234762979685
Ripe,0.0,0,0,0.998925020155872,0.9987129987129987,0.9182948490230906,0.7463524130190797,42.06420981234456,35.13452407867963,12.728917024643907,10.0723490843319
Ripe,0.0,0,0,0.968803176403857,0.8898630136986302,0.9581464872944694,0.9412698412698413,44.35778085293748,22.95886275003145,16.83230595043402,15.851050446597057
Ripe,0.0,0,0,0.9692121943857531,0.8932228181374939,0.9386828160484482,0.9727782225780625,41.756995210486515,25.850768842954373,16.649861356188556,15.742374590370556
Ripe,0.0,0,0,0.9646772228989038,0.952203600248293,0.9465753424657535,0.8588744588744589,27.982276755282893,27.453987730061353,24.880708929788682,19.683026584867076
Ripe,0.0,0,0,0.9857618903362617,0.8902762012864169,0.8593406593406593,0.9695852534562212,39.32570883964737,31.4867762687634,16.261615439599712,12.925899451989517
Ripe,0.0,0,0,0.9942874323511726,0.88855193328279,0.841374269005848,0.8990654205607477,39.585812901690076,31.397286360390382,16.28183765770055,12.735063080218994
Ripe,0.00031255860473838843,0,0,0.953792502179599,0.9882169853268119,0.8807526061530638,0.9488731920618904,28.68934467233617,28.12656328164082,24.59354677338669,18.59054527263632
Ripe,0.0018893546672964516,0,0,0.944047619047619,0.9517438034656723,0.9809902740937224,0.9291876347951115,29.81366459627329,26.968352558414672,26.76131322094055,16.456669624371486
Ripe,0.00025075225677031093,0,0,0.9508948057616762,0.9874005305039788,0.8527249683143219,0.9575422851225406,28.73087534487083,28.36719337848006,24.736644093303237,18.165287183345875
Ripe,0.0002566405748748877,0,0,0.9528917910447762,0.8711685823754789,0.9394812680115274,0.9153689911983751,27.518932101142347,26.800154023873702,26.72314208702349,18.957771787960468
Ripe,0.00016579623642543314,0,0,0.8601156069364162,0.9600519649236765,0.8856951871657754,0.8727272727272727,28.68750518199154,25.528563137384957,24.80722991460078,20.976701766022718
Ripe,0.0008233058898036732,0,0,0.9424778761061947,0.7595048629531388,0.7404773996952768,0.9501501501501501,35.81162451670153,28.674652975850922,24.960385371109844,10.553337136337706
Ripe,0.0007671653241273494,0,0,0.9575949367088608,0.8775847808105872,0.6418169963051511,0.9210985178727115,37.90786948176583,29.006717850287906,22.077735124760075,11.00767754318618
Ripe,0.0,0,0,0.959121548162644,0.9496021220159151,0.9889737065309584,0.9524281466798811,42.06145966709347,37.927565392354126,10.782879092738247,9.228095847814158
Ripe,0.0,0,0,0.9457883369330453,0.9525729191368272,0.9634888438133874,0.7837541163556532,43.09381980640357,39.24981384959047,9.177215189873419,8.47915115413254
Ripe,0.0,0,0,0.9715585893060296,0.8995268577790148,0.9751243781094527,1.0,40.86200026563952,23.861070527294462,22.692256607783236,12.584672599282772
Ripe,0.0,0,0,0.9882112354144111,0.9473538376281518,0.9556500607533415,1.0,55.44217687074829,24.069627851140456,10.977724423102575,9.51047085500867
Ripe,0.011164794985635936,0,0,0.972083035075161,0.9678149358813176,0.9829867674858223,0.9865607819181429,27.6724991746451,26.259491581379997,24.45031363486299,21.617695609111916
Ripe,0.0015475085112968121,0,0,0.9869522402757263,0.9909190974133186,0.9485220856858186,0.9663177059626764,31.478611283322998,28.161810291382515,23.33384996900186,17.025728456292622
Ripe,0.009215885947046844,0,0,0.9792954264524104,0.970341715022566,0.9298892988929889,0.9499749874937469,33.25967418675163,23.911814584511024,22.2827483426692,20.545762886068143
Ripe,0.013241718238077902,0,0,0.9656776464671863,0.9299211426871001,0.8887474541751528,0.9107722258273848,36.67973253400969,30.99377449850127,18.113903620013836,14.212589347475213
Ripe,0.013748558246828142,0,0,0.9633239292126187,0.9363496932515337,0.8862155388471178,0.9058325187357446,36.47845815596202,30.50007016887309,18.664920241380923,14.356551433783974
Ripe,0.0032258064516129032,0,0,0.9318072289156627,0.9251012145748988,0.9928547124872406,0.9136085626911316,32.75712368774173,23.395690267582285,23.198358197174205,20.648827847501778
Ripe,0.0033693238379661535,0,0,0.935369632580788,0.9512114171921673,0.9952153110047847,0.9136043784206411,34.71379177871686,23.150211294660007,22.48175182481752,19.65424510180561
Ripe,0.0,0,0,0.9889835487661575,0.9496935108856479,0.9543193125282677,0.9616279069767442,36.718623590960576,25.516423062402243,23.84984628660806,13.915107060029126
Ripe,0.0,0,0,0.9891112419070042,0.9504950495049505,0.9812725631768953,0.9635875814488309,36.97094984223697,24.725274725274726,24.11054292242411,14.193232510064194
Ripe,0.0,0,0,0.9736647276573241,0.9401721664275466,0.8147851614625033,0.9135311143270622,41.22340425531915,30.38890826648064,16.336763167073595,12.050924311126614
Ripe,0.0,0,0,0.9833614974652282,0.9042110970540393,0.8508983641727005,0.9770642201834863,41.62653536064066,29.93885612250419,20.177479573616147,8.257128943239001
Ripe,0.0,0,0,0.9194950911640953,0.9355227478156071,0.9284420289855072,0.9324104234527687,28.177363262725265,26.23300663926652,26.17767941827379,19.41195067973443
Ripe,0.0,0,0,0.9394512771996215,0.9910168882500898,0.946645109135004,0.932062966031483,32.91126102750389,28.88427607680332,25.6772184743124,12.527244421380384
Ripe,0.001388567461235825,0,0,0.9896931927133269,0.9974604966139955,0.9597644749754661,0.9640883977900553,32.22865971417536,27.377365778292777,23.61529548088065,16.778679026651215
Ripe,0.0,0,0,0.9148048853142687,0.9357686453576864,0.925434439178515,0.9304482225656878,27.083501411859622,26.502622025010087,25.534489713594194,20.879386849536104
Ripe,0.01096133906087987,0,0,0.9662713120830244,0.9394553881807648,0.9682013911891355,0.9078681909885676,40.407368578703014,25.84993260446308,22.607458439418902,11.135240377415007
Ripe,0.010946745562130178,0,0,0.9721234798877456,0.9695752009184845,0.9654264076391176,0.9070385126162018,39.97158241100808,26.054442117858212,22.711636254860903,11.262339216272808
Ripe,0.07646356033452807,0,0,0.9950176458376583,0.9478458049886621,0.9270931326434619,0.8319488817891374,41.54376886589047,26.6235446313066,18.335489435101337,13.497197067701597
Ripe,0.07722439843312814,0,0,0.9953547297297297,0.9342800528401585,0.9328140214216164,0.8249275362318841,41.02919518322793,26.232348609546914,17.794334228536776,14.944121978688383
Ripe,0.0009099969666767777,0,0,0.8774876499647142,0.9502325581395349,0.9307197676830533,0.7365957446808511,30.729528105482306,27.975364330326162,20.90995836224844,20.385149201943094
Ripe,0.0009633507853403141,0,0,0.8586912342501016,0.954565570143089,0.9186447555285048,0.7232836447617048,30.944994130471237,28.421096763374145,20.664933758175415,19.968975347979207
Ripe,0.0003872366790582404,0,0,0.9538596932361076,0.9239983477901693,0.9598824139719868,0.9389281262982966,30.812737274347253,28.135895250639187,22.402572247617574,18.648795227395986
Ripe,0.0001934909639719825,0,0,0.9597465523667537,0.9211543772438553,0.9583333333333334,0.9403486662465869,31.15420343706456,28.03065490013934,22.387366465397122,18.42777519739898
Ripe,0.025163772486222313,0,0,0.9680502068178577,0.9960665658093797,0.8404754457303723,0.9798136645962733,37.391999999999996,35.25333333333333,17.050666666666668,10.304
Ripe,0.006606843506557538,0,0,0.9938063063063063,0.9992559523809523,0.9533333333333334,0.9633838383838383,35.25908278737344,26.68254913639071,22.33472304943419,15.723645026801666
Ripe,0.027560812318678865,0,0,0.9685085289400788,0.9776516495211067,0.9970394736842105,0.9878499735868991,39.3516924842226,32.346528973035,17.441193344807804,10.860585197934595
Ripe,0.00283913189933112,0,0,0.9579842931937173,0.9058242506811989,0.885617509119333,0.7648279952550415,36.86902808609208,28.337033104912653,18.521378245343115,16.272560563652156
Ripe,0.0027847128864989436,0,0,0.9552835373469898,0.9016223679668622,0.8934618390205783,0.7601405301820504,38.54597977852672,27.896003851709196,18.48338950409244,15.074626865671641
Ripe,0.004941192845709513,0,0,0.9591271779840417,0.9755307664627564,0.9826407154129405,0.7478510028653295,42.950062945866556,38.872569590152466,13.295565813400476,4.881801650580501
Ripe,0.005142589995324918,0,0,0.9711092003439381,0.9687039764359352,0.9556650246305419,0.9780461031833151,39.03732545649839,36.46616541353384,12.265037593984962,12.231471535982815
Ripe,0.0,0,0,0.9997252747252747,0.9586578789694428,0.9226190476190477,0.901218450826806,47.162477325732056,21.62477325732055,16.325472920445712,14.887276496501684
Ripe,0.0,0,0,0.9989010989010989,0.9607843137254902,0.9178082191780822,0.8851737791465024,47.202230435064514,21.49387278739545,16.566167412306296,14.737729365233744
Ripe,0.0007253384912959381,0,0,0.9021573989668794,0.9631940112289458,0.9882926829268293,0.8404669260700389,26.54246310186305,25.856923945479476,24.800387127994192,22.80022582466328
Ripe,8.063215610385422e-05,0,0,0.9034630707937481,0.948291782086796,0.9891089108910891,0.8555438964672962,26.312394161761148,26.19950004031933,24.433513426336585,23.054592371582938
Ripe,0.00443698285166087,0,0,0.9876945349258053,0.873380693689929,0.9077558513079395,0.9069286452947259,33.281137075403514,28.824379667549987,26.246687545169838,11.647795711876656
Ripe,0.006816834617664493,0,0,0.9957470938474624,0.9988847583643122,0.95075421472937,0.9696586599241467,35.08405451109122,26.758181637322192,22.4211678106038,15.736596040982793
Ripe,0.003959683225341973,0,0,0.9730409777138749,0.8782717075197342,0.9375866851595007,0.9041095890410958,33.51403445368028,28.996506445006627,26.057101554029632,11.43235754728346
Ripe,0.0,0,0,0.9746105020196192,0.9993489583333334,0.9435665914221218,0.8398983481575604,35.066774585188185,31.0805341966815,17.927964386887897,15.924726831242412
Ripe,0.0,0,0,0.9672813801308745,1.0,0.9036544850498339,0.8837772397094431,34.04212231672742,30.943701903604698,18.286755771567435,16.727420008100445
Ripe,0.0,0,0,0.9647546648237734,0.9845397048489107,0.9800637958532695,0.8973897389738974,27.64087870105062,27.182425978987585,23.954154727793696,21.222540592168098
Ripe,0.0,0,0,0.9542662116040955,0.9838369641602249,0.97508038585209,0.9059117402164862,27.470466904181514,26.682917682355146,23.326457903618977,22.520157509844367
Ripe,0.0,0,0,0.9979392065945389,0.9307462686567164,0.8709327548806941,0.8037267080745342,36.32790567097137,31.34942915964814,17.256223095639154,15.066442073741342
Ripe,0.0,0,0,0.9979423868312757,0.9252839210998207,0.8793859649122807,0.826302729528536,36.438612933458295,31.358950328022495,17.094657919400188,15.107778819119025
Ripe,0.3607825295723385,0,0,0.928416485900217,0.983034415899176,0.9530516431924883,0.9735376044568245,38.27995255041519,24.472123368920524,20.2135231316726,17.034400948991696
Ripe,0.3581194531062605,0,0,0.9587950138504155,0.9879032258064516,0.9402901785714286,0.9765395894428153,35.97409068261086,24.71350274040857,22.321873442949677,16.99053313403089
Ripe,0.036009670441532,0,0,0.9667116509221773,0.9084287200832466,0.9187335092348285,0.80078125,29.342661034846884,25.36958817317846,25.013199577613516,20.274551214361143
Ripe,0.0035898830568398153,0,0,0.9604878886789211,0.9810027418723071,0.9163644122039685,0.8380776340110906,31.775751951525738,27.87270047491675,25.585457721491352,14.76608985206616
Ripe,0.04241580146872626,0,0,0.9653916211293261,0.9181961195595175,0.9164915966386554,0.8534704370179949,29.03609678698929,25.214861827317204,25.175195028427872,20.573846357265634
Ripe,0.40789473684210525,0,0,0.9526226734348562,0.937095282146161,0.9698149951314509,0.9563451776649746,27.649122807017545,25.28654970760234,24.023391812865498,23.04093567251462
Ripe,0.3904523934771173,0,0,0.9761538461538461,0.9073010664479081,0.9363799283154122,0.948,28.047464940668824,26.299892125134843,24.07766990291262,21.57497303128371
Ripe,0.018634136970511958,0,0,0.9717012175057584,0.8538651606071302,0.8931484502446982,0.9387216059165346,29.744543408045416,27.72829597729275,23.99921699128903,18.52794362337281
Ripe,0.019216061185468453,0,0,0.9712586719524281,0.9655765920826161,0.9040404040404041,0.9267042542286007,29.50579978555415,28.316600058485232,23.160152061604443,19.017448094356176
Ripe,0.04370572207084469,0,0,0.9587235518557059,0.9052581714827096,0.939269171384457,0.9003810560696788,32.85844540688397,24.059721905630273,22.14497378618646,20.936858901299292
Ripe,0.046788090304286184,0,0,0.9660007010164738,0.9061302681992337,0.9101917255297679,0.9427627958172813,32.64302059496568,23.89016018306636,22.677345537757436,20.789473684210527
Ripe,0.006894912030432715,0,0,0.9287531806615776,0.9866379310344827,0.9001482946119624,0.9213551119177253,28.225999521187457,27.77112760354321,24.215944457744794,19.78692841752454
Ripe,0.005797444391859915,0,0,0.9067226890756303,0.9866379310344827,0.9043648847474252,0.9212740384615384,28.32321789836963,27.60918719504939,24.26514340116625,19.802451505414734
Ripe,0.0,0,0,0.9811253561253561,0.9413173652694611,0.9533627884143349,0.9284963196635121,30.35019455252918,27.075226977950713,22.01686121919585,20.557717250324252
Ripe,0.003653814691607133,0,0,0.9617447264926707,0.9804731505820503,0.8929465776293823,0.7775605942142298,30.618500273672687,29.151614668856045,26.228790366721398,14.001094690749863
Ripe,0.0,0,0,0.9848324514991181,0.9384615384615385,0.9534992954438704,0.9393611261505144,30.76171875,26.09592013888889,23.10112847222222,20.04123263888889
Ripe,0.012033521954014756,0,0,0.923110151187905,0.9222654081066074,0.9602094240837696,0.8928041543026706,33.567751758138186,26.11469586021895,20.771405785543394,19.54614659609947
Ripe,0.012288347503036364,0,0,0.9242854025747327,0.9175257731958762,0.9153792134831461,0.9611408199643494,33.150090415913205,25.960216998191683,20.6003616636528,20.289330922242314
Ripe,0.008800521512385919,0,0,0.9969620253164557,0.96440489432703,0.9263157894736842,0.984171322160149,32.472870766195335,29.562643867148964,20.30582045379809,17.658664912857613
Ripe,0.00827384815055159,0,0,0.9974502804691484,0.9757575757575757,0.905505341002465,0.9767857142857143,32.07917552756421,29.690822836577784,19.9083919515786,18.321609684279405
Ripe,8.821453775582216e-05,0,0,0.9568226763348715,0.9464466150218929,0.8523442967109867,0.9474535165723524,26.766651962946625,26.19320688134098,25.213939126599026,21.826202029113364
Ripe,0.00017655367231638418,0,0,0.9599162428956027,0.9445178335535006,0.8629825889477668,0.9511456982274102,29.516157513685325,26.734946141621048,23.326858555535935,20.42203778915769
Ripe,0.0003520713531275672,0,0,0.9884349654550916,0.9808612440191388,0.9805263157894737,0.9925133689839573,39.08194411833764,33.12397276355952,22.305705564686544,5.488377553416295
Ripe,0.00040926099158091676,0,0,0.9954198473282443,0.9932157394843962,0.9789983844911146,0.9765208110992529,38.31081476282389,34.4855822658946,21.72310931742411,5.480493653857402
Ripe,0.0,0,0,0.9614194722474977,0.977449774497745,0.9052901023890785,0.8805841924398625,27.86935132119491,24.74007201906984,23.776436577572653,23.614140082162603
Ripe,0.0,0,0,0.9901761517615176,0.9574303405572755,0.9917627677100495,0.9951010410287814,32.8364849833148,28.743047830923246,20.25583982202447,18.164627363737488
Ripe,0.0,0,0,0.9699901283316881,0.9456977440606907,0.980656379048033,0.9345991561181435,27.427302756267935,27.124059132506634,24.914712730817136,20.533925380408295
Ripe,0.009817671809256662,0,0,0.9555903866248694,0.8772528007793473,0.9910554561717353,0.9623456790123457,41.70843320984964,22.36870777947265,18.271954674220964,17.650904336456744
Ripe,0.008910359634997317,0,0,0.9556205155461068,0.8757854035766071,0.9490263459335624,0.9842805320435308,40.7603986135182,22.41117850953206,18.912478336221834,17.915944540727903
Ripe,0.0004069530841230161,0,0,0.9894162924951893,0.9808414725770098,0.7888490201490478,0.8095474888115366,36.268465743864134,30.964289868558797,21.071303943236014,11.69594044434105
Ripe,0.00047022864868042085,0,0,0.991175543649543,0.9692365409866817,0.7904575892857143,0.8813073394495413,37.31843575418994,31.349603057924142,21.07615407233167,10.255807115554248
Ripe,0.009645868465430018,0,0,0.828957055214724,0.9989353207346287,0.9801553062985332,0.9404091313370887,27.755074240566678,25.58915679062798,23.682059664895792,22.973709303909548
Ripe,0.021758528382181345,0,0,0.803594351732991,0.9800498753117207,0.9437191760951552,0.9963647379581945,27.329497614369913,25.322761717653663,24.186079146786415,23.16166152119001
Ripe,0.0,0,0,0.9974006683995544,0.8561064087061668,0.9912564766839378,0.9897765997728133,47.20144893666745,19.32694554802524,18.04159850432344,15.430007010983877
Ripe,0.0,0,0,0.9955479900484483,0.9093250901597115,0.9900596421471173,0.9933877868533645,44.63993453355155,22.691138648585458,17.640869768529342,15.028057049333645
Ripe,0.0,0,0,0.9784250269687162,0.9642857142857143,0.9964440932437771,0.9508498873643252,29.790652832614086,24.55238270131301,23.23937195849784,22.417592507575062
Ripe,0.0,0,0,0.9962623173632348,0.9132295719844358,0.9822433954092681,0.9362113402061856,31.3953488372093,27.41625773415831,24.631960742479198,16.556432686153187
Ripe,0.0,0,0,0.9956501475842784,0.9726131608976797,0.9782859338970024,0.9458216713314674,29.39135199305968,24.008036162732296,23.761472078900507,22.83913976530752
Ripe,0.035453394370312655,0,0,0.9482758620689655,0.9283168316831684,0.9546485260770975,0.9624101713653952,33.969504190649296,25.497324043219226,22.26598000605877,18.267191760072706
Ripe,0.03574907461523476,0,0,0.9373237229708555,0.9568189996401584,0.9095238095238095,0.9617277200656096,32.23557935144964,28.073542782099203,21.214264067077483,18.476613799373673
Ripe,0.010717437901903921,0,0,0.979462285287528,0.9610705596107056,0.9489962018448183,0.9047244094488189,34.13204180474127,26.191690033137903,23.48967626816212,16.186591893958706
Ripe,0.01396266504780695,0,0,0.9712,0.9763736263736263,0.9948420373952289,0.9128697042366107,28.85947360320148,28.012929044174236,23.872556564568264,19.25504078805603
Ripe,0.025375453133091662,0,0,0.9341924869755964,0.8802838630052453,0.8836401528308441,0.6754098360655738,32.297201558625574,28.701735742118313,25.49592631951824,13.505136379737866
Ripe,0.029160118735812816,0,0,0.9615171650055371,0.8810879190385832,0.8505247918928701,0.706253948199621,32.48201438848921,28.43525179856115,24.847122302158272,14.235611510791365
Ripe,0.0016950023113667882,0,0,0.9551756885090218,0.9405628813225743,0.927617148554337,0.8434355828220859,27.08890718254785,26.142210331343897,25.802634286890306,20.966248199217947
Ripe,0.0014949994844829363,0,0,0.9223908918406072,0.9415833973866257,0.932590855803048,0.8633836378077839,27.208425835097323,26.86767515101451,26.423666683876295,19.500232330011873
Ripe,0.0,0,0,0.9337314582931998,0.985797827903091,0.9851986497013763,0.8436167187944271,29.924482619473107,27.601314348302303,22.19980400069176,20.27439903153283
Ripe,0.0,0,0,0.9836309523809523,0.9673643135863782,0.9647473560517039,0.9985928705440901,30.927835051546392,25.948085419734905,23.499631811487482,19.624447717231224
Ripe,0.0,0,0,0.9287833827893175,0.9862422997946612,0.9804294645284044,0.8324621733149932,29.323046580428098,28.249898485991064,21.34114507802077,21.085909855560068
Ripe,0.0018073570061662768,0,0,0.9765190026627936,0.9031095087877422,0.9526992287917738,0.9606946983546618,43.99829587815528,23.63403983384812,20.715731174779,11.651933113217595
Ripe,0.0017148981779206859,0,0,0.9769808577659317,0.9219640508548882,0.9759373251259094,0.9544235924932976,44.30964140004295,24.490015031135925,19.18617135494954,12.014172213871591
Ripe,0.0201647704982346,0,0,0.9548286604361371,0.8607249931861543,0.8619359814886233,0.9064665127020786,35.98654708520179,29.380204996796927,20.763933376041,13.869314541960282
Ripe,0.019145569620253166,0,0,0.9369057908383751,0.8559556786703602,0.8230500582072177,0.8408085912823753,37.32860138732054,29.117599612840785,20.785610582351993,12.768188417486693
Ripe,0.016990956426418197,0,0,0.9601455868971792,0.8474114441416893,0.8930903155603918,0.9324324324324325,30.638416504042375,28.64789517702816,20.496236409255644,20.217451909673823
Ripe,0.01654480439771575,0,0,0.9659646166807077,0.8630616611554173,0.9314775160599572,0.923374827109267,32.20817278992782,27.899278233027623,20.274597058663918,19.617951918380637
Ripe,0.0024825243352714446,0,0,0.9131460433197512,0.9414114513981359,0.9317020704490454,0.9160280970625798,30.539000589429566,24.59231121880935,24.356539393542473,20.512148798218615
Ripe,0.002353402627966268,0,0,0.8651660352128371,0.9485407066052227,0.8947948223629854,0.8924930491195552,29.40174300504554,25.59465303715353,23.79267413668829,21.21092982111264
Ripe,0.0011007944864554417,0,0,0.9403413892175089,0.7833068643020998,0.6590687706993961,0.7910447761194029,28.350342580614253,27.15250826505678,24.593934167026017,19.903214987302956
Ripe,0.0,0,0,0.9845078979343864,0.9766866831508301,0.9678169833268708,0.9981060606060606,30.442019604216757,26.17902718697984,23.84871462918439,19.530238579619013
Ripe,0.0012935990801073208,0,0,0.9364364364364365,0.8149068322981367,0.658359497645212,0.7895631067961165,28.755097145598462,27.0328615975054,24.447109618613577,19.76493163828256
Ripe,0.0010295631710545668,0,0,0.9526306885467772,0.7466973004020678,0.6278166278166278,0.8439179286761114,29.00961915979584,25.633097762073024,25.265017667844525,20.09226541028661
Ripe,0.0010747960330255509,0,0,0.954397950469684,0.6250237687773341,0.7598210812913263,0.8298735385349558,28.635007580574168,25.720154545899156,25.14794346358879,20.496894409937887
Ripe,0.0029579395426015437,0,0,0.9255202628696605,0.9646338067390698,0.9839311334289813,0.9521345407503234,26.425470332850942,25.98408104196816,25.217076700434156,22.373371924746742
Ripe,0.0023223746280571886,0,0,0.9390471120574927,0.9802872430301324,0.9460713250217454,0.954515050167224,27.329599185276788,25.831090419727943,25.089110351349387,21.750200043645886
Ripe,0.001709534540368327,0,0,0.9699234414874225,0.8773866348448688,0.9529411764705882,0.9538632573652029,42.70257647699852,26.091694559041024,17.20245971822215,14.003269245738304
Ripe,0.00186219739292365,0,0,0.9638682252922423,0.8899625935162094,0.9536662168241116,0.9753777280358142,43.88992537313433,24.937810945273633,17.28078358208955,13.891480099502488
Ripe,0.0022052586938083123,0,0,0.9559675550405562,0.9410545023696683,0.9657301636307503,0.9010017678255745,29.34376062563754,28.6977218633118,27.533151989119347,14.425365521931315
Ripe,0.0016127663186486715,0,0,0.9640350877192982,0.9348466981132075,0.9537853450896929,0.9090909090909091,29.076687638156777,28.83863288556368,27.96293147423907,14.12174800204047
Ripe,0.002287121745249824,0,0,0.9692982456140351,0.7283072546230441,0.7574598316755929,0.9174041297935103,40.20454946217598,24.79280550167519,23.047081643449125,11.9555633926997
Ripe,0.0,0,0,0.9635658914728682,0.9956709956709957,0.9821917808219178,0.9969135802469136,29.655172413793103,26.551724137931032,25.17241379310345,18.620689655172416
Ripe,0.0024104683195592287,0,0,0.9693196976433971,0.7721954576737784,0.814868804664723,0.8430555555555556,38.81601656886434,25.07766655160511,23.67966862271315,12.426648256817398
Ripe,0.0056351634197391726,0,0,0.9464285714285714,0.9726715002788623,0.9554367201426025,0.8943661971830986,29.922279792746114,29.031735751295333,27.250647668393785,13.795336787564766
Ripe,0.005294400770094658,0,0,0.9481723949809057,0.9706533776301218,0.9540964555490994,0.8976190476190476,29.56451612903226,29.12903225806452,27.758064516129032,13.548387096774196
Ripe,0.00033582805603530995,0,0,0.9622804491793838,0.9457912964914923,0.9274331944103947,0.9293598233995585,33.33493305178288,31.871190670442,19.575754667178575,15.218121610596535
Ripe,0.0003822995316830737,0,0,0.9617224880382775,0.942396657215341,0.873810104954845,0.9320508842693143,32.97160340376709,32.0346113395162,19.586002485897314,15.40778277081939
Ripe,0.00577036890905504,0,0,0.9792730549714629,0.858273381294964,0.8363977485928705,0.890846418996553,33.027431916265684,27.58073317128826,26.439803561684606,12.952031350761448
Ripe,0.005869957856712823,0,0,0.9768795218622208,0.8765548435733133,0.8570620403545163,0.8908005617977528,32.086802927075446,26.777693666414333,26.762553620994193,14.372949785516024
Ripe,0.01979958952070506,0,0,0.9623210248681235,0.9331202921707372,0.9438202247191011,0.9276918219134828,32.68875477275526,26.979923635915753,20.827688138933368,19.503633452395615
Ripe,0.020472632282364376,0,0,0.9305048953733922,0.9247747747747748,0.9480324421748273,0.9243483788938335,32.30587943438353,27.536591416521954,20.646241627387745,19.511287521706773
Ripe,0.024279097564619753,0,0,0.9507685916078106,0.9688859878154917,0.8660058737151248,0.8781014023732471,36.85782099379833,35.188729806293544,20.855983462215757,7.097465737692367
Ripe,0.0,0,0,0.9355573153830925,0.8411749415128672,0.8755220044972695,0.7351421188630491,39.50723504106375,30.089949159170903,24.348846304262807,6.053969495502542
Ripe,0.0,0,0,0.9608469836196564,0.988768898488121,0.9852941176470589,0.9975772259236826,28.727189257431423,26.569493859749798,25.75461953402961,18.948697348789164
Ripe,0.027453011691579102,0,0,0.9707511633060049,0.9676739283204497,0.9042098840756558,0.9279778393351801,34.33767024271475,32.4811686829491,24.941033249638593,8.240127824697558
Ripe,0.010125507791184138,0,0,0.9247967479674797,0.9500753579502638,0.7951253973860827,0.9113513513513514,33.14957736126424,32.51255665809139,17.34043856425334,16.997427416391034
Ripe,0.01205185951670826,0,0,0.9306152982981111,0.9283418415579504,0.8999314599040439,0.7926783713111692,32.943133509950094,32.58579261906229,17.97794344156244,16.49313042942517
Ripe,0.0,0,0,0.8706680957484816,0.980482686253935,0.9223082687984012,0.9756726870622927,32.777094677674334,27.899759939106506,23.438140406346974,15.885004976872183
Ripe,0.0,0,0,0.8829926870429402,0.987724268177526,0.942266380236305,0.9820761762509336,31.31532589547857,31.092190252495595,21.867293012331178,15.725190839694655
Ripe,0.002777060191165074,0,0,0.9525560224089635,0.9720405862457723,0.9583057577763071,0.886443661971831,36.99242277054595,28.722233015996373,19.571271290719512,14.714072922738165
Ripe,0.0028427445406383253,0,0,0.9577800476676881,0.9729977116704805,0.956337569240795,0.8892032060348892,38.05883115200208,28.31411170143838,19.884670208630297,13.742386937929247
Ripe,0.0,0,0,0.9561946365732314,0.8900594732370434,0.8954749439042633,0.91646408839779,34.33893078878287,24.521855077294887,22.28426184424351,18.854952289678735
Ripe,0.0,0,0,0.9675864561995421,0.8962962962962963,0.8622486969471332,0.9562770562770563,34.249515083983326,24.514052247121455,22.16994758780075,19.066485081094466
Ripe,0.0,0,0,0.9880145278450363,0.9209157127991675,0.9727164887307236,0.9529197080291971,37.848240469208214,26.420454545454547,23.17631964809384,12.554985337243401
Ripe,0.0,0,0,0.9638577882537812,0.9406932478461231,0.9843214110730034,0.9847539847539848,29.85923753665689,29.272727272727273,23.941348973607038,16.9266862170088
Ripe,0.0,0,0,0.9873297809354648,0.9311492641906096,0.9782139352306183,0.9157237612173235,38.71899500252166,26.170281050845905,23.35977259181147,11.75095135482096
Ripe,0.0,0,0,0.9120645709430756,0.9584026622296173,0.8994932432432432,0.8746028383816988,30.531776913099872,28.581928231733677,20.475572849113703,20.410722006052744
Ripe,0.0,0,0,0.8510276399716513,0.9466745667308547,0.8861721799876721,0.9195890104981014,30.475161987041037,29.161987041036717,21.02375809935205,19.339092872570195
Ripe,3.887118090647594e-05,0,0,0.8701731879409879,0.9379061371841155,0.9063227953410982,0.8354354354354354,30.301263362487852,26.919339164237122,23.36248785228377,19.416909620991255
Ripe,7.76910228023152e-05,0,0,0.8764894298526585,0.94831013916501,0.8718038528896672,0.8350694444444444,30.321277339652696,27.357134532457945,22.182510391981662,20.139077735907694
Ripe,0.02745822487194559,0,0,0.970785149117468,0.8766437964551173,0.7309264305177112,0.6832910679064526,35.464513900880675,30.202037644620965,19.012260404075292,15.321188050423071
Ripe,0.027833500501504512,0,0,0.9725294761152303,0.894323756131745,0.7273733126797964,0.6362023070097604,35.36669245980569,30.67234115725217,19.426532542343736,14.534433840598401
Ripe,0.0,0,0,0.9811926098019692,0.8869334994549135,0.9169087739686229,0.8540009358914366,36.30557898541993,25.79025585411897,20.737438245571756,17.166726914889345
Ripe,0.0,0,0,0.9798933570317707,0.92570625877946,0.8780160857908847,0.8529068409992996,36.13229509512724,25.716464638355944,20.960102753471944,17.191137513044875
Ripe,0.0,0,0,0.9699319727891157,0.9118822292323869,0.9367561260210036,0.8180322474498191,37.83004786659118,24.473724844304908,22.054660558958258,15.641566730145659
Ripe,0.0,0,0,0.9662605435801312,0.9408702894024568,0.9818365287588294,0.9826942653545979,31.29215789782392,28.171740278022174,23.250630535515278,17.28547128863863
Ripe,0.0,0,0,0.9693683925182977,0.9068544995794785,0.9355676185980647,0.8253760627861347,37.97416233465438,24.478871789592876,21.807607185135623,15.73935869061712
Ripe,0.0,0,0,0.9325672815240399,0.9485353617090144,0.9714070729872084,0.8873087696617108,29.072527472527472,27.16043956043956,23.367032967032966,20.4
Ripe,0.0,0,0,0.9277761500146499,0.9584332533972821,0.968046198267565,0.8827383642114777,30.0678354330015,27.552638534049862,22.883446392388336,19.496079640560303
Ripe,0.028990928644907883,0,0,0.9522782078944029,0.9531578097237926,0.863579785909883,0.8723404255319149,37.941827988057405,29.81315612058172,19.344120196475007,12.900895694885872
Ripe,0.029079008882655445,0,0,0.9259501965923984,0.9604805564337654,0.8594177656133366,0.8446115288220551,36.73921417565486,30.460323574730353,19.351887519260398,13.448574730354391
Ripe,0.0,0,0,0.9390383514596451,0.9829467939972715,0.9192765769739745,0.9314481576692374,35.43610547667343,29.736308316430023,22.99188640973631,11.835699797160244
Ripe,0.0,0,0,0.9822085889570552,0.9503105590062112,0.9218269653052261,0.9197860962566845,32.99929142625772,32.59439214495394,23.048891588217433,11.357424840570909
Ripe,0.001154068090017311,0,0,0.9081881533101045,0.9309031556039173,0.9520682862770847,0.7503607503607503,41.45002888503755,26.545349508954363,21.995956094742926,10.008665511265164
Ripe,0.0012277914199046655,0,0,0.8968159373403712,0.917135961383749,0.9575862068965517,0.7392614920874152,42.46872514281582,26.965073396485646,20.970424470316,9.595776990382529
Ripe,0.0,0,0,0.9339185160649222,0.9502772643253234,0.980701754385965,0.6518298714144412,36.997549019607845,33.14950980392157,17.463235294117645,12.389705882352942
Ripe,0.0,0,0,0.9593138644740573,0.9455416787685158,0.9831125345756296,0.8801335559265442,29.63367501260292,28.927911275415894,28.856494706771972,12.581919005209208
Ripe,0.0,0,0,0.9270120560443141,0.9414218009478673,0.9840933191940615,0.5782057303898543,37.49312809235844,32.221611385987416,17.28055708264614,13.004703439008003
Ripe,0.0,0,0,0.9145828723168843,0.9259645464025026,0.9520720720720721,0.9308380797396257,33.25728584044745,28.230791875183986,20.422431557256402,18.08949072711216
Ripe,0.0,0,0,0.9425363276089829,0.9255096706743335,0.9463974939088061,0.9257045260461144,33.4388573952735,28.16756239416918,21.151439299123904,17.24214091143341
Ripe,0.0,0,0,0.9400781059311691,0.9658634538152611,0.9779713114754098,0.8635312259059368,31.626075880968003,30.753792118568835,22.602184569068665,15.017947431394497
Ripe,0.0,0,0,0.9355153883732291,0.9645407843628618,0.9779163857046528,0.8716480083311637,31.562716829851205,30.764782977411148,22.86639426412767,14.806105928609975
Ripe,0.001936762453832988,0,0,0.940702588483888,0.890591530729939,0.8969835949902981,0.9087399087399087,34.17121711268559,27.388420055056635,25.583284444243876,12.857078388013898
Ripe,0.001841703351001707,0,0,0.942253331538565,0.8926657736101808,0.8914066585323339,0.9714563736620175,33.432338778632825,26.87547815129832,25.817919985599207,13.874263084469646
Ripe,0.0,0,0,0.9525666834423755,0.8425044091710758,0.9178302900107411,0.7322071448352258,34.836730221345604,24.85207100591716,24.483892176199866,15.827306596537365
Ripe,0.0,0,0,0.9494615761135585,0.9212792127921279,0.8392889208116359,0.6931884908984146,35.78246781679656,24.918994658026097,24.384797267711708,14.913740257465626
Ripe,0.0,0,0,0.9586867578086019,0.8904606032265606,0.8313138512710858,0.8201207243460764,39.65728758557917,33.851755114963,16.656773121215718,9.834184178242115
Ripe,0.0,0,0,0.9606510969568295,0.9386520737327189,0.9853939215107701,0.8769747899159663,29.732345762141232,29.223129366214966,28.52453497180372,12.51998989984008
Ripe,0.0,0,0,0.9544147843942505,0.9094425483503982,0.8351014760147601,0.8288100208768268,38.55746011638494,34.79672222002296,17.16479949329005,9.481018170302047
Ripe,0.0,0,0,0.9447814590138435,0.8347918890074707,0.8928886925795053,0.820675105485232,33.90822784810126,24.709915611814345,23.881856540084385,17.5
Ripe,0.0,0,0,0.9456099456099456,0.8459915611814346,0.9011962782454586,0.8262583383869011,33.89161004898088,24.96444936008848,23.77416126823616,17.369779322694477
Ripe,0.0,0,0,0.8959965807095028,0.8670174165457184,0.7856244761106455,0.7404602388581416,33.84934413580247,26.581790123456788,23.013117283950617,16.555748456790123
Ripe,0.0,0,0,0.8952857142857142,0.8677425338527175,0.7863674147963424,0.7501419647927314,33.775633293124244,26.012062726176115,23.218335343787697,16.99396863691194
Ripe,0.0,0,0,0.9529118572927597,0.9487577639751553,0.9324144802391232,0.7909556313993175,32.30234725870689,27.28582323531904,25.51478688246759,14.897042623506481
Ripe,0.0,0,0,0.9558573853989814,0.9471715755025713,0.9357737104825291,0.8077809798270893,32.50827884860321,27.243780249639126,25.515835951430756,14.732104950326907
Ripe,0.009013068949977467,0,0,0.8569187323501726,0.8488705058860961,0.7890161991307784,0.9761012183692596,28.985902683037747,28.585720782173716,23.01955434288313,19.40882219190541
Ripe,0.009995414947271894,0,0,0.8583175205566097,0.8831548198636806,0.8083538083538083,0.9270487920416864,29.288625416821045,28.53834753612449,22.61948869951834,19.553538347536126
Ripe,0.008609786944255278,0,0,0.6613858217314771,0.696945967110415,0.7372310367311454,0.685507574044766,30.660909670771797,25.062558265050782,22.574947254796136,21.701584809381284
Ripe,0.0,0,0,0.9359477124183007,0.9687411196362603,0.9292424242424242,0.9556304408873911,30.785947120608476,28.3230713509598,26.560424966799467,14.33055656163226
Ripe,0.008509796160696616,0,0,0.6520711923137502,0.7503918495297806,0.7266514806378133,0.7140814867762688,31.68163672654691,25.469061876247505,21.906187624750498,20.943113772455092
Ripe,0.0,0,0,0.8972903958008228,0.8511994002998501,0.7919616826322365,0.7632110886514583,34.13559322033898,25.840193704600484,23.25423728813559,16.769975786924938
Ripe,0.0,0,0,0.8954798231855127,0.868788386376326,0.7859333469638111,0.754416449464234,33.83019778099373,25.918958031837917,23.59382537385432,16.657018813314036
Ripe,0.00742410181625348,0,0,0.9963868816008894,0.9892772041302621,0.8592848904267589,0.9623015873015873,48.056631494590626,33.63162815546948,11.580072125016695,6.7316682249232
Ripe,0.007676019057702488,0,0,0.9934426229508196,0.9763458401305057,0.8614525139664805,0.9633401221995926,48.813016804481194,32.70205388103494,11.936516404374501,6.548412910109362
Ripe,0.008754052802223251,0,0,0.9846975088967972,0.9458858413639734,0.7547993019197208,0.8615847542627884,39.39068267837951,25.21377505724032,21.41955983365263,13.975982430727536
Ripe,0.00866985024804117,0,0,0.9756831587817504,0.9440015186028854,0.7776174773289365,0.8138747884940778,38.85043494528107,24.637545599102047,22.69198391170143,13.820035543915443
Ripe,0.006638063628268437,0,0,0.9507903370116314,0.853375196232339,0.8785329744279946,0.8869974646867077,27.32458642327439,25.955504848830575,24.219704995517887,22.500203732377148
Ripe,0.006552337809415952,0,0,0.9491864116471596,0.8280499519692603,0.8796389167502507,0.8892642642642643,28.523735852129306,25.429525282957417,24.35469424313981,21.69204462177347
Ripe,0.2044753086419753,0,0,0.8455284552845529,0.8007628449629796,0.7997155049786628,0.7800815771583957,29.42774005819593,28.819915939217587,22.728742321370838,19.02360168121565
Ripe,0.0,0,0,0.9541945445187854,0.9780048493245583,0.9488647204731921,0.9536704730831974,29.278215882264302,29.0019589130544,26.324777738711134,15.395047465970164
Ripe,0.20498842890203137,0,0,0.794962439239947,0.8362260792167334,0.8034532374100719,0.8421052631578947,29.277443560385535,29.070444401319616,22.478814929814348,19.173297108480497
Ripe,0.0067456542419787255,0,0,0.9881607929515418,0.9985697940503433,0.9991961414790996,0.9743178170144462,31.623857205050065,30.43970396168916,21.663038746190683,16.27340008707009
Ripe,0.03153416200884291,0,0,0.9952038369304557,0.9979959919839679,0.9545269995939911,0.978421052631579,32.328365922990784,30.08872426565596,21.2162977000603,16.366612111292962
Ripe,0.01008729388942774,0,0,0.9357798165137615,0.9245416078984485,0.9087809036658141,0.691683569979716,29.903978052126202,27.787575935724085,22.986478542034096,19.321967470115617
Ripe,0.010452961672473868,0,0,0.9361563517915309,0.9089605734767026,0.9070945945945946,0.687374749498998,30.027386541471046,27.2887323943662,23.161189358372457,19.522691705790297
Ripe,0.005224248398225727,0,0,0.966078697421981,0.9384347826086956,0.9275590551181102,0.9766441303011678,36.514070550931436,28.48791121680539,18.876337693222354,16.121680539040824
Ripe,0.003339067084893251,0,0,0.980327868852459,0.9558981713875941,0.9255555555555556,0.9787632729544035,37.15736040609137,28.314720812182742,18.274111675126903,16.253807106598988
Ripe,0.0018599932363882314,0,0,0.9274269557021678,0.9092685650474596,0.8191190253045924,0.9723726977248104,35.947823140775874,30.340504828053533,18.075554802642724,15.63611722852787
Ripe,0.0018581081081081082,0,0,0.9319875030040855,0.909784324039979,0.8233830845771144,0.9739837398373984,35.20900321543408,32.17126417329497,17.007953968522592,15.61177864274835
Ripe,0.0279939182541812,0,0,0.9962367430721861,0.7682026028842772,0.7677208287895311,0.9081242024670353,26.895472948104526,26.159366948840635,25.312845049687155,21.632315053367684
Ripe,0.00027307482250136535,0,0,0.9955195588488712,0.922180916976456,0.931773105910353,0.9282275711159738,39.62715105162523,27.55394700901393,17.215241737230265,15.603660202130564
Ripe,0.029806259314456036,0,0,0.9952574525745257,0.7875383043922369,0.7445594006421691,0.8787368421052631,26.67389536459745,26.53835727839523,25.327550374988704,21.460196982018616
Ripe,0.0,0,0,0.9721411514990713,0.9485154769425143,0.8344579397210976,0.7444733420026007,35.237471952131635,29.599850411368735,20.783470456245325,14.3792071802543
Ripe,0.0,0,0,0.9354921613980982,0.9380884450784593,0.8112652374947457,0.7351129363449692,33.19116267167107,29.89849014757315,20.293440245670904,16.616906935084877
Ripe,0.0072206176405243275,0,0,0.9491162292447777,0.8920032976092334,0.8005561172901922,0.823953823953824,31.33601879825445,27.145574577598747,22.13270672485174,19.385699899295066
Ripe,0.008311510873277923,0,0,0.9190115440115441,0.8912804744124753,0.7682895743053786,0.8202941176470588,31.82548794489093,26.13662456946039,22.520091848450058,19.517795637198624
Ripe,0.0,0,0,0.953798185941043,0.9969615124915597,0.9602184087363494,0.9285091543156059,34.584844623076165,29.036368983432997,25.134790706793453,11.243995686697382
Ripe,0.0,0,0,0.9537606087211004,0.996969696969697,0.9535415079969536,0.9355692850838482,33.678296865759904,29.272619751626255,25.882121032919375,11.16696234969446
Ripe,0.0009338812103100486,0,0,0.936835712116611,0.991008991008991,0.9575715764056572,0.916833000665336,30.781454477472426,28.070667414469995,27.098523088427743,14.049355019629836
Ripe,0.0005593362543115503,0,0,0.9343310934636531,0.9585406301824212,0.9896800825593395,0.9488524590163935,30.538196063800015,28.122376643969776,27.115007928364893,14.224419363865312
Ripe,0.009478223780863467,0,0,0.8962425277540563,0.8392788645953203,0.8668054110301769,0.7891597510373444,33.61561647768049,24.94617482417109,22.98933065403569,18.44887804411272
Ripe,0.0002730561813093044,0,0,0.9966353816185586,0.9181153943058705,0.9417513682564503,0.9324160259004451,38.559235233868215,27.10139979515193,17.466712188460225,16.87265278251963
Ripe,0.009162117256112033,0,0,0.9254410927717701,0.8253814950743674,0.8653010552451893,0.852112676056338,33.671904944423154,24.803564584131852,23.155423533921045,18.369106937523956
Ripe,0.0,0,0,0.9623227811225481,0.9529923830250272,0.9434980124929018,0.8875441250630358,33.76614859990819,30.133123483507113,23.096596498131024,13.004131418453667
Ripe,0.0,0,0,0.9647654272921938,0.9613319011815252,0.9349197247706422,0.8876574307304785,33.65214543072388,30.494595479855878,22.84965607599083,13.003603013429412
Ripe,0.0,0,0,0.9708412305000729,0.9733924611973392,0.9672691744015632,0.8488755622188906,36.487924247260345,23.99191403340781,21.778912650281946,17.7412490690499
Ripe,0.0,0,0,0.9707193816884662,0.9758957654723127,0.9677576941866145,0.9009269988412515,35.63748079877112,24.392181789289687,21.68547062874093,18.28486678319826
Ripe,0.002518627348095288,0,0,0.9838745800671892,0.9898395721925134,0.968421052631579,0.9692307692307692,46.975276170436615,19.673855865334033,18.99000526038927,14.360862703840086
Ripe,0.002435408725116476,0,0,0.9920861727852275,1.0,0.9711271515824542,0.9747832939322301,48.285744613098394,19.127481159112623,19.1168665746736,13.469907653115381
Ripe,0.0,0,0,0.9697278911564626,0.8579298347347057,0.9416869142658799,0.8457300275482094,43.039086517347386,25.245205679988285,21.087688478992828,10.628019323671497
Ripe,0.0,0,0,0.9550689375506893,0.8140065146579805,0.9561432875795112,0.8045627376425856,45.54184826771072,22.67858461993056,22.065450247469897,9.714116864888824
Ripe,0.0,0,0,0.9642122583299054,0.877545084351367,0.8605792832596957,0.9915302089215132,40.15526924347539,28.39444995044599,16.82358771060456,14.626693095474067
Ripe,0.0,0,0,0.8566308243727598,0.8975728155339806,0.8609653725078699,0.8223787167449139,29.85553772070626,27.554842161583736,25.494917067950773,17.09470304975923
Ripe,0.0,0,0,0.964404459221592,0.8729265402843602,0.8729388942774006,0.9915062287655719,41.5117317528619,27.40927173824795,16.741089551027034,14.337906957863117
Ripe,0.0074077756786317984,0,0,0.9177361396303901,0.7746478873239436,0.7324656543745481,0.8808071328015017,39.028299524167295,29.516654144753318,20.781367392937643,10.673678938141748
Ripe,0.010238235873203386,0,0,0.9664167916041979,0.8183466279912981,0.972632493483927,0.9324894514767933,33.170877262780984,27.43186791326835,22.896359657847622,16.500895166103042
Ripe,0.0009600877794541216,0,0,0.9875753012048193,0.9555752998667258,0.9233576642335767,0.7954319761668321,36.46348160351455,30.903349807797913,18.80834706205382,13.824821526633718
Ripe,0.0009648518263266712,0,0,0.9863739591218774,0.9630782918149466,0.881638846737481,0.7730769230769231,36.45143487858719,31.015452538631344,18.184326710816777,14.348785871964681
Ripe,0.002482744922786633,0,0,0.9872295673076923,0.9976489028213166,0.9854420894883322,0.9994532531437944,33.13256010752153,25.406939120911943,23.251530688436457,18.208970083130072
Ripe,0.0025791092153556196,0,0,0.9854201112280174,0.9984148999405588,0.9856837606837607,0.9983914209115281,33.08304326205867,25.096966683242165,23.27200397812034,18.547986076578816
Ripe,0.0,0,0,0.961789375582479,0.909934821252222,0.9320848938826467,0.9615885416666666,33.596342914396644,31.705178783893796,25.079842194251363,9.618636107458201
Ripe,0.0,0,0,0.916776007497657,0.9054609512624779,0.9325476429287863,0.9611147116007777,33.39593114241002,31.981220657276992,24.96400625978091,9.658841940532081
Ripe,0.026512614422862246,0,0,0.9993732765104036,0.9291784702549575,0.9706058788242351,0.8945748364755676,45.7427899776389,20.2396651568144,19.115876383234905,14.901668482311795
Ripe,0.0,0,0,0.9621791103272584,0.8468710089399745,0.8503963011889035,0.7340136054421769,39.92645332916047,30.63140599327126,23.69141694703075,5.7507237305375165
Ripe,0.0,0,0,0.9395113230035756,0.8915529324972334,0.8093236530378296,0.722576900754498,32.24752570385318,26.049774190448737,25.146535985394447,16.55616412030364
Ripe,0.03641580225115868,0,0,1.0,0.9175539175539176,0.9710948905109489,0.8910854158895934,44.06207054512139,20.97457627118644,19.61177278973889,15.351580393953276
Ripe,0.0,0,0,0.9706932181100882,0.8970281543274244,0.9994100294985251,0.962015503875969,43.832345191040844,31.587615283267457,13.957509881422926,10.622529644268774
Ripe,0.0018749490502975462,0,0,0.9821887623944179,0.8972762645914397,1.0,0.9717514124293786,44.478928454753344,31.48480888598497,13.917020581509309,10.11924207775237
Ripe,0.010926156779350297,0,0,0.978143063583815,0.968997152799747,0.8895934352853413,0.9606635071090047,41.04389086595492,23.43564650059312,19.876927639383155,15.643534994068803
Ripe,0.011666299801893022,0,0,0.9788922965902941,0.9616104868913857,0.8916791604197901,0.964963503649635,41.15070527097253,23.78619153674833,19.806978470675578,15.256124721603564
Ripe,0.16742479823917827,0,0,0.932436069986541,0.9926062846580407,0.9336322869955157,0.9197960129809921,32.737046175537536,28.60415932322876,19.65103983080719,19.007754670426507
Ripe,0.18795081967213115,0,0,0.9300866447564984,0.9824780976220275,0.9049394221808015,0.9043133366385722,33.78419299485213,24.195013626728574,21.661451498940142,20.359341879479157
Ripe,0.00798514391829155,0,0,0.9877338239803741,0.9242174629324547,0.9424710424710425,0.9187986651835373,30.52227630101086,28.406963684013476,24.241856982403593,16.82890303257207
Ripe,0.008166295471417966,0,0,0.9909769757311762,0.9312202852614897,0.9403563129357088,0.9130685089234312,30.07110778443114,29.51908682634731,24.15793413173653,16.25187125748503
Ripe,0.020147921448610048,0,0,0.9511376896149358,0.9170326988775013,0.7399158624102945,0.7493074792243767,35.68974492451848,31.998958875585632,21.03591879229568,11.275377407600208
Ripe,0.0,0,0,0.8884068031933356,0.9519367268302575,0.8790178571428572,0.9654556283502085,31.09384274998651,26.609465220441425,24.175705574442826,18.12098645512924
Ripe,0.02029783761729906,0,0,0.9479120554817766,0.9202384788913954,0.7437853802608909,0.7523105360443623,35.27850078084331,32.30609057782405,21.150442477876105,11.264966163456533
Ripe,0.004929496732775421,0,0,0.9691211401425178,0.9514759401536595,0.9602109300095877,0.8952978056426333,29.10138248847926,28.49078341013825,24.032258064516128,18.37557603686636
Ripe,0.005029146188135787,0,0,0.9859475883023168,0.9564193168433451,0.9549504950495049,0.9156146179401994,30.24698449167145,29.25904652498564,23.205054566341182,17.288914417001724
Ripe,0.0809683262886315,0,0,0.9891630543514505,0.9476493011435833,0.9397559075564789,0.9891818796484111,35.826066180862504,23.503762991279416,23.00203082069048,17.6681400071676
Ripe,0.08262092548673543,0,0,0.9650416495971597,0.968920521945433,0.9366748166259169,0.9104477611940298,44.026934407503155,25.341189202188417,24.589671135694104,6.042205254614321
Ripe,0.0,0,0,0.9986399183951037,0.9137047445858819,0.7249408050513023,0.9074651694739031,35.64992524950503,24.441391571376624,20.477595054345628,19.431088124772717
Ripe,0.0,0,0,0.9517198508081227,0.7976521470497374,0.8570740324393769,0.909241265247054,35.49834497977197,23.810224347186466,22.901802133137185,17.789628539904374
Ripe,0.010272175151833245,0,0,0.855151045701007,0.7874465049928673,0.7915276851234156,0.8711048158640227,29.34090909090909,26.5530303030303,22.71212121212121,21.393939393939394
Ripe,0.009560932558652644,0,0,0.8546875,0.7818696883852692,0.8169711985134717,0.8688981868898187,28.514145689463135,26.212222469740848,23.977129278978243,21.296502561817775
Ripe,0.0,0,0,0.9913949275362319,0.9077462047489295,0.94482421875,0.8925661914460286,40.15640629262526,23.360916613621896,18.623260889333455,17.859416204419386
Ripe,0.0,0,0,0.8886105544422178,0.9487378640776699,0.9312443642921551,0.9581589958158996,32.053958567528504,27.56811733847224,23.74605213853648,16.63187195546277
Ripe,0.0,0,0,0.991681654676259,0.9099804305283757,0.9459193706981318,0.8930980799169694,40.569135352061295,23.30353885443269,18.55162349507479,17.575702298431228
Ripe,0.0,0,0,0.9586938775510204,0.9209975252236817,0.917331631024577,0.9649725274725275,38.36036825953529,32.89910440283084,19.62171979708148,9.11880754055239
Ripe,0.0001889049807946603,0,0,0.9324215607401448,0.928341384863124,0.8855365474339035,0.9655405405405405,39.142209346265275,31.288575387328375,20.24814208338582,9.32107318302053
Ripe,0.0,0,0,0.961118930330753,0.984493041749503,0.927486003732338,0.7170172084130019,34.329890680678865,30.379899740291116,22.655070362988464,12.635139216041551
Ripe,0.0,0,0,0.9590520996689319,0.9820672980052387,0.9233367983367984,0.7450884086444007,34.60147112022187,29.922826480163994,23.200289400699383,12.275412998914748
Ripe,0.02711726384364821,0,0,0.9968926005049524,0.9669235709698137,0.9929107589658048,0.9681181959564541,43.09868586255964,26.065120950866326,20.07198459864401,10.764208587930025
Ripe,0.028762323800211848,0,0,0.9967181467181467,0.9636178170690242,0.9924483306836248,0.9742790335151987,43.45637583892618,24.67281879194631,21.107382550335572,10.763422818791945
Ripe,0.0024666343655023563,0,0,0.9290981281905842,0.9088422971741112,0.8077559272192611,0.8427391603578802,38.92347772331876,24.219543427385524,24.025257208460282,12.83172164083543
Ripe,0.002483590562355863,0,0,0.9333406304728546,0.9023581429624171,0.7428185849238481,0.8423932871214885,40.618886715276545,24.133025075582427,23.06153298950738,12.186555219633648
Ripe,0.02615497433390369,0,0,0.9758568657038155,0.9066624764299183,0.9854533152909337,0.9412765957446808,38.81358768406961,26.623159303882193,24.732262382864793,9.8309906291834
Ripe,0.0,0,0,0.9675530617223713,0.9790002957704821,0.917087967644085,0.8817504655493482,35.578508809999136,29.346410901831437,25.752972832219424,9.322107455950004
Ripe,0.04099105925140173,0,0,0.9732847601700061,0.9231197771587744,0.9931506849315068,0.8811320754716981,39.03768665560559,28.36375128387453,24.22374970372126,8.374812356798609
Ripe,0.0037953331459094743,0,0,0.9234899328859061,0.9295639674173455,0.9650826988710948,0.9134224288204532,31.53661633977706,29.448285593339918,26.873148017496824,12.141950049386201
Ripe,0.003582718651211802,0,0,0.927909604519774,0.9245901639344263,0.9661290322580646,0.9055963821368005,31.197123519458547,30.104342921601805,26.22673434856176,12.47179921037789
Ripe,0.15240486768398687,0,0,0.9636054421768707,0.9501472031403336,0.9295674781375561,0.86615515771526,33.50045578851413,29.02803099361896,24.10551504102097,13.365998176845945
Ripe,0.14464764691538648,0,0,0.9622512010981469,0.9498919237571232,0.9305164319248826,0.8611346316680779,33.22880437881293,29.01533724841781,24.28872797764981,13.467130395119447
Ripe,0.002347864712227933,0,0,0.9691282231187511,0.9618354290756673,0.9692496924969249,0.9566189624329159,36.26128991222491,28.83220964253912,20.684391298816944,14.222109146419031
Ripe,0.002407043770190663,0,0,0.9631470689064107,0.9653846153846154,0.9631788892298251,0.9588550983899821,37.043621817258234,28.06527398564988,20.693377357292526,14.197726839799351
Ripe,0.02002396029436933,0,0,0.9767626613704071,0.9310344827586207,0.9260943718021604,0.9984189723320158,43.96611945511701,29.628012574222844,15.35976248690185,11.046105483758295
Ripe,0.02053970436576143,0,0,0.9809755110301558,0.9385991058122206,0.994447529150472,0.9984615384615385,43.35351408265333,29.437571290690535,15.802404141440729,11.406510485215406
Ripe,0.0,0,0,0.9703694671381539,0.901111320399322,0.9566720442498271,0.9876893939393939,37.153989036379286,24.052009242060436,19.657500113260546,19.13650160829973
Ripe,0.0,0,0,0.9627969520394442,0.9640310568848043,0.9129482617027102,0.7321937321937322,34.38479321859748,32.42229642948883,18.767017724120215,14.425892627793477
Ripe,0.0,0,0,0.9736193293885601,0.9616169108103096,0.9895760945100764,0.9623579545454546,36.795790619613534,24.462487526081826,19.581783543499956,19.15993831080468
Ripe,0.0031666302686176023,0,0,0.9543568464730291,0.9855,0.9816397594175372,0.9867298578199052,38.279110526892325,32.86230693394676,17.30200460072297,11.556577938437945
Ripe,0.0031773857784595156,0,0,0.9529681674792085,0.9953271028037384,0.9840510366826156,0.9899761336515513,38.327104858210596,32.93031435480325,17.229061332160914,11.513519454825236
Ripe,0.0010971679352670919,0,0,0.9554037043697177,0.9288959563834621,0.8777348777348777,0.9010695187165776,38.17532779570262,30.218988123841562,21.3358962037482,10.269787876707626
Ripe,0.0011524642397125618,0,0,0.9587816888564654,0.9376933274414494,0.9007731958762887,0.9389265885256015,37.21324826930908,30.718067055789334,21.066920048866567,11.00176462603502
Ripe,0.03314883888822043,0,0,0.9572034679948349,0.8777610441767069,0.9492114407912323,0.7439316239316239,33.731566175098,24.789994399850663,23.277954078775434,18.2004853462759
Ripe,0.033994676990079846,0,0,0.9470210815765353,0.8899873257287706,0.9436997319034852,0.6838028169014084,34.157795867251096,24.70256731371321,23.35629304946775,17.78334376956794
Ripe,0.03257884972170687,0,0,0.9891263592050994,0.9918549658434052,0.9423165666820489,0.9201850780798149,40.91745934335686,29.19607241485118,16.62319729978521,13.26327094200675
Ripe,0.029970923730709014,0,0,0.9912050898203593,0.9908448862150144,0.9379342288096341,0.9252225519287833,41.072938282991316,29.38282991315041,16.593651525632158,12.950580278226118
Ripe,0.0,0,0,0.9666922879836024,0.9812441387933729,0.9889855072463768,0.6199649737302977,39.15136924465844,32.08947737987762,17.303641287992775,11.45551208747116
Ripe,0.11418911549787326,0,0,0.953057789414625,0.9150672843591441,0.9060820367751061,0.8370448921880523,32.91676926865304,27.9056882541246,21.76188131002216,17.4156611672002
Ripe,0.00010103051121438674,0,0,0.9791516894320632,0.8920108327691266,0.98801261829653,0.6970464135021097,42.16429220976053,29.847428513691014,16.01495402647267,11.973325250075781
Ripe,0.0,0,0,0.9662512980269989,0.8602609131961867,0.9024041213508872,0.8933518005540166,39.30077540470685,27.111957556794998,23.76547408515848,9.821792953339683
Ripe,0.0,0,0,0.972,0.8527638190954774,0.9098888238736103,0.9045830202854996,40.73596306606015,27.021522167153233,23.205920293298934,9.036594473487677
Ripe,0.000858838226108682,0,0,0.9529298751200769,0.9440993788819876,0.8070739549839229,0.6912045889101338,40.67359537391576,39.001328436352274,12.151285457529108,8.17379073220286
Ripe,0.0008537058595265813,0,0,0.9806681363405121,0.9362239528520312,0.9012168933428776,0.6863691194209891,45.80549945626845,36.90383719123815,10.851328258505514,6.439335093987883
Ripe,0.0,0,0,0.9766871165644172,0.8059520194351655,0.822983870967742,0.9379084967320261,41.13737696643392,27.70253217800959,20.863127786657692,10.296963068898798
Ripe,0.0,0,0,0.9764799681084313,0.8503283788454891,0.7761474793077502,0.9498825371965545,42.35542422963275,24.423807513718867,22.439848037146476,10.7809202195019
Ripe,0.007622641509433962,0,0,0.9557066337041615,0.9793410041841004,0.9350906095551894,0.8154596100278552,36.91535477983117,29.08205947220321,23.081603163738688,10.920982584226937
Ripe,0.007244683337228324,0,0,0.9616908850726552,0.9885395239494563,0.9659653465346535,0.9152323580034424,29.700251098556187,26.702762084118014,25.360954174513495,18.2360326428123
Ripe,0.0,0,0,0.94942813834918,0.8853877046648131,0.8064215914378781,0.8930232558139535,32.816315456272044,29.275572035814417,19.435651623405985,18.47246088450755
Ripe,0.10973682776657767,0,0,0.9571320182094082,0.9143039863568535,0.9115332428765265,0.7930137495354886,32.266356570169535,28.71044739580146,22.553399840871535,16.469796193157478
Ripe,8.997255836969724e-05,0,0,0.9475920679886686,0.8909574468085106,0.7923683649541675,0.925073457394711,31.763170918252577,28.757817069330095,21.10496243307689,18.374049579340443
Ripe,0.0007073675046250953,0,0,0.954863813229572,0.9671259842519685,0.9735744089012517,0.7696969696969697,41.98203103729921,27.66131227879118,19.575279063435882,10.781377620473727
Ripe,0.000927491952643352,0,0,0.9318002628120894,0.9714788044539949,0.973786949247072,0.7791687531296946,41.557448667540406,27.95434687636523,19.5827872433377,10.905417212756664
Ripe,0.0,0,0,0.9695652173913043,0.760348162475822,0.777950915465524,0.738566131025958,46.470905172413794,23.21300287356322,23.051364942528735,7.264727011494252
Ripe,0.0,0,0,0.9706676958703203,0.7897310513447433,0.7909000989119683,0.7556707712248866,46.51914358813232,23.865523587234616,22.68952825530769,6.925804569325374
Ripe,0.033612768015476385,0,0,0.9825436408977556,0.9583445672688056,0.8502092050209205,0.8796484110885734,36.79205938777213,30.936691967637003,19.9349403619985,12.336308282592375
Ripe,0.03299185286762926,0,0,0.9850813743218807,0.9596215351812367,0.8584376348726802,0.8712374581939799,36.90357023690357,31.297964631297965,19.327660994327662,12.470804137470806
Ripe,0.001770981815040387,0,0,0.9369996519317786,0.9027231687782147,0.874609656497718,0.7650967928344409,37.295543054954564,29.714409346603205,18.013846819558633,14.9762007788836
Ripe,0.0015554787417905289,0,0,0.9382701421800947,0.9305396096440872,0.8804455445544555,0.7549180327868853,36.52414748139173,30.15405920027696,17.48312272805955,15.838670590271766
Ripe,0.11430346327069421,0,0,0.9428284854563691,0.9317732366512854,0.8466178371391642,0.7746000969461949,34.96405400666316,26.60003506926179,20.34893915483079,18.086971769244258
Ripe,0.004767691876226979,0,0,0.9679563256586755,0.9676052073872238,1.0,0.7800910865322056,39.57354875070449,31.02573736614691,14.96336652263761,14.43734736051099
Ripe,0.011677046263345196,0,0,0.9279125384352579,0.9545053003533569,0.9456767768220914,0.9253530598520511,32.935748846629906,25.47541352537414,24.856532013052774,16.732305614943176
Ripe,0.0030455306837216386,0,0,0.9929775280898876,0.9615598885793872,0.9595728451563692,0.9226053639846743,32.62563005956927,27.417137620284098,20.024438674201924,19.932793645944706
Ripe,0.003480102889998487,0,0,0.9906976744186047,0.9590163934426229,0.956060606060606,0.8693623639191291,32.64500455511691,27.78621317947161,20.042514424536897,19.526267840874585
Ripe,0.06382709807886754,0,0,0.9424769703172978,0.9215211754537598,0.9479012866483865,0.44415584415584414,43.96741820800144,26.033931866252647,21.33567346204041,8.662976463705503
Ripe,0.0631424375917768,0,0,0.9339327204768159,0.9217002237136466,0.9536534446764092,0.346448087431694,44.33049708911778,26.023287057769817,21.450962830273177,8.19525302283923
Ripe,0.007555918086978921,0,0,0.9756164010352812,0.9317658664912858,0.9432935393258427,0.8541770885442721,31.755850672665137,26.309642254617817,24.639875416360255,17.294631656356792
Ripe,0.007691646613956686,0,0,0.9724758141436163,0.973297089862488,0.9235204341190436,0.8057174576741605,31.780193132117958,27.081799679556575,25.535876672584767,15.6021305157407
Ripe,0.003680430879712747,0,0,0.9726586410936544,0.9807032590051458,0.9104406130268199,0.9190101237345332,44.157131273087664,21.010901883052526,18.81250563113794,16.01946121272187
Ripe,0.003227831076840312,0,0,0.9905184587452088,0.9808917197452229,0.8431568431568431,0.915696062118691,44.58936763515337,21.183772600521724,18.008455518575158,16.218404245749753
Ripe,0.0020422055820285907,0,0,0.9605488850771869,0.8745387453874539,0.8942473303479159,0.8206071757129715,35.7912687585266,29.577080491132335,19.80218281036835,14.829467939972716
Ripe,0.006864988558352402,0,0,0.9783495450266708,0.938337801608579,1.0,0.8155452436194895,43.19598807264842,25.277853076714557,19.84277582000542,11.683383030631607
Ripe,0.003053953172718018,0,0,0.972833365219055,0.9035326086956522,0.9018642279282448,0.8688747731397459,35.58202859087815,30.06126616746086,19.35330156569095,15.003403675970048
Ripe,0.012037480336502291,0,0,0.9918570459172134,0.9416186419443748,0.8409598214285714,0.8987341772151899,30.605745932848738,27.628937348563515,24.81135340948425,16.953963309103496
Ripe,0.010931948619841488,0,0,0.990506329113924,0.8934940969605627,0.8393939393939394,0.9414174518639902,30.56092843326886,27.500690798563138,25.07598784194529,16.862392926222714
Ripe,0.058071347124938916,0,0,0.98,0.984788029925187,0.9984391259105099,0.8750872295882763,36.31647211413748,34.6735840899265,16.619109381755294,12.390834414180718
Ripe,0.052847776285646575,0,0,0.9851785313271951,0.9610552763819096,0.9816597890875745,0.8495639534883721,37.13928273561301,33.19432860717264,18.190158465387825,11.476230191826522
Ripe,8.496176720475786e-05,0,0,0.9702001819836215,0.9352014010507881,0.9625263157894737,0.9930004666355576,37.35236638626901,24.258645594358057,20.180134250998385,18.208853768374546
Ripe,0.0008463100880162492,0,0,0.9701986754966887,0.9323703217334208,0.8796755295178008,0.9965191447041273,38.37032017618161,25.800440454006434,18.79552769778079,17.03371167203117
Ripe,0.0009450604838709678,0,0,0.9199011997177134,0.9932537623248573,0.8937376027203173,0.9098360655737705,35.74446616636186,24.304723465977172,22.255155451850918,17.695654915810053
Ripe,0.0009643821525009644,0,0,0.9255755845082991,0.9937369519832986,0.9108676339946699,0.9325265859919325,36.05766136817041,24.66053156573782,21.732415213334193,17.54939185275758
Ripe,0.006314931757995518,0,0,0.9158931615836332,0.8765895953757226,0.9590741361959074,0.9090597117364447,36.07352740194069,23.64356976903102,20.37037037037037,19.91253245865792
Ripe,0.002713069510711947,0,0,0.9561135371179039,0.9624810892586989,0.9259259259259259,0.9813953488372092,42.964352720450286,31.003752345215762,13.93058161350844,12.101313320825517
Ripe,0.00596529284164859,0,0,0.9045864045864046,0.8976969696969697,0.917750439367311,0.9651245551601424,33.306055646481184,28.13011456628478,19.4012547735952,19.162575013638843
Ripe,0.003540909305509655,0,0,0.9860875466576179,0.9918914704506471,0.7069203198235456,0.8853932584269663,41.88856249407751,30.384724722827634,17.184686818914052,10.542025964180802
Ripe,0.003598655239357924,0,0,0.9879292403746098,0.9859481161210624,0.8008800880088008,0.8856502242152466,45.668393289930144,30.775079598916506,12.959178824312122,10.59734828684123
Ripe,0.01148785072756388,0,0,0.958916083916084,0.8667503136762861,0.8931760204081632,0.942423030787685,32.229891534018876,28.067333427243273,22.087617974362587,17.615157064375264
Ripe,0.010570079627933196,0,0,0.9610501398751883,0.851490514905149,0.9272202629047772,0.9381044487427466,33.09593333808134,26.28017947439641,22.21351755572965,18.41036963179261
Ripe,0.0,0,0,0.9799516073280332,0.9761562769319161,0.9562165775401069,0.864328564836179,40.108138084014975,24.130042977956467,20.740329959794813,15.021488978233744
Ripe,6.934812760055478e-05,0,0,0.983787512935495,0.9827288428324698,0.9545001660577881,0.9616104868913857,40.21083292877453,24.093210347458218,20.88216935987239,14.813787363894862
Ripe,0.007738830721206997,0,0,0.9875913649498556,0.9615587151132174,0.9902348904724202,0.9787472035794184,38.5568226504129,24.89186000786473,24.832874557609124,11.718442784113252
Ripe,0.0062504069275343445,0,0,0.9912894961571307,0.961850013065064,0.9897368421052631,0.9803481190342505,38.36074166284479,25.073707659044747,24.89680927733735,11.668741400773111
Ripe,0.0,0,0,0.9583501819652245,0.9805222300635145,0.9171960569550931,0.9359842075578116,32.80565996020341,31.32876409462746,20.18571744417422,15.679858500994914
Ripe,0.001928696668614845,0,0,0.9137163861481912,0.9389744589588613,0.8990291262135922,0.9751102709514807,30.26878257305147,30.03454939392165,21.110265269075366,18.586402763951515
Ripe,0.0031740104555638537,0,0,0.9676334594367382,0.9647395171537484,0.9169526424159231,0.9802281368821293,44.55890616220266,29.481176250234125,13.644877317849785,12.31504026971343
Ripe,0.0,0,0,0.9699901837049503,0.9810433295324972,0.9157470288624788,0.9679725478981984,31.897477187332257,31.383073895151192,21.077115763106104,15.642333154410448
Ripe,0.0,0,0,0.9754290653167058,0.8941323345817728,0.953447774221705,0.7799779977997799,46.65591335906446,23.071605507229677,19.799527622558905,10.472953511146956
Ripe,0.0,0,0,0.9731417863835103,0.8906752411575563,0.9974055923897377,0.7720782654680064,45.98460477941176,23.224954044117645,19.92761948529412,10.862821691176471
Ripe,0.00216714072870107,0,0,0.9983530961791831,0.936079900124844,0.9817475728155339,0.9956772334293948,41.2108049409529,27.18202796253563,17.476584769919913,14.130582326591556
Ripe,0.002917627900664948,0,0,0.9988573294156056,0.9402160261240894,0.9840490797546012,0.998133457769482,41.687648860156514,27.09084722694794,16.638312351139845,14.583191561755699
Ripe,0.0,0,0,0.9893230834934871,0.9523684210526315,0.9698336622497885,0.993026941362916,30.839644385907146,25.024695423114917,23.35857754362858,20.777082647349356
Ripe,0.0,0,0,0.9908403026682596,0.9682584269662922,0.9687137891077636,0.9952755905511811,33.01992241435992,23.40719310934315,22.697087250969822,20.87579722532711
Ripe,0.01167356468216067,0,0,0.9972999509081983,0.9522546419098143,0.9561042524005487,0.9960595446584939,43.74530226565017,28.33673359819607,15.655535273273918,12.262428862879846
Ripe,0.011269402509036784,0,0,0.9975238331063514,0.9539661403842495,0.9601769911504425,0.993127147766323,43.4247311827957,28.263440860215056,15.795698924731184,12.516129032258064
Ripe,0.0,0,0,0.962360594795539,0.9244689221085759,0.9748892171344166,0.7856287425149701,30.727493396159062,27.22210323409724,24.16648818447919,17.88391518526451
Ripe,0.16309918601145615,0,0,0.9975603805806295,0.99308142629058,0.898170246618934,0.9075937785910339,49.219500480307396,22.562439961575407,15.093659942363114,13.124399615754081
Ripe,0.0,0,0,0.9682651622002821,0.960576015108593,0.9378680800942285,0.8394842152067585,30.095507605235234,29.968164131588253,24.025468694729398,15.910859568447117
Ripe,0.10350523031748944,0,0,0.9886228337081625,0.8923481692611269,0.9181994191674734,0.8208955223880597,51.57966564312522,31.122483793926985,14.09757761856022,3.200272944387581
Ripe,0.11284659159704565,0,0,0.9862593383137673,0.8889128094725511,0.9275653923541247,0.7771428571428571,51.1532687320868,31.69782994404258,13.566261771529959,3.582639552340658
Ripe,0.001766953199617956,0,0,0.986904907600049,0.9860715416270972,0.9653205566963268,0.9423929098966026,39.09008276323973,30.225326508156726,20.96828206477539,9.716308663828158
Ripe,0.0017193619256853567,0,0,0.9910489157841654,0.9827452199595834,0.9591790193842645,0.9131040892193308,37.94852167256722,30.77695914266577,20.9788536982107,10.29566548655631
Ripe,9.18526683200147e-05,0,0,0.9700249791840133,0.9012212088421704,0.9555662883361506,0.968149646107179,33.097556494580196,29.712474738195848,19.019841998897665,18.17012676832629
Ripe,9.197093718384991e-05,0,0,0.9708584553545794,0.9028009084027252,0.9763855421686747,0.9612229679343773,32.0364238410596,30.376195732156,19.08572479764533,18.501655629139073
Ripe,0.0005962482227216438,0,0,0.9678014010077424,0.933104041272571,0.9781916197010536,0.8440244876231036,37.34281780633318,26.686553464892153,18.728774667278568,17.2418540614961
Ripe,0.0005948295584534432,0,0,0.9602597402597403,0.9663924382986172,0.9543369019008084,0.9392523364485982,35.25318194304551,26.156029667612856,20.955040747184324,17.635747642157312
Ripe,0.0013374425771936966,0,0,0.9897694304473965,0.9284686536485097,0.9922804760373111,0.994718973972086,38.13322464190055,28.327704669849773,18.10294631419588,15.436124374053803
Ripe,0.16947799181555046,0,0,0.9991587802313354,0.9930851063829788,0.8734939759036144,0.9106145251396648,57.14457396947482,22.59343828866723,15.95962023795217,4.3023675039057805
Ripe,0.0012804842558640358,0,0,0.9908925318761385,0.926194797338173,0.9829142488716957,0.9948207171314741,38.393845795209515,28.90028556442683,18.077976572061306,14.627892068302348
Ripe,0.0,0,0,0.9568579568579568,0.941296928327645,0.8353628835849976,0.9801204819277108,37.73613884195976,33.750575948395024,15.765627399784979,12.747657809860236
Ripe,0.0,0,0,0.9683780422810446,0.9602632245001266,0.9371954520844613,0.9061326658322904,43.2168905950096,30.333973128598846,14.18042226487524,12.268714011516314
Ripe,0.0014309427050540897,0,0,0.9599020508111418,0.880927291886196,0.8899793388429752,0.8402674591381872,37.452711223203025,32.63785394932936,22.194199243379572,7.715235584088043
Ripe,0.0014286530658894794,0,0,0.9607084387557673,0.8776692001447701,0.8828064764841943,0.8430493273542601,38.45141352867117,31.624127274808288,22.26736866201213,7.657090534508412
Ripe,0.0005226708480334509,0,0,0.9648042929292929,0.9712823429058857,0.9444615859302684,0.8806715063520871,41.417178716172046,22.9899333246176,21.185775918420706,14.407112040789647
Ripe,0.0004568892369949742,0,0,0.9670788501686205,0.9740658114891244,0.9470424279962837,0.9330985915492958,40.66213921901528,23.416481650777065,21.085281441817944,14.83609768838971
Ripe,0.012809379070777248,0,0,0.9543039319872476,0.9992378048780488,0.953853046594982,1.0,31.04244556850671,28.854189575544314,24.543655157246537,15.559709698702443
Ripe,0.012317167051578136,0,0,0.9560600512632735,0.9996158278908951,0.9505893019038985,1.0,30.408640463200086,28.983409419886424,24.562966262108894,16.044983854804588
Ripe,0.0018301982714794102,0,0,0.9511303191489362,0.9148351648351648,0.9511777301927195,0.8975672215108835,30.640725272486502,29.66282978506672,23.78527044922074,15.911174493226035
Ripe,0.0,0,0,0.9571102878312909,0.9841658504733921,0.9346420323325635,0.857377948436643,36.36834741151475,31.745867233248692,22.438721044721976,9.447064310514588
Ripe,0.0009164969450101833,0,0,0.9582674675940562,0.9487704918032787,0.863076220903697,0.8803139306736429,32.23932320864336,29.844052594027115,22.33207624095403,15.584547956375497
Ripe,0.11479350280428291,0,0,0.9933252427184466,0.9121840570317563,0.995636119503189,0.9315902578796562,27.12087550399078,25.392907101127292,24.512466057763515,22.973751337118404
Ripe,0.09426013691416535,0,0,0.9928814608480346,0.9125040809663728,0.9946272666218939,0.9396676300578035,26.835548172757473,25.440199335548176,24.73421926910299,22.990033222591364
Ripe,0.0,0,0,0.9905622489959839,0.8868856507779699,0.986417221937468,0.9234653202232261,29.831077033664787,24.25422307415838,23.373667185815265,22.541032706361566
Ripe,0.0,0,0,0.9861111111111112,0.8629807692307693,0.9460759493670886,0.9137211244085722,29.49575275619013,25.06175070787397,23.796614253870715,21.645882282065184
Ripe,0.01644139600564858,0,0,0.9315659679408138,0.9708879184861717,0.8092540132200189,0.8884826325411335,33.268382729976416,28.181724951287045,21.72084914367757,16.82904317505897
Ripe,0.016461320945263584,0,0,0.950571516836577,0.9687844289386706,0.8070175438596491,0.9029940119760479,33.23749871650067,27.95974946093028,21.655200739295616,17.147551083273438
Ripe,0.00258086717136958,0,0,0.9152759948652118,0.9374636416521234,0.825696316262354,0.8987714987714988,33.594962911850956,29.653268932206313,19.199585992754873,17.552182163187855
Ripe,0.0025169241451136956,0,0,0.8461538461538461,0.9447480267152398,0.8630827383452331,0.9067070095814422,33.36813712694684,28.660924040720438,20.71695814843818,17.253980683894547
Ripe,0.0,0,0,0.8988326848249028,0.9511834319526628,0.8685537029856534,0.9232685600398605,32.240865610788774,31.801787674455074,20.221107103653754,15.736239611102398
Ripe,0.0,0,0,0.96107829774345,0.9828531023510695,0.9229290793772823,0.916221985058698,34.14697212597611,29.25479650411129,26.906965920256503,9.6912654496561
Ripe,0.0,0,0,0.9443482562453623,0.8999748047367095,0.8706732597945988,0.9258545979778526,31.789589558106616,31.207737065576346,20.671489227866015,16.331184148451015
Ripe,0.21035516163999235,0,0,0.9356496207487155,0.9253683536194747,0.7641379310344828,0.8817582417582418,33.002260981912144,25.20994832041344,23.417312661498705,18.37047803617571
Ripe,0.21869929691725257,0,0,0.9488817891373802,0.9345656192236599,0.7264607368812802,0.9952290076335878,35.20809898762655,23.40572813013758,23.249978368088602,18.13619451414727
Ripe,0.13313956453011067,0,0,0.8649320517069937,0.8490889603429796,0.9271627073061407,0.5470364328439369,35.49411764705883,27.441176470588236,26.24705882352941,10.817647058823528
Ripe,0.13293620487755206,0,0,0.8672761130861689,0.8529976530829955,0.9277475516866159,0.5469853340575774,34.68584850264239,27.522019964768056,26.98179682912507,10.810334703464475
Ripe,0.016621893888515784,0,0,0.9353680430879713,0.9759532806595672,0.9881787957148135,0.9044151115157032,33.28495816971145,24.850606112344202,23.109100221956634,18.75533549598771
Ripe,0.017463310650159877,0,0,0.935147507629705,0.9690757470465601,0.9950738916256158,0.9341222879684418,32.81041388518024,24.01535380507343,22.02102803738318,21.15320427236315
Ripe,0.004208660981282534,0,0,0.948227172889865,0.9079143852663016,0.9089037570766856,0.9049676025917927,35.446557668779896,22.344566789011232,21.610499388277166,20.59837615393171
Ripe,0.003713817586018569,0,0,0.9415354963058143,0.9000956022944551,0.8814779270633397,0.9012008733624454,34.130029602017316,22.93608157000329,22.848371889047254,20.085516938932134
Ripe,0.0,0,0,0.9759127789046653,0.9858675739335253,0.9723650385604113,0.926829268292683,28.268348623853214,27.386754587155966,22.305045871559635,22.039850917431192
Ripe,0.05786100914577241,0,0,0.8794979079497908,0.9186457806973218,0.8318207600680658,0.9145536644668287,31.565739945849568,26.137489268969162,23.284685993528363,19.01208479165291
Ripe,0.0,0,0,0.9765234765234765,0.9890510948905109,0.9752442996742671,0.9395929087327642,28.690169102894814,27.48638578389223,21.997707079392377,21.82573803382058
Ripe,0.0,0,0,0.9405058781617385,0.9088913282107574,0.9246782740348221,0.7749562171628721,26.82017962927575,26.11312822472769,25.24364609210778,21.823046053888785
Ripe,0.0,0,0,0.9327938071780436,0.9240972733971997,0.8385191020086649,0.825809199318569,27.21440199176482,25.98870056497175,24.312936895528107,22.483960547735325
Ripe,0.0,0,0,0.9464551313832424,0.980788675429727,0.911599386816556,0.7893544733861835,26.13371339725317,25.62840114019176,25.356309924851,22.88157553770407
Ripe,0.0,0,0,0.908955962394854,0.9569838056680162,0.98145285935085,0.7806122448979592,26.23993767852506,25.655673850947807,25.20124642949883,22.903142041028303
Ripe,0.014978172512419088,0,0,0.9163335997868371,0.9785061794734013,0.9462853156609696,0.8389799635701275,28.677313364407425,28.440437074959885,21.907236188584093,20.975013372048597
Ripe,0.01358309659090909,0,0,0.9422965954991345,0.9899175068744271,0.9067729083665339,0.8668098818474759,31.19431194311943,29.45729457294573,22.59022590225902,16.758167581675817
Ripe,0.0,0,0,0.9848392965433597,0.9762489762489762,0.9625220458553791,0.9868951612903226,33.00640512409928,24.439551641313052,22.69815852682146,19.855884707766215
Ripe,0.0,0,0,0.9821526633717738,0.9844042420461634,0.9974321349963317,0.9527385159010601,30.765331981753675,27.082277411724952,23.027538435546546,19.124852170974826
Ripe,0.0,0,0,0.9468473956746878,0.7878490935815776,0.8880359978824774,0.7850142269996838,33.44880285277636,31.192052980132452,19.24605196128375,16.11309220580744
Ripe,0.05769948960537782,0,0,0.8596198036348444,0.9048361934477379,0.8799465240641712,0.9222704266088214,31.620318382984347,25.40458418653808,24.7044058392232,18.270691591254376
Ripe,0.0,0,0,0.9438253701724928,0.8063851699279093,0.786156746566119,0.9069373942470389,33.36219189244245,29.66999388877572,18.909146465675292,18.05866775310654
Ripe,0.0346685406418365,0,0,0.9771048744460856,0.9017285531370038,0.9006121714079942,0.93625,32.85610288764863,25.26894766642401,22.462185553668203,19.41276389225916
Ripe,0.03893652167073075,0,0,0.9766009852216748,0.9191419141914191,0.908256880733945,0.9375780274656679,33.229661155671955,24.79947618268129,22.30315927320347,19.66770338844328
Ripe,0.00016388069485414618,0,0,0.9794079794079794,0.8553166763509588,0.8754830399313009,0.7767100056529113,38.20685133584658,28.208490411407965,19.08703491230946,14.497623340435995
Ripe,0.00024563989191844754,0,0,0.9793902962644911,0.8406340057636887,0.865874363327674,0.7902665121668598,38.14905814905815,28.419328419328423,19.295659295659295,14.135954135954135
Ripe,0.01982651796778191,0,0,0.9573952199515068,0.9671457905544147,0.9995249406175772,1.0,30.415086388537716,25.653181626632954,22.176569742941425,21.755162241887906
Ripe,0.023770433292883145,0,0,0.9613259668508287,0.9707635537893841,0.968141592920354,0.9654800431499461,29.11670078970459,25.76045627376426,24.787949692892656,20.33489324363849
Ripe,0.0,0,0,0.9971248876909254,0.9408396946564885,0.9658906334596643,0.9455481972038263,34.41771290741543,25.92615498793989,22.846187148246642,16.809944956398045
Ripe,0.0,0,0,0.9932239657631954,0.942427138079312,0.966304347826087,0.9490022172949002,34.66007416563659,25.871446229913474,22.74412855377009,16.72435105067985
Ripe,0.0,0,0,0.9855514855514855,0.9454624781849913,0.9569015725101921,0.8907068062827225,38.56234795574041,35.9726908891156,13.47406419210547,11.99089696303853
Ripe,0.03824701195219123,0,0,0.9546763971576724,0.9237786336914656,0.7996876220226474,0.8126752664049355,35.95001380834024,34.05827119580226,17.68157967412317,12.310135321734329
Ripe,0.0,0,0,0.9597916666666667,0.9469214437367304,0.9568221070811744,0.9078947368421053,37.82207863840517,37.11291466393507,13.68686470727287,11.378141990386888
Ripe,0.02260182008056094,0,0,0.9842485232990593,0.9373356704645048,0.9374706158909262,0.9532862574687669,34.88514080744868,34.831717927192244,16.232923757918034,14.050217507441044
Ripe,0.022659511031604056,0,0,0.9322033898305084,0.9765625,0.9924528301886792,0.9851282051282051,33.7477120195241,33.19097010372178,18.189444783404515,14.871873093349603
Ripe,0.011980706394896531,0,0,0.9866138763197587,0.973121387283237,0.9825688073394495,0.8815489749430524,41.76377952755905,27.244094488188974,17.165354330708663,13.826771653543307
Ripe,0.012517493391385477,0,0,0.9877088534664874,0.9695190156599552,0.9820854386770785,0.8931648477886273,40.9967719077238,28.15526336508936,17.140382647035665,13.70758208015117
Ripe,0.004002287021154946,0,0,0.9500118455342336,0.9184639663335087,0.7617935544138253,0.865024630541872,34.61538461538461,31.17926849270133,17.557815319009347,16.647531572904708
Ripe,0.0035960214231063503,0,0,0.95461879790238,0.9486108209734698,0.8339285714285715,0.7418111753371869,38.0711049681333,36.75804346156799,17.200337863779467,7.970513706519235
Ripe,0.0,0,0,0.9767790262172285,0.9738439981317142,0.9644097222222222,0.9786729857819905,39.22432789775232,31.452916115763184,16.923754958131333,12.399001028353165
Ripe,0.0,0,0,0.9560106181266591,0.9482034531031265,0.956989247311828,0.9847238542890717,38.55263157894736,31.33040935672515,17.675438596491226,12.441520467836257
Ripe,0.0,0,0,0.9249887031179395,0.9692020531964536,0.941147132169576,0.8901227352425483,27.415758176412293,26.54856293359762,24.838949454905848,21.19672943508424
Ripe,0.013749772354762338,0,0,0.9221586669982591,0.9236535258189894,0.8356304236855538,0.8943154523618895,37.12491921336903,33.25639368479365,18.086972578709258,11.53171452312806
Ripe,0.0,0,0,0.9340988517224164,0.9378746594005449,0.9714285714285714,0.9660777385159011,28.31895942315849,25.943729676233563,25.731655591686696,20.00565530892125
Ripe,0.0030935808197989174,0,0,0.9597337770382696,0.9745105282600665,0.893681422625804,0.9121103730199285,29.14080682699767,26.25096974398759,25.63033359193173,18.97788983708301
Ripe,0.002828854314002829,0,0,0.9530878859857482,0.8815745947734039,0.9716494845360825,0.9038196042337782,29.858156028368793,26.79964539007092,24.078014184397162,19.26418439716312
Ripe,0.0003028467595396729,0,0,0.9077669902912622,0.8785921140565828,0.8346586235261859,0.7772983737139064,32.450772493183884,27.197818842774918,22.096334444107846,18.255074219933356
Ripe,0.0003051199121254653,0,0,0.9120545868081881,0.8790471785383904,0.8887088060507834,0.8288961038961039,32.206079843730926,26.39482358686363,22.597973385423025,18.801123183982423
Ripe,0.0,0,0,0.984154493686556,0.9182656366807874,0.9589987714987716,0.8823266219239374,32.505734175687095,32.296487062894855,26.204176894289965,8.993601867128083
Ripe,0.0,0,0,0.9860394918878128,0.9409789487278832,0.9544462232571678,0.9614093959731543,31.869012786083612,31.03531203655457,27.54018197122129,9.555493206140527
Ripe,0.042420611144397845,0,0,0.9921431689218682,0.957919621749409,0.9626268019220502,0.9725467289719626,28.66975347265674,26.46727568514579,23.438868727318233,21.42410211487924
Ripe,0.04029436602726505,0,0,0.939594356261023,0.9572970436414828,0.9897013388259527,0.9714993804213135,28.51037083595223,26.78818353236958,24.412319296040227,20.289126335637963
Ripe,0.010052068267283772,0,0,0.9287960051784724,0.909692956050572,0.9608338597599495,0.8913043478260869,39.49886770399591,24.267660165096064,23.128059025494924,13.105413105413104
Ripe,0.0,0,0,0.9852252252252253,0.9765042979942693,0.9711833231146536,1.0,36.255552652207996,22.798536712829893,21.30911941468513,19.63679122027698
Ripe,0.00978444787758405,0,0,0.9270250093318403,0.9139194139194139,0.9234608985024958,0.8989566172432729,39.806835066864785,24.338781575037146,22.32540861812779,13.528974739970282
Ripe,0.0014588601439408674,0,0,0.987929993964997,0.9602189781021898,0.9368932038834952,0.9635336414997432,32.278172786597835,26.687445212817767,22.07071198987046,18.963670010713937
Ripe,0.001470155836518671,0,0,0.9860352155434122,0.9553999262808699,0.9353579175704989,0.9632196162046909,32.332155477031804,26.629367883784845,22.62465645857872,18.413820180604635
Ripe,0.007965815572905677,0,0,0.9294871794871795,0.9716800612323,0.9030217849613492,0.8195207189216176,28.20526455729859,27.790481254985377,22.701409199680935,21.302844988035098
Ripe,0.009754297163344933,0,0,0.9219316663485398,0.9692999608916699,0.9000228258388496,0.8149246355324932,27.895213247430917,27.229646983653694,23.326766412864064,21.54837335605133
Ripe,0.0,0,0,0.9811713064572023,0.9616947185142194,0.8799234135667396,0.852994555353902,45.24170368434805,27.01332636529919,19.106349621113143,8.638620329239613
Ripe,0.0,0,0,0.9794889423627822,0.9555245313123255,0.8808002222839678,0.8883374689826302,46.047910510764034,26.45631067961165,18.990080202617136,8.505698607007176
Ripe,0.0017002947177510769,0,0,0.993202416918429,0.8766798418972332,0.8820224719101124,0.9893536121673003,30.066992165323036,28.727148858862268,26.274554331781534,14.931304644033155
Ripe,0.0015905476028175414,0,0,0.9948051948051948,0.8802642444260942,0.9260832625318607,0.9962034927866363,30.66681838871188,27.560309512972236,26.78652708238507,14.986345015930816
Ripe,0.24260977709748396,0,0,0.987008547008547,0.8737570255079983,0.7807840971838763,0.6175115207373272,36.94581280788177,29.215611974232665,22.874826323102184,10.963748894783377
Ripe,0.002048820464789557,0,0,0.9215342679127726,0.9285429936305732,0.8994475138121547,0.9703182374541004,30.12670107930549,29.469732519943687,21.234162365086814,19.16940403566401
Ripe,0.0,0,0,0.9865200425682866,0.9782487451199108,0.9753943217665615,1.0,36.653231049278375,23.312963203744637,20.60850344558575,19.425302301391238
Ripe,0.2334057218392975,0,0,0.9765625,0.8602015113350125,0.7842278203723987,0.6424314660309892,37.83717206552531,29.33858849612021,22.490454489469148,10.33378494888533
Ripe,0.0,0,0,0.9904477611940299,0.884,0.9273314493338716,0.9266457680250784,33.763354162467245,25.19653295706511,24.96472485386011,16.07538802660754
Ripe,0.0,0,0,0.9882988298829883,0.9228896103896104,0.8909090909090909,0.9157829070492826,33.94093686354378,25.091649694501015,24.643584521384927,16.323828920570264
Ripe,0.0,0,0,0.9381619405534677,0.9647522289031722,0.9879981884057971,0.905392392874338,30.41512963059178,25.058450667636517,22.943835402919934,21.58258429885177
Ripe,0.0,0,0,0.9430523917995444,0.9649267588198885,0.9787978142076502,0.8681172291296625,30.619768832204063,24.14806695894779,22.79294539657234,22.439218812275808
Ripe,0.0038884192730346575,0,0,1.0,0.9902676399026764,0.9983935742971888,0.8824626865671642,32.77325186693822,27.90224032586558,21.130346232179225,18.194161575016974
Ripe,0.00391708829769871,0,0,1.0,0.9853658536585366,0.9927184466019418,0.86996336996337,31.623791577912503,30.23103391774537,20.25233491725381,17.892839587088318
Ripe,0.002450843870105275,0,0,0.997176528357476,0.9935812306330235,0.9591836734693877,0.9541206457094308,45.48551007873136,25.22753922608744,16.142721536657547,13.144229158523649
Ripe,0.005371413598847111,0,0,0.9964398734177216,0.952729044834308,0.9968354430379747,0.992831541218638,33.298208640674396,27.02845100105374,24.973656480505795,14.69968387776607
Ripe,0.0,0,0,0.964343163538874,0.8892215568862275,0.8937273198548471,0.7897943640517898,40.06444683136412,25.112781954887218,20.719656283566056,14.1031149301826
Ripe,0.0007102272727272727,0,0,0.9979818365287588,0.986478180700676,0.993367722918202,0.924860853432282,42.26012793176972,23.1272210376688,19.289267945984363,15.323383084577113
Ripe,0.0,0,0,0.9599044078597982,0.884175580966433,0.9265078560567663,0.8703225806451613,37.66,27.11,19.73,15.5
Ripe,0.023163051084674598,0,0,0.9950662165671255,0.9869020501138952,0.9441683718211049,0.9700787401574803,27.587936098574396,25.15939537216133,24.50748620961387,22.745182319650407
Ripe,0.024919949881665043,0,0,0.9949609473418998,0.969735503560529,0.9659056316590563,0.9790928419560595,28.333809251856085,28.069674471730437,23.450885208452313,20.145631067961165
Ripe,0.0,0,0,0.989724944672779,0.9758957654723127,0.9592850049652433,0.9929676511954993,45.71139533203266,22.183683792181515,21.829611966182526,10.275308909603295
Ripe,0.0,0,0,0.9912349350446079,0.9429682436811406,0.9716004009355163,0.9923130677847659,45.967335779552485,22.203036189653933,21.533923303834808,10.295704726958773
Ripe,0.008083638715240354,0,0,0.9624286143672979,0.9,0.9214536928487691,0.9147239263803681,36.15125502553515,27.59969575138542,18.537433445615562,17.71161577746387
Ripe,0.008466297622924128,0,0,0.9544319600499376,0.9063120285827709,0.8952434881087202,0.9234507897934386,35.073891625615765,27.57525998905309,19.332238642583473,18.018609742747675
Ripe,0.0033404190707561495,0,0,0.9843191196698762,0.9610108303249097,0.9515224358974359,0.8952380952380953,36.91854560227504,28.13325208206378,25.35039609993906,9.597806215722121
Ripe,0.004263093788063338,0,0,0.9877403176372248,0.9601579325197416,0.9543634907926342,0.9007470651013874,36.58511722731907,28.399592252803263,25.4638124362895,9.551478083588176
Ripe,0.0013590033975084937,0,0,0.9790930506478209,0.9296407185628742,0.9641672196416722,0.9726468222043443,38.5121342708097,30.301655704241327,17.090043093672033,14.096166931276933
Rotten,0.0,0,0,0.9621044885945548,0.9464984775989561,0.8422159887798036,0.971304347826087,35.79612801264322,30.2778875279863,18.7804556828658,15.145528776504674
Rotten,0.0,0,0,0.9118759455370651,0.9566699123661149,0.9577114427860697,0.8681909885675857,32.26357535082368,25.064063453325197,24.527150701647347,18.145210494203784
Rotten,0.006608918832210459,0,0,0.9522120905099628,0.8445330296127562,0.6178988326848249,0.8153310104529616,38.250871980364295,34.02661154889549,16.599922490634285,11.122593980105929
Rotten,0.0,0,0,0.9750663129973475,0.9727602905569007,0.9097560975609756,0.9587628865979382,32.18920765027322,28.2103825136612,28.005464480874316,11.594945355191257
Rotten,0.0,0,0,0.9745627980922098,0.9843652282676673,0.9144654088050315,0.9580602883355177,32.317177598903925,27.384826168864528,27.230690186675798,13.067306045555746
Rotten,0.0,0,0,0.9967466449776332,0.9453262786596119,0.9160260201064458,1.0,32.63437292634373,22.574651625746515,22.441937624419374,22.349037823490377
Rotten,0.0,0,0,0.967571949736522,0.9375,1.0,0.9487632508833922,32.35409836065573,23.081967213114755,22.295081967213115,22.268852459016394
Rotten,0.00743620077742099,0,0,0.9861462833308506,0.9323877987176996,0.7513957307060756,0.8113485630066323,38.10091378625348,29.212781656166637,17.28247914183552,15.403825415744368
Rotten,0.005800856048659608,0,0,0.9639546858908342,0.9365422396856582,0.8989412897016362,0.7429218573046432,38.50337053192092,28.833626012575763,17.657055457995806,15.005947997507507
Rotten,0.004854797422543914,0,0,0.9581541989108627,0.8709677419354839,0.7608340147179068,0.7691183633706771,30.94731240021288,29.146709242504876,21.69593755543729,18.210040801844954
Rotten,0.0,0,0,0.9731364525885073,0.9830161054172767,0.9383209594517419,0.9700315457413249,46.627955205309,28.328494400663622,14.525093322272916,10.518457071754458
Rotten,0.005121412803532009,0,0,0.9534815681685196,0.8638399522245447,0.7487359004278491,0.7765681700362882,30.3363805804562,29.723972663530663,22.818851513268836,17.120795242744297
Rotten,0.17485731228226226,0,0,0.9804981203007519,0.9976486395700369,0.8026565464895635,1.0,38.23212360761768,26.742723679482573,18.936399568810636,16.088753144089114
Rotten,0.17832606929157124,0,0,0.9803780808805934,0.9564917127071824,0.7882764654418197,1.0,37.57079924480806,26.036141328778207,20.552009349995505,15.841050076418234
Rotten,0.019245442984315388,0,0,0.9598203734341764,0.9098196392785571,0.9108044429485022,0.8061224489795918,36.57503457814661,25.881742738589214,25.682918395573996,11.860304287690179
Rotten,0.02207803151596865,0,0,0.9625606655881673,0.9102177554438861,0.918966737438075,0.8064076346284935,37.2856527358897,25.721671693235677,24.351572598018095,12.641102972856528
Rotten,0.17055339626133628,0,0,0.9994613520064638,0.9735638027452974,0.9591346153846154,0.830142063001853,41.42586187660381,21.94577708356577,18.565212540444048,18.063148499386365
Rotten,0.1763891452833672,0,0,0.9991818925552223,0.9748589020010262,0.8306306306306306,0.9445797807551766,41.0960439314132,21.8424296761179,18.659643617617395,18.401882774851508
Rotten,0.0,0,0,0.9352941176470588,0.9060277049794084,0.876207729468599,0.7464788732394366,33.82663847780127,33.21726153463499,20.594453426190775,12.361646561372963
Rotten,0.0,0,0,0.9116022099447514,0.9203264671589584,0.8629719853836785,0.8177240684793555,34.26732298371829,32.47507257352013,20.72447305313644,12.53313138962514
Rotten,0.0,0,0,0.9766824085005903,0.8691748610517315,0.8353413654618473,0.9693665628245067,35.1270088128564,24.250907205806115,20.653188180404356,19.968895800933126
Rotten,0.0,0,0,0.9902995234853642,0.9865513928914506,0.9666666666666667,1.0,47.436828933559376,33.61588762412207,10.656333252603536,8.290950189715025
Rotten,0.0,0,0,0.9782330345710627,0.9723131884489431,0.8708551483420593,0.7847636530518587,33.27652322113337,28.623775031955688,19.531316574350235,18.568385172560717
Rotten,0.04842393787117405,0,0,0.9859408795962509,0.9853902345251826,0.9572349150556532,0.8704,33.29332693230917,31.216994719155068,20.487277964474316,15.00240038406145
Rotten,0.10366379310344828,0,0,0.9877609791216703,0.9850057670126874,0.9515079834417505,0.8565705128205128,33.39745131041116,31.2695359461409,20.329406107237315,15.003606636210629
Rotten,0.17613047980669658,0,0,1.0,1.0,0.9746712128592304,0.9348534201954397,35.33047030480779,27.087043050172827,21.504137425369226,16.07834921965015
Rotten,0.17865149163648905,0,0,1.0,1.0,0.9747149231531979,0.9298916507329509,35.2508922947722,27.104765903842114,21.17363006508503,16.47071173630065
Rotten,0.008418980975289744,0,0,0.9309958970533383,0.9996128532713898,0.9506578947368421,0.9242695289206917,29.562245010475248,28.481640754217665,23.464549564450326,18.491564670856764
Rotten,0.007552539404553415,0,0,0.9258582907231556,0.999203187250996,0.9454209065679926,0.9245624622812312,30.197419212528953,27.682805779199292,23.844711591485606,18.275063416786146
Rotten,9.366365381913548e-05,0,0,0.9227587884685562,0.9590227010388611,0.9245411284840245,0.9471440750213129,38.50405133249028,24.345463912697298,20.668821132499648,16.481663622312773
Rotten,9.359352332818569e-05,0,0,0.9268743075218515,0.9576006252442361,0.9405742265746717,0.9471511147811725,38.016567604249545,23.952824448916555,21.02775307717508,17.00285486965882
Rotten,0.0,0,0,0.9430853719420869,0.9177018633540373,0.9101796407185628,0.8650031989763276,27.30743012951602,26.339468302658485,25.044308111792773,21.30879345603272
Rotten,0.0,0,0,0.9539016224568633,0.9956413449564134,0.9716070414537195,0.9717153284671532,39.01728295819936,32.27491961414791,17.694935691318328,11.012861736334404
Rotten,0.0,0,0,0.9272388059701493,0.9130004943153732,0.95971692977681,0.8409919766593728,29.071186440677966,27.43050847457627,24.908474576271185,18.589830508474574
Rotten,0.01325301204819277,0,0,0.9491939423546654,0.9369127516778524,0.944403803950256,0.8383594692400482,35.705564276992845,25.989883132740278,23.844409558695272,14.460143031571604
Rotten,0.0067767158992180715,0,0,0.9411182582879762,0.9497319034852547,0.9561082662765179,0.8421052631578947,35.35689293212037,26.102169349195243,23.91532540237929,14.625612316305109
Rotten,0.0,0,0,0.9611133851821531,0.9112087912087912,0.9232602478551001,0.9027777777777778,28.593164794007492,26.626872659176033,24.555243445692884,20.224719101123593
Rotten,0.0,0,0,0.9483426603529919,0.8726640591047371,0.9348534201954397,0.8908145580589255,27.316556914393225,27.05785512699906,25.270460959548448,20.355126999059266
Rotten,0.0018533227429176596,0,0,0.9929172200088535,0.9846762234305487,0.9713937918441875,0.848297213622291,29.960212201591514,26.83023872679045,21.79045092838196,21.419098143236074
Rotten,0.001880456682337139,0,0,0.9897959183673469,0.983359334373375,0.9732197200243458,0.861576660459342,30.332391333602477,25.878078320549054,22.11007939712017,21.679450948728302
Rotten,0.0,0,0,0.9248327430145612,0.9119734973970658,0.9283333333333333,0.8641464855286474,31.18939486927703,25.935927335215414,22.094022339511476,20.780655455996072
Rotten,0.0,0,0,0.9250980392156862,0.9033930254476908,0.9467658843732112,0.9091431857389304,31.2576611914685,26.01127727384163,21.41456239274332,21.316499141946554
Rotten,0.0,0,0,0.9567418315692591,0.9652014652014652,0.9622969837587007,0.8729329852045257,46.21929171540998,23.22662979900032,18.334574072104648,12.219504413485058
Rotten,0.0,0,0,0.957742782152231,0.9969183359013868,0.9778393351800554,0.9727112676056338,38.11524609843938,32.46298519407763,18.057222889155664,11.364545818327331
Rotten,0.0,0,0,0.9676744186046512,0.9630782918149466,0.9362715902322811,0.8571428571428571,45.62818336162988,23.853989813242784,17.81621392190153,12.701612903225806
Rotten,0.0,0,0,0.9789603960396039,0.9729891956782714,0.9796044499381953,0.995945945945946,33.7228714524207,23.177518085698388,22.509738452977185,20.58987200890373
Rotten,0.0,0,0,0.9637551990493167,0.9778869778869779,0.9485430874147551,0.9959349593495935,26.296874999999996,25.4375,25.203125,23.0625
Rotten,0.0,0,0,0.9689826302729528,0.8487031700288185,0.9790249433106576,0.9469387755102041,33.37934842628382,28.741027056874657,24.35118718939812,13.528437327443402
Rotten,0.0001408649105507818,0,0,0.972972972972973,0.8548155246765692,0.9741282339707537,0.9021739130434783,33.88278388278388,29.402648633417865,25.04930966469428,11.665257819103973
Rotten,0.0,0,0,0.9588785046728971,0.8114195914091147,0.8360128617363344,0.8707903780068729,35.2251777719252,25.13826705293653,20.476692125362128,19.15986304977614
Rotten,0.0,0,0,0.9586073500967118,0.8384932920536635,0.8268341044282882,0.8531375166889186,34.311122909477035,25.723387310857447,20.082293602336076,19.88319617732944
Rotten,0.0009024252679075014,0,0,0.9164025356576863,0.9099585062240664,0.9594861660079052,0.8262243285939969,28.497233826352037,27.21011629219826,22.851981483572313,21.440668397877385
Rotten,0.00022799817601459188,0,0,0.9194078947368421,0.9297071129707113,0.897125567322239,0.9348600508905852,27.7309007981756,27.25199543899658,22.611174458380844,22.40592930444698
Rotten,0.0,0,0,1.0,0.9913312693498452,0.9834183673469388,0.9932330827067669,42.84447821681864,20.453394123606888,19.858156028368796,16.843971631205672
Rotten,0.0,0,0,0.965721945614707,0.877080291970803,0.8255506607929516,0.8746898263027295,38.2172131147541,25.065866510538644,24.91949648711944,11.797423887587822
Rotten,0.0,0,0,0.999194847020934,0.9890577507598785,0.9811932555123216,0.9537037037037037,35.65379646906847,23.61131046361418,22.13291230084685,18.601980766470504
Rotten,8.130081300813008e-05,0,0,0.9639794168096055,0.8851851851851852,0.5838128116609129,0.8350906790383804,33.181559476380194,26.343605171152124,21.19684527197333,19.27799008049435
Rotten,8.150623522699487e-05,0,0,0.9807513914656771,0.9055843408175014,0.8417694598043386,0.5344908493664946,35.1483534398435,28.317574176719923,19.163677861102055,17.37039452233453
Rotten,0.009948778565799843,0,0,0.9699582027168234,0.9714570195818122,0.9381682938168294,0.7714825306893296,38.08576261068551,29.97711670480549,21.4008556362551,10.536265048253906
Rotten,0.01002161524857536,0,0,0.9683730903243098,0.9668597168597168,0.9363636363636364,0.7782063645130183,37.02858277094085,30.84557364033347,21.83406113537118,10.291782453354505
Rotten,0.0,0,0,0.9783412572636028,0.8859483301827347,0.9702338766832034,0.9162072767364939,32.64918937564678,27.371507416350465,24.33597792342187,15.64332528458089
Rotten,0.0,0,0,0.9770911028236547,0.9015873015873016,0.9607423269093505,0.9244186046511628,32.854892350778925,27.568702958165588,24.52301767897777,15.053387012077717
Rotten,0.008896236813100299,0,0,0.9879900294584183,0.9470549305095963,0.8808705612829324,0.8871794871794871,35.05441258241322,24.00508380332036,20.803876400031772,20.136627214234647
Rotten,0.011929053523779626,0,0,0.9893327280980481,0.9465648854961832,0.878822629969419,0.8853228962818004,34.99602859412232,23.931691818903893,20.778395552025415,20.293884034948373
Rotten,0.0,0,0,0.8204511278195489,0.9024029574861367,0.6855179704016914,0.9763239875389408,34.900808229243204,28.39298834890312,19.85934711871523,16.84685630313845
Rotten,0.0,0,0,0.9606551204819277,0.846015037593985,0.85209779655901,0.9024390243902439,38.736964923794936,24.247064828994386,24.15955662510027,12.856413622110408
Rotten,0.0,0,0,0.885512584407612,0.9099279423538831,0.6580763920846756,0.9404283801874164,34.57497612225406,26.509604160033962,23.06059641303194,15.854823304680037
Rotten,0.014051938811810744,0,0,0.9848484848484849,0.9513395297977036,0.9405594405594405,1.0,35.720728847194664,32.99657225329244,20.63864333393469,10.644055565578208
Rotten,0.01856763925729443,0,0,0.9874826147426982,0.9412094064949608,0.9465875370919882,1.0,38.86486486486487,32.18018018018018,18.216216216216218,10.73873873873874
Rotten,0.018569589998161426,0,0,0.9812934259754142,0.8922651933701657,0.9019230769230769,0.9499489274770173,35.05058074185088,27.12626451854627,19.48295241663544,18.340202322967404
Rotten,0.17312736811425242,0,0,0.99913307325531,0.8449891852919971,0.8267206477732794,1.0,40.659146986253084,24.444836094465984,21.765949947127247,13.130066972153683
Rotten,0.1788242536164974,0,0,0.9894911504424779,0.9070958302852963,0.9016272189349113,0.9851668726823238,33.88305847076462,25.618440779610197,25.337331334332834,15.161169415292353
Rotten,0.17264957264957265,0,0,0.9852539595849262,0.9090909090909091,0.9038748137108793,0.9899749373433584,34.39143501126972,25.413223140495866,25.206611570247933,14.988730277986475
Rotten,0.0,0,0,0.9152496626180837,0.9005281690140845,0.9618703592213526,0.8253573648228714,34.80343807242497,26.67793903527312,23.404255319148938,15.114367573152975
Rotten,0.0,0,0,0.9149780941949617,0.9042667622803873,0.9654233025984912,0.8544444444444445,35.88483836101012,27.404932691362877,23.445023091284266,13.265205856342735
Rotten,0.0,0,0,0.9717716452496313,0.993297159272263,0.9200856225472708,0.8853467561521253,38.06430919733783,25.122283698179775,22.476144655600994,14.337262448881404
Rotten,0.0,0,0,0.9331718438301511,0.8338197146562906,0.9077457069784436,0.6672071341710579,33.21815686088891,29.194869124816584,25.90997302030577,11.677000993988734
Rotten,0.0008801408225316051,0,0,0.9645433931148217,0.986709886547812,0.9196556671449068,0.893930799773114,38.84840233843197,24.705693921678545,22.327220309121486,14.118683430767998
Rotten,0.0,0,0,0.9505791505791505,1.0,0.9639981051634297,0.9923705722070845,42.841783144487636,24.52237201224051,17.45926722355471,15.176577619717143
Rotten,0.0,0,0,0.9466666666666667,1.0,0.9606074988134788,0.9901907356948229,42.74739798447051,24.690236246489345,17.404592763918718,15.157773005121427
Rotten,0.0,0,0,0.9995135003648747,0.9468702290076336,0.9864647115694489,0.8530012249897918,31.774617406090588,25.31303138042974,23.983614159839235,18.92873705364044
Rotten,0.0,0,0,0.9992663242846662,0.9504653257280096,0.9802907915993538,0.853322528363047,31.495031964877146,25.65662789802049,23.838866209658786,19.00947392744358
Rotten,0.0,0,0,0.954696348369459,0.9815405651777576,0.8741573033707866,0.8106657122405154,33.21442469840446,28.46024127643015,20.20365806200545,18.12167596315994
Rotten,0.0,0,0,0.9739961759082219,0.9811494252873563,0.856203288490284,0.8197592067988668,33.208457679852685,27.620801320718773,21.239443774207885,17.93129722522065
Rotten,0.0006033384728832876,0,0,0.987105380168964,0.8940802348336595,0.890881913303438,0.8704506065857885,30.171719881942582,27.421518647705927,26.92514086396566,15.481620606385832
Rotten,0.0006062647356012126,0,0,0.9779362603075552,0.9301983835415136,0.8930707876370887,0.8544809228039042,30.244001078457806,27.520895119978434,27.04232946885953,15.192774332704234
Rotten,0.0,0,0,0.9750805585392052,0.7981029810298103,0.8233167645729779,0.8308619091751622,41.41459074733096,19.697508896797153,19.68861209964413,19.19928825622776
Rotten,0.0,0,0,0.9325442099258414,0.7951181102362205,0.913866716168554,0.6611638464713165,33.11921405630077,29.992442849045908,25.44398261855281,11.44436047610051
Rotten,0.0,0,0,0.9715043074884029,0.8179012345679012,0.766770324300311,0.8135514018691589,40.47023064544967,20.275344180225282,20.123368496334702,19.131056677990347
Rotten,0.0,0,0,0.9817307692307692,0.8931478078235757,0.9379688401615696,0.90498185417354,37.71304242717273,23.020669648253353,20.9476610661187,18.318626858455218
Rotten,0.0,0,0,0.9746274667740636,0.9558222676200204,0.9034229828850856,0.9799414960300877,36.17160754607036,28.523563260252022,17.87457207371258,17.430257119965038
Rotten,0.011787819253438114,0,0,0.8687459389213775,0.8648538961038961,0.9232017306652245,0.7877330126277812,33.99602385685885,27.21449083278109,20.421912966644577,18.367572343715484
Rotten,0.008195825592831385,0,0,0.8256666666666667,0.9157148483654982,0.9299191374663073,0.7853745541022592,33.054208902600266,27.97487880123402,20.438519171441165,18.532393124724546
Rotten,0.007641196013289037,0,0,0.8733075435203095,0.6989498249708285,0.691705069124424,0.6010733452593918,34.61667224640107,28.69099430867091,24.21604731614775,12.47628612878027
Rotten,0.0067552602436323364,0,0,0.8503732554365466,0.6987767584097859,0.6706586826347305,0.5994550408719346,34.35165570297692,29.167131229791504,24.205597056528042,12.275616010703533
Rotten,0.0,0,0,0.941816659690247,0.9196728187919463,0.8667341430499326,0.8748427672955975,33.88652482269504,33.815602836879435,21.02127659574468,11.27659574468085
Rotten,0.0,0,0,0.921376433785193,0.9500419815281276,0.8651841556636554,0.8674698795180723,34.01432928991984,33.79442434560545,20.415691281833016,11.775555082641697
Rotten,0.012314007183170857,0,0,0.9083237437667817,0.849761181068172,0.8530744336569579,0.6441767068273092,33.85714285714286,29.909090909090907,20.064935064935067,16.16883116883117
Rotten,0.0,0,0,0.8705349048050771,0.9006211180124224,0.7791331430054503,0.7369299221357063,30.17453630245664,29.069322098812716,21.081140230891286,19.67500136783936
Rotten,0.010896038969362903,0,0,0.923969587835134,0.8774139378673383,0.7755102040816326,0.6161172161172161,32.38724727838258,30.870917573872475,19.05132192846034,17.690513219284604
Rotten,0.02566793893129771,0,0,0.9625867832347648,0.9963129864809505,0.7940961210051232,0.8334698334698335,38.086377436098324,23.905592008618157,20.07149152874351,17.936539026540004
Rotten,0.026161264142836683,0,0,0.9606734514386229,0.9904596704249783,0.80872883377057,0.8297111416781293,39.0166184616893,22.608951419187214,20.554929163194274,17.819500955929215
Rotten,0.02603898835959048,0,0,0.9085256321680254,0.9986141358146902,0.9069665865909587,0.7428787496849004,34.736488432370166,24.24402419122588,21.97849668810598,19.040990688297974
Rotten,0.026234567901234566,0,0,0.9302780494620652,0.9972419227738377,0.9063588850174216,0.716608304152076,34.3706478413293,24.376890937905202,22.052538058877204,19.199923161888297
Rotten,0.0,0,0,0.9633105802047781,0.9742063492063492,0.8015419760137065,0.8916788321167883,39.08620977155245,22.411205602801402,19.465288199655383,19.037296425990775
Rotten,0.0,0,0,0.9637631614932313,0.9788441692466461,0.8153533003780169,0.8916518650088809,40.61423969787848,21.52615794735088,19.099189159169168,18.760413195601465
Rotten,0.11361646234676007,0,0,1.0,0.982151244715829,0.9583333333333334,0.9617977528089887,36.774512225240805,26.290442084465298,20.44949370214868,16.48555198814522
Rotten,0.42830597708268814,0,0,0.9926781188397634,0.9855706165282029,0.9555555555555556,0.9380825565912118,38.47237269772481,24.77789815817985,20.47670639219935,16.27302275189599
Rotten,0.0,0,0,0.9620444578859821,0.9034273172378862,0.9202094240837696,0.894494300266796,30.8528506111785,27.633666137911728,22.277689651954837,19.23579359895493
Rotten,0.0,0,0,0.9575868372943327,0.9485199485199485,0.8346803820720059,0.9766839378238342,36.058009228740936,30.73170731707317,17.943309162821357,15.266974291364535
Rotten,0.0,0,0,0.9150395778364117,0.913606494008504,0.7384859714134463,0.7939878654164368,31.12851119750315,28.330504298308057,20.686634178393472,19.854350325795327
Rotten,0.0,0,0,0.9608132480734547,0.9035807860262008,0.9006441538161234,0.9018733273862622,28.45877467220382,26.71363912089963,23.90462414259717,20.92296206429938
Rotten,0.0,0,0,0.9810246679316889,0.8837809917355371,0.900995575221239,0.9594953519256308,28.649089426474582,26.311497689589565,24.571894536558847,20.467518347377002
Rotten,0.0,0,0,0.9666348903717826,0.8922244094488189,0.7975778546712803,0.9601063829787234,28.474484256243215,27.578718783930512,23.534201954397393,20.412595005428884
Rotten,0.0,0,0,0.9672131147540983,0.7999454148471615,0.809009009009009,0.8841115216661068,29.07241428368189,26.063451415564092,23.687580025608195,21.176554275145826
Rotten,0.0,0,0,0.9639482844356042,0.8208477739269529,0.8220006044122091,0.8839103869653768,28.671228970630168,26.739378386084972,23.5885372112917,21.000855431993156
Rotten,0.0,0,0,0.9628691983122363,0.9577841111506947,0.8513270355375618,0.896339253352664,42.51311718014261,25.176016861742678,19.938113816763085,12.37275214135163
Rotten,0.0,0,0,0.9658456069070595,0.9492036881810562,0.9635135135135136,0.9860267314702309,35.29780845247165,26.73329449200018,23.215166046699235,14.753731008828932
Rotten,0.0,0,0,0.9105400904116108,0.8150134048257373,0.8199677938808374,0.850352766431489,30.609569587065767,27.164809555021485,22.613065326633166,19.612555531279586
Rotten,0.0,0,0,0.8767572633552015,0.8462647129473937,0.8792841977555353,0.8661311914323963,29.00244631693395,28.288937211198693,22.40418592008698,20.304430551780374
Rotten,0.016796640671865627,0,0,0.9557872784150157,0.8670770633834929,0.8634097706879362,0.8376603065373788,29.255643685173887,26.760219646125687,24.478340451494816,19.505796217205614
Rotten,0.0,0,0,0.9786892424463582,0.902729839974898,1.0,0.9714484679665738,50.21990910423691,23.36167717343498,15.892097932854421,10.526315789473683
Rotten,0.01686502003468692,0,0,0.956898329552485,0.8896118465335427,0.8684801597204892,0.7853486884197057,29.49692803698522,27.112354766104996,24.37496198065576,19.01575521625403
Rotten,0.0027873894655901575,0,0,0.9524674538298517,0.9066339066339066,0.93255620316403,0.9873695771554091,31.836144578313252,27.46024096385542,23.151807228915665,17.551807228915663
Rotten,0.0012073514286991907,0,0,0.9657313707451702,0.9518358852385908,0.8694898464586429,0.8031304347826087,38.932664756447,30.117299426934096,18.07843839541547,12.871597421203438
Rotten,0.0,0,0,0.9145183175033921,0.8620689655172413,0.9051937345424568,0.9398948159278738,31.16279069767442,29.12262156448203,25.644820295983084,14.069767441860465
Rotten,0.0,0,0,0.9155946030749922,0.9036989795918368,0.8619695096827359,0.9441509433962264,31.632754342431763,31.12655086848635,24.089330024813897,13.151364764267989
Rotten,0.0009940357852882703,0,0,0.9908651262761956,0.9730330831248263,0.933570159857904,0.9314641744548287,30.86235489220564,29.825870646766166,23.341625207296847,15.970149253731345
Rotten,0.001161729317069123,0,0,0.9840510366826156,0.9868162692847124,0.9143396226415095,0.9349514563106797,31.253634626568083,29.617014206197556,22.015452355238015,17.113898811996346
Rotten,0.0,0,0,0.9552987352812908,0.94392786700479,0.9365079365079365,0.9079333986287953,33.930156851139394,26.25776857058301,24.70405445398047,15.10802012429713
Rotten,0.0,0,0,0.9593124456048738,0.9469525959367946,0.935249621785174,0.9041162227602906,34.01924500370096,26.23242042931162,24.463360473723167,15.284974093264248
Rotten,0.28475287647441927,0,0,0.9225416036308624,0.8726868985936344,0.8268876611418048,0.8568914956011731,33.43787940105221,27.3371104815864,21.97490894374747,17.25010117361392
Rotten,0.0,0,0,0.9824615862176005,0.9257229832572298,0.9684832567301379,0.9778830963665087,51.47399536630183,26.2443077414716,12.16745226491971,10.114244627306862
Rotten,0.2965202108963093,0,0,0.9341441708691783,0.8448412698412698,0.8521335023236164,0.9616923956546598,33.68641950634556,25.182372339362445,23.65344259018687,17.477765564105127
Rotten,0.0034962637965311578,0,0,0.8732770120053357,0.8732394366197183,0.8507826086956521,0.8460702643969576,30.94386351128233,30.28343423225096,19.77848101265823,18.994221243808475
Rotten,0.003635092624956309,0,0,0.8615962856511166,0.8564437194127243,0.8496107572540693,0.8725602755453502,31.733670104539396,30.10594260857363,19.827404756893287,18.332982529993686
Rotten,0.0011111797024507685,0,0,0.9152437770006172,0.9921035314762009,0.9710731848423488,0.9261501210653753,30.04140658797355,28.17502008528521,21.36456337679995,20.419009949941287
Rotten,0.0017883571780957079,0,0,0.9126135216952573,0.9960578186596584,0.9155336997396587,0.9273917108133375,30.61098412306172,28.20782109099895,21.35664422067091,19.824550565268424
Rotten,0.00342038363762422,0,0,0.9964534515516149,0.8932732055618189,0.8341463414634146,0.9502951227089158,36.61704002597282,24.68345624043412,23.769769491210983,14.929734242382079
Rotten,0.0035154262454322586,0,0,0.995627732667083,0.8892767112662401,0.8372183372183373,0.9446334673677699,37.158241656222444,23.938170171285336,23.896393259991644,15.00719491250058
Rotten,0.0,0,0,0.9647529069767442,0.9788748564867968,0.8903628560280921,0.9479744136460554,37.27229633642581,29.491433601950295,17.356267352881424,15.880002708742467
Rotten,0.0,0,0,0.9665294433506354,0.9774487471526195,0.889996014348346,0.9476351351351351,37.61276423858893,29.554328800323145,16.891073111619768,15.941833849468157
Rotten,0.0,0,0,0.915072171869755,0.8862690707350902,0.8677924217462932,0.8396388650042992,28.058773664877084,27.163982292549683,22.868983705378167,21.908260337195067
Rotten,0.0,0,0,0.83203125,0.89288824383164,0.8091482649842271,0.7121102248005802,32.95901580716687,24.640583649238252,22.673628495815752,19.72677204777913
Rotten,0.0,0,0,0.9135240572171651,0.8603760445682451,0.9062114356232003,0.830561797752809,29.00792153904187,27.08411920030177,22.925311203319502,20.982648057336853
Rotten,0.0,0,0,0.9779804970116389,0.9669950738916256,0.896551724137931,0.9481114078595956,40.47876742853505,25.848347870376266,16.986057171961548,16.68682752912714
Rotten,0.0,0,0,0.9803766418737142,0.9630065975494816,0.9012726571538758,0.9458107544810338,40.62359369977499,27.283831565413053,16.66988106718097,15.422693667630988
Rotten,0.02171033264645275,0,0,0.820915380521554,0.7772370911057043,0.7979880369766177,0.33688600556070436,28.27051831791168,27.826675693974273,27.66869781087791,16.234108177236138
Rotten,0.02125659749837322,0,0,0.7931034482758621,0.7695473251028807,0.7608827085852479,0.5354484919702311,29.777646450469085,26.9262022604713,24.436728965058727,18.859422324000885
Rotten,0.0,0,0,0.909754825247783,0.6868729096989966,0.6926759214935376,0.4605855855855856,33.09547102491799,27.5306439546527,24.04327559417621,15.330609426253094
Rotten,0.0,0,0,0.9023678792038435,0.7337891486546096,0.7346256684491979,0.3736654804270463,33.534725818516606,26.088957937740954,25.824270671500088,14.552045572242362
Rotten,0.0,0,0,0.9871654833424358,0.8483650736615164,0.8987960872836719,0.9499568593615185,32.06374222922686,24.367393398126257,23.2729183083793,20.29594606426758
Rotten,0.0,0,0,0.9899497487437185,0.9066276089344563,0.84406237504998,0.9434571890145396,31.727192205491583,24.189548272807794,22.152347209920283,21.930912311780336
Rotten,0.00018971732119142478,0,0,0.9159677419354839,0.7888436067244015,0.6506849315068494,0.4267799352750809,39.21568627450981,24.832384566729917,20.316255534471853,15.635673624288424
Rotten,0.0,0,0,0.8062672030489096,0.8873117033603708,0.8036589349885658,0.7148382559774965,33.54403409090909,24.517045454545457,21.74005681818182,20.198863636363637
Rotten,0.00019065776930409913,0,0,0.9169890393294649,0.7248374512353706,0.6701957009945461,0.49649259547934527,39.43554538520214,24.440630561912027,19.81311975591152,16.310704296974322
Rotten,0.0020268558398783888,0,0,0.9083044982698962,0.8665351742274819,0.6947747747747748,0.7440758293838863,29.347550139629348,25.742574257425744,23.483117542523484,21.426758060421427
Rotten,0.0017678255745433118,0,0,0.9053072625698324,0.8542847615871957,0.7000377786173027,0.7689969604863222,30.190588632147076,25.290942823410354,22.3224827120931,22.195985832349468
Rotten,0.0006397497867500711,0,0,0.8504284601402233,0.7466739071409177,0.8321799307958477,0.5789990186457311,27.391706380254643,26.196742300305853,24.667472793228537,21.74407852621097
Rotten,0.0005750844655308748,0,0,0.8429291589280976,0.8050870887475808,0.8801804341697209,0.5868686868686869,27.109256994893187,26.015967776738837,25.512479321009856,21.362295907358124
Rotten,0.00014506419090447523,0,0,0.9987043275459964,0.9788995726495726,0.9045702788157517,0.8934517203107658,27.994196590496916,27.159956474428725,25.237577076532464,19.608269858541895
Rotten,0.00014575134819997084,0,0,0.9984338292873923,0.9793046357615894,0.9396600566572237,0.886654478976234,27.922740524781343,26.41399416909621,25.728862973760936,19.93440233236152
Rotten,0.029865361077111383,0,0,0.9812356979405035,0.9762589928057553,0.9747106729532791,1.0,36.75666582555303,35.074438556649,19.6231810917655,8.545714526032468
Rotten,0.0031117641974241507,0,0,0.9642447856979143,0.9681945743685687,0.9898373983739838,0.9146868250539957,37.83057313795196,37.07621607560912,17.064076996444985,8.029133789993931
Rotten,0.01251746623195156,0,0,0.9640449438202248,0.9365309075873476,0.9617540389053743,0.9000349528137015,36.73132480396203,28.51836566240198,17.882200341960967,16.868109191675018
Rotten,0.003641925850389686,0,0,0.8368241597661958,0.8383097165991903,0.47290152015862524,0.6685934489402697,30.01681409459756,28.891000804152352,22.121500109657138,18.970684991592954
Rotten,0.01294989208423263,0,0,0.9302213666987488,0.9277766933437439,0.9184594031922276,0.9656972408650261,36.84179422019975,30.275988416760242,17.03209030199161,15.850127061048402
Rotten,0.07612903225806451,0,0,0.9832390530064948,0.931129476584022,0.8108108108108109,0.9734151329243353,47.615722266560255,28.970470869912212,13.657222665602553,9.756584197924981
Rotten,0.07074552037879492,0,0,0.9834885690093141,0.9176232275489534,0.8357305071915215,0.9680638722554891,47.197522229993005,29.593365970626433,13.19812169047857,10.010990108901987
Rotten,0.03476036415619592,0,0,0.8824969400244798,0.9546508631795929,0.9126344086021505,0.904610492845787,31.841920648530674,30.25177332605815,23.19744329254034,14.70886273287084
Rotten,0.03551190026445032,0,0,0.893475037073653,0.9527096114519428,0.9172625127681308,0.9064171122994652,31.696043869956913,30.646298472385432,23.00822561692127,14.649432040736388
Rotten,0.0,0,0,0.9508771929824561,0.959584926269798,0.7959295929592959,0.9822429906542056,39.91596638655462,23.312961548255664,23.14744079449962,13.623631270690096
Rotten,0.0,0,0,0.974,0.8922222222222222,0.9599332220367279,0.9069148936170213,38.83495145631068,23.300970873786408,23.262135922330096,14.601941747572816
Rotten,0.0,0,0,0.8517860316331971,0.8237722729248153,0.799560546875,0.8169079869219991,34.17344831774566,27.948499939268796,24.875501032430464,13.002550710555083
Rotten,0.0,0,0,0.8830304120928558,0.8168658088235294,0.7994729276473407,0.8134034165571616,33.95453989979225,26.59171453012343,25.504093853110106,13.949651716974214
Rotten,0.0003348961821835231,0,0,0.9218978102189781,0.928030303030303,0.9781520254893036,0.9263093788063338,30.597431602456727,26.532663316582916,24.533780011166943,18.33612506979341
Rotten,0.004337916329681641,0,0,0.8310062590274434,0.8143039591315453,0.48379310344827586,0.6268946754760979,30.67493723231428,28.91005759858219,21.41485748043125,19.00014768867228
Rotten,0.01636610028145523,0,0,0.8993881713120326,0.9354602126879354,0.9419917864476386,0.9169873556899395,31.178465451462483,28.899957609156424,20.644340822382365,19.27723611699873
Rotten,0.0,0,0,0.882641157256183,0.6830401593096581,0.8335607094133697,0.9474145486415425,34.252377527371536,24.078957883800847,23.4316311036522,18.237033485175417
Rotten,0.0,0,0,0.8837264150943396,0.7069194943446441,0.8074099965047187,0.9491746307558645,34.16874848899992,24.22435329196551,23.055846562978484,18.55105165605609
Rotten,0.0,0,0,0.9487581114343253,0.9788461538461538,0.8695364238410596,0.8052858683926645,51.2147604859042,20.85720834288334,17.30460692184277,10.6234242493697
Rotten,0.0,0,0,0.9451570101724901,0.9698762775685853,0.8767535070140281,0.7264600715137068,51.87564529081106,21.326144315704944,17.173339451646207,9.624870941837788
Rotten,0.03792341678939617,0,0,0.991671293725708,0.868302130406714,0.9355877616747182,0.889589905362776,34.46230386528894,29.64026023727516,23.765786452353616,12.13164944508228
Rotten,0.03907834101382489,0,0,0.989522700814901,0.9765124555160143,0.9398385913426266,0.8830811554332875,32.95607136006139,26.951851141377325,26.146173028966047,13.945904469595243
Rotten,0.0,0,0,0.9616940280751843,0.968317827508172,0.8484660675550046,0.9607627429409608,29.73680486769492,28.13782368756191,22.831470213669167,19.293901231074006
Rotten,0.07792816546551826,0,0,0.9406109805597095,0.9805335255948089,0.8492746496188837,0.96004243281471,29.745186503145455,26.440871830717416,25.843553409163118,17.970388256974008
Rotten,0.0,0,0,0.830468977570638,0.7408920667347634,0.7663889894965592,0.4820717131474104,33.872718302910705,28.97878638381845,27.24222989639862,9.906265416872225
Rotten,0.20244487604249972,0,0,0.9372325249643366,0.9964628600303184,0.997815401419989,0.9269662921348315,30.124623979372583,28.348374158430023,26.228334049563102,15.298667812634292
Rotten,0.0,0,0,0.8317757009345794,0.7503419972640218,0.7556109725685786,0.474,33.71738060068932,28.79369768586903,27.641555883801082,9.847365829640571
Rotten,0.0,0,0,0.9132517296434274,0.7889605519724013,0.8643669149353195,0.877945753668297,31.602405079258293,28.03262834797965,21.452297859815836,18.912668712946225
Rotten,0.0,0,0,0.9429058931618323,0.7838888058586161,0.8666398066075746,0.8821563822677656,32.06245002735345,28.157219206329167,20.88961831418592,18.890712452131464
Rotten,0.0,0,0,0.8847361809045227,0.8626947440506763,0.9081158383982839,0.8959234095120445,30.26472125849532,27.760087448315197,26.586188869350313,15.389002423839171
Rotten,0.0,0,0,0.8941915227629513,0.8631905007743934,0.9121585431173005,0.8941831683168316,30.31312458361093,27.65299324260017,26.65365946511849,15.38022270867041
Rotten,0.0,0,0,0.9072254335260116,0.8567674113009198,0.9079310344827586,0.8557936796222303,28.460968989059797,25.0390721395081,23.854569383894052,22.645389487538043
Rotten,0.0,0,0,0.9016676250718804,0.8664717348927875,0.9006126616746086,0.8215031315240083,28.120957309184995,24.88680465717982,23.75485122897801,23.237386804657177
Rotten,0.04629549205246243,0,0,0.9371376258773269,0.9088745324719483,0.8823529411764706,0.9379146919431279,29.845173041894352,26.785063752276866,24.153005464480877,19.216757741347905
Rotten,0.04692133263561835,0,0,0.9384853168469861,0.9070317782285328,0.8816453240201785,0.9388322520852641,29.602855051244507,27.068081991215227,23.581625183016104,19.74743777452416
Rotten,0.0,0,0,0.947082096933729,0.9149249337650869,0.9366391184573003,0.6995681677976557,37.17936931139101,31.231037970028503,16.686586374919553,14.903006343660936
Rotten,0.20790162814528065,0,0,0.9934426229508196,0.9990128331688055,0.9896848137535816,0.928639391056137,30.688515164582437,29.121747879833258,25.082650567773467,15.107086387810838
Rotten,0.0,0,0,0.9513888888888888,0.8893186551621541,0.9237425635478637,0.6120023767082591,36.90617848970252,30.76430205949657,16.924485125858123,15.405034324942793
Rotten,0.0,0,0,0.9725179020708341,0.9060814124570868,0.9836837150925636,0.9086378737541528,37.892343795834556,29.90613083015547,23.371956585508947,8.829568788501026
Rotten,0.0,0,0,0.9770558375634518,0.9172743846855059,0.9846449136276392,0.9027331189710611,35.99356866184316,32.06899071840971,22.84586713440035,9.09157348534678
Rotten,0.0,0,0,0.8975258133645042,0.8899714828897338,0.8618476137315099,0.9257411212210156,31.43102075806748,25.766946298450797,21.939868960871962,20.86216398260976
Rotten,0.0,0,0,0.8534104046242774,0.8820720935784196,0.8705533596837944,0.8944387229660145,26.298188009242367,25.47123920710203,24.61388787547124,23.61668490818436
Rotten,0.0,0,0,0.9139542936288089,0.7857450473729544,0.8391959798994975,0.5246277205040092,34.49799916382966,27.736964701666366,27.3367974675984,10.428238666905571
Rotten,0.0,0,0,0.9364890175378853,0.7538657064181318,0.8132611637347767,0.544431279620853,35.13400335008375,28.242402488633644,26.52548456568557,10.098109595597032
Rotten,0.0002134016218523261,0,0,0.994942196531792,0.9779555208739759,0.8861429832303619,1.0,49.235147634293845,36.47100675916044,8.061188189256493,6.232657417289221
Rotten,0.0,0,0,0.9556466641818859,0.9549004787100025,0.953345774460144,0.9459757442116868,38.34774530122204,28.36418209104552,26.806260272993637,6.481812334738798
Rotten,0.051258096661684106,0,0,0.8301549463647199,0.8002614379084967,0.8045309323264594,0.802115319003753,33.04667498194709,25.10995864242106,22.60224512571391,19.241121249917942
Rotten,0.0,0,0,0.9471057884231537,0.9865853658536585,0.9539899352983465,0.9229979466119097,33.34997503744383,27.2923947412215,23.14861041770677,16.209019803627893
Rotten,0.051432129514321294,0,0,0.8117246898759504,0.7951839826839827,0.8604449581045941,0.8376096135108801,32.808192201654194,24.26152028357621,22.71891820926874,20.211369305500853
Rotten,0.010146561443066516,0,0,0.9021968101113451,0.710105580693816,0.4421836228287841,0.8279341476367499,31.53948367501898,31.46355353075171,19.124905087319664,17.872057706909644
Rotten,0.03821054439292461,0,0,0.8957518166573505,0.8135543060076946,0.6631090487238979,0.8262326471996171,31.94357646638693,30.166949379519686,19.239353629140254,18.650120524953127
Rotten,0.03646308113035551,0,0,0.9597989949748744,0.9711968680089486,0.792778649921507,0.9093432007400555,37.65373699148534,37.590665405234944,13.392200147167035,11.363397456112688
Rotten,0.031998369509833896,0,0,0.9471193988310604,0.9597832287507131,0.8443759630200308,0.9047186932849365,37.825034214127804,36.90914833140331,13.664596273291925,11.601221181176966
Rotten,0.05344923247641946,0,0,0.9883976168077767,0.9800625488663018,0.8776237623762376,0.9898167006109979,31.15474794841735,24.990230558812033,24.667838999609224,19.18718249316139
Rotten,0.04558617468472676,0,0,0.9851760345892526,0.9845806694245958,0.8912520064205457,0.9469365426695843,31.69227757658804,26.02525203092884,24.39072134677498,17.89174904570813
Rotten,0.002023355301190889,0,0,0.8693877551020408,0.9658216387505658,0.9644296893526203,0.9093347639484979,28.38440595493251,25.592307246712622,24.427967328969473,21.59531946938539
Rotten,0.0017934625397743708,0,0,0.8710970464135022,0.9635150166852058,0.9587485515643105,0.8987580993520519,27.471890576098296,26.051929987249334,25.00869363625826,21.467485800394112
Rotten,0.0,0,0,0.8916988141163024,0.9045218894009217,0.9502439024390243,0.8599673868732165,29.194126970885126,28.964711771085344,21.37732543588888,20.463835822140652
Rotten,0.25253675709256573,0,0,0.8934205463639862,0.950591868244982,0.9434840425531915,0.887468030690537,36.00221637345893,26.915085191854825,20.833910513921598,16.24878792076465
Rotten,0.0,0,0,0.9380267724343084,0.9842995169082126,0.9574780058651027,0.9725738396624473,33.70091896407686,27.669172932330827,22.79030910609858,15.839598997493734
Rotten,0.0,0,0,0.9005204460966543,0.8384225870799448,0.9535958904109589,0.9492855705373314,27.961415325766083,27.096586420523057,24.281734647208015,20.66026360650285
Rotten,0.013251406573882143,0,0,0.9235138205225294,0.8010455997676444,0.7626473944465576,0.5913924050632912,39.627879060694724,25.83089504088829,19.723910270838022,14.817315627578964
Rotten,0.0,0,0,0.9198510679992161,0.7138273045507585,0.7698829228905935,0.483640081799591,39.36285097192225,26.442456032088863,19.106757173711816,15.087935822277073
Rotten,0.00022878059940517045,0,0,0.9798975167520694,0.9673502428494334,0.9381322957198444,0.8869318181818182,38.70327993897788,28.268497330282226,19.60335621662853,13.424866514111367
Rotten,0.0006020016555045527,0,0,0.9831104855735397,0.9738941261783901,0.9676430517711172,0.9676092544987146,32.09848655974701,31.14976281906483,22.106769068594232,14.644981552593931
Rotten,0.0,0,0,0.9708474576271187,0.9802311435523114,0.9812111801242236,0.7791495198902606,34.91950757575758,31.136363636363633,30.492424242424242,3.4517045454545454
Rotten,0.0,0,0,0.9743193937692955,0.9884169884169884,0.9877860235003092,0.9448160535117057,34.05333078466979,32.18006307942273,30.90891713657651,2.8576889993309758
Rotten,0.0,0,0,0.9074889867841409,0.9479674796747968,0.9954853273137697,0.8820861678004536,33.48631371906245,30.240944107523354,29.044418947713492,7.228323225700704
Rotten,0.0,0,0,0.9262580966616841,0.9960339943342776,0.9438457175269427,0.927038626609442,33.444425929011835,29.411764705882355,29.378436927178804,7.765372437927012
Rotten,0.0,0,0,0.9432116439990456,0.8976744186046511,0.7899090157154673,0.8964941569282137,32.55145631067961,30.058252427184467,18.780582524271843,18.60970873786408
Rotten,0.015315315315315315,0,0,0.8945224083295609,0.9192727272727272,0.8282414307004471,0.7215457914240339,33.68405001524855,31.45013723696249,20.463555962183595,14.402256785605367
Rotten,0.0,0,0,0.9372717508055854,0.9096548004314995,0.9005032907471932,0.7159309021113244,35.72524942440522,28.457405986185723,19.823484267075976,15.993860322333079
Rotten,0.001183858348774964,0,0,0.8757585974376264,0.8356782106782107,0.7106762447361903,0.8923432682425488,30.56944086575625,28.569956196856484,20.803916516361763,20.05668642102551
Rotten,0.000949084412684234,0,0,0.8770918557084418,0.8294275835574337,0.7373684210526316,0.8758188550270578,30.053087454596255,29.09192511874825,21.234981838502375,19.620005588153116
Rotten,0.009511568123393316,0,0,0.9387323943661972,0.8780709736123748,0.9042039972432805,0.9441248972884141,36.85439916947833,28.523228652997663,18.829483519335582,15.792888658188426
Rotten,0.024126352443725903,0,0,0.9401619148187258,0.9103019538188277,0.9162595952547103,0.9568508705526116,36.204919077354404,28.698865808589268,18.261756085128074,16.834459028928254
Rotten,0.0,0,0,0.9836756187467088,0.9558359621451105,0.8662280701754386,1.0,44.056917485113296,31.86915165107107,17.63204701879205,6.441883845023587
Rotten,0.0,0,0,0.9825088339222615,0.9512428298279159,0.8635159010600707,1.0,43.767398700897,32.353850912465205,17.5069594803588,6.371790906278998
Rotten,0.0,0,0,0.8745075970737197,0.8370514064015518,0.8626160990712074,0.843956043956044,35.0458534661276,30.499950695197715,25.48072182230549,8.973474016369194
Rotten,0.0,0,0,0.8573834924199888,0.8618274434893346,0.8639937106918238,0.8458149779735683,35.07631708517972,30.930576070901033,25.051698670605617,8.94140817331364
Rotten,0.027132061892767182,0,0,0.7808725659354203,0.6727625380991965,0.6305158483530143,0.6708428246013668,30.011836070424618,26.697736351531294,23.805296641515017,19.48513093652907
Rotten,0.001244167962674961,0,0,0.9061790095411176,0.8884692849949648,0.8241500586166471,0.6007326007326007,34.27281220803488,30.924945499844288,19.923699781999378,14.878542510121456
Rotten,0.028852364889112178,0,0,0.803096274794388,0.6544546211490425,0.6449647209749839,0.7010463378176383,30.552065627078562,26.62774369965265,23.043381863868152,19.776808809400638
Rotten,0.0,0,0,0.8269067436724987,0.8983669214732453,0.8297526041666666,0.875065893516078,35.43823741873345,34.64965085480375,18.49265591138936,11.41945581507344
Rotten,0.0,0,0,0.8353365384615384,0.8889275766016713,0.8285077951002228,0.8768077129084092,35.130896368681384,34.64832911086983,18.958861141271566,11.261913379177223
Rotten,0.03711620676253401,0,0,0.9898287845397525,0.9498836963417213,0.9671132764920828,0.8844419391206313,39.68382105617222,31.81298351833165,16.56912209889001,11.934073326606121
Rotten,0.05079324462640737,0,0,0.9787197820905686,0.9508816120906801,0.9509513742071881,0.8572207084468665,39.58754549130611,32.106752931661944,15.938805768971559,12.366895808060384
Rotten,0.0,0,0,0.890337601862631,0.8545751633986928,0.7688729874776387,0.7578909612625538,30.327637339358848,30.249964694252224,19.73591300663748,19.686484959751446
Rotten,0.0,0,0,0.9054891544931386,0.8386421762380841,0.75591985428051,0.6883756152972359,31.805702217529042,30.278071101724745,19.32418162618796,18.592045054558255
Rotten,0.0,0,0,0.9293527803099362,0.9444444444444444,0.8841129372102824,0.8294010889292196,35.32726833588278,27.823846711214877,19.10474196924563,17.74414298365671
Rotten,0.0,0,0,0.9286206105118201,0.9206440483036228,0.9012804626187526,0.82537517053206,34.98193496587716,27.92452830188679,19.437976716178245,17.65556001605781
Rotten,0.0,0,0,0.9389877513288652,0.9376861966236345,0.8955595026642984,0.836179295624333,33.17233977307574,30.880098129408157,21.580803434529287,14.366758662986815
Rotten,0.006102212051868803,0,0,0.9659988972615328,0.9714503235629997,0.8690386071158214,0.9043478260869565,52.1968534151957,25.201458173445896,12.672678434382195,9.929009976976209
Rotten,0.0,0,0,0.9331965344277245,0.9345724907063196,0.9075330239200285,0.8450164293537787,33.61434702636419,30.92427958307787,21.466891477621093,13.994481912936848
Rotten,0.13733634311512416,0,0,0.8875239923224568,0.9079102715466352,0.9649753030983386,0.9601100412654745,27.266066568976342,26.59619007745447,23.309608540925268,22.828134812643917
Rotten,0.1377685126438865,0,0,0.9658536585365853,0.8995327102803738,0.9655647382920111,0.9633682207421503,28.014296226216757,26.994638915168718,22.894985808893093,22.096079049721435
Rotten,0.001135519937109665,0,0,0.9269552012148823,0.8607801534192917,0.8279192273924495,0.7847222222222222,28.791919898561495,26.78938393598881,24.900529054260854,19.51816711118884
Rotten,0.0006878761822871883,0,0,0.9475498276637194,0.8221901555234888,0.8292074799643812,0.8228438228438228,28.708483909826192,26.832731027361902,24.156771639993117,20.302013422818792
Rotten,0.020314276853096246,0,0,0.8980040285661967,0.95487974557742,0.934996854686517,0.9528710725893824,28.813380467472165,26.544610351923176,25.162243444309606,19.479765736295047
Rotten,0.02111174665904009,0,0,0.8970068786019706,0.9570781649931088,0.9405750798722045,0.9684095860566448,28.57370517928287,26.980079681274898,24.940239043824704,19.50597609561753
Rotten,0.02490096208262592,0,0,0.9038461538461539,0.8311317386647625,0.9052472631181578,0.9043956043956044,29.67692010059973,27.094215515573612,25.62391178177597,17.604952602050687
Rotten,0.02460093896713615,0,0,0.8973143759873617,0.8373865698729582,0.9140022050716649,0.9221522610188895,30.467847516365037,26.52098575279168,26.193685021178283,16.817481709664996
Rotten,0.03188180404354588,0,0,0.908411214953271,0.768270944741533,0.751338688085676,0.5479204339963833,33.422579205711735,30.040160642570278,26.666666666666668,9.870593485051318
Rotten,0.006888206273852742,0,0,0.9617563739376771,0.9429223744292238,0.8605182926829268,0.9074930619796485,52.938419720686106,24.632111725560033,12.297309963445496,10.13215859030837
Rotten,0.031931464174454825,0,0,0.853704705246079,0.7743813682678311,0.751360544217687,0.5323159784560144,33.05622597657996,30.7052829176723,26.280504156610352,9.957986949137391
Rotten,0.0186624115443319,0,0,0.9194581280788178,0.8556701030927835,0.6290322580645161,0.7965056526207606,28.70272180982679,27.430187345351715,23.23082361258395,20.63626723223754
Rotten,0.01678806798473812,0,0,0.9130864197530865,0.756007393715342,0.7136653155761437,0.7990978487161693,28.575460382417273,26.719819374867704,24.370281521202287,20.334438721512736
Rotten,0.0010503721971046262,0,0,0.6292326809568188,0.6711613011966965,0.5791127541589649,0.4749572440752504,29.43220261497668,27.123525646886716,24.73255920270641,18.71171253543019
Rotten,0.0011391078507313073,0,0,0.5836903062033952,0.6759459909984997,0.6185547610086564,0.5004644681839294,28.751938691725208,27.365203904753216,24.24048900647751,19.642368397044066
Rotten,0.0,0,0,0.9631567473294091,0.8206695005313497,0.8691366417403127,1.0,37.46936775036759,30.746610031040678,24.03202091161575,7.752001306975985
Rotten,0.00033852403520649965,0,0,0.8236607142857143,0.8864970645792564,0.8365719980069756,0.8657551274083282,30.34202505926177,28.840726944350376,22.654927192685403,18.16232080370245
Rotten,0.0,0,0,0.9002564833285837,0.8492492492492493,0.8904081209861198,0.9153539172442764,32.48923660941623,23.123929447710754,22.34618767649646,22.040646266376555
Rotten,0.0,0,0,0.8995181405895691,0.8461538461538461,0.895945386843194,0.9092436974789916,32.66213025968616,22.92737119844466,22.376521779382493,22.03397676248669
Rotten,0.0479467945247854,0,0,0.88470066518847,0.7890227576974564,0.7516339869281046,0.684472049689441,32.97051417431565,30.33872146860531,23.613028998456663,13.07773535862237
Rotten,0.0002554278416347382,0,0,0.9540929203539823,0.9703491152558584,1.0,0.8204545454545454,46.193152784874805,26.711803781297906,15.85334695963209,11.241696474195196
Rotten,0.03319697923222152,0,0,0.9090004972650423,0.8639336016096579,0.7086446104589115,0.7029034436191762,32.72579332790887,32.35150528885273,22.87225386493084,12.050447518307566
Rotten,0.007313479953698832,0,0,0.8510327179674648,0.9121960632960247,0.9002751031636864,0.8795430944963655,28.99772088832353,27.465945831345735,23.11973286691048,20.41660041342026
Rotten,0.007310323220719545,0,0,0.8402474526928675,0.8543449324966723,0.8887178359357818,0.874629280129415,28.90957866498343,27.662931986744514,23.917731839461364,19.509757508810686
Rotten,0.0,0,0,0.9195474544311754,0.970703125,0.9107022660982724,0.9684062719400889,26.354149411959582,25.443100877919495,24.609353431616146,23.593396278504777
Rotten,0.0,0,0,0.9208186892702088,0.9692439128577531,0.8748868778280543,0.9581077900682513,26.594457884319333,25.742247635803828,24.301737409280843,23.361557070596
Rotten,0.0,0,0,0.9695767195767195,0.8559213339033775,0.9260908281389136,0.8636363636363636,32.050874403815584,24.790673025967145,23.804981452040273,19.353471118177
Rotten,0.0,0,0,0.9623618784530387,0.9328793774319066,0.8329238329238329,0.9041551246537396,32.93903548680619,23.38489535941765,23.146041856232937,20.53002729754322
Rotten,0.0,0,0,0.8918104628868803,0.8663231282206729,0.8243639921722113,0.6727272727272727,37.60428468431352,33.97878257287053,21.052631578947366,7.364301163868575
Rotten,0.0,0,0,0.8834924199887704,0.8548488664987406,0.7593360995850622,0.6222684703433923,36.096473449533846,32.18483988650183,21.980137819213617,9.73854884475071
Rotten,0.011651899502366793,0,0,0.9676559445530478,0.9179063360881543,0.9117564925998325,0.939385150812065,34.55114822546973,22.28908264767285,21.988210733145035,21.17155839371239
Rotten,0.0002535496957403651,0,0,0.9508379888268157,0.9877762106252939,0.984349258649094,0.8455958549222798,45.39690590920619,26.9718488460563,15.394369769211261,12.236875475526249
Rotten,0.014149232071592695,0,0,0.9708427389014297,0.8993238166791886,0.9150784753363229,0.9395973154362416,32.60549558390579,24.49092247301276,21.884200196270854,21.0193817468106
Rotten,0.0,0,0,0.9752869897959183,0.9151145038167939,0.915927633912735,0.8367248062015504,43.46500346500346,22.695772695772696,19.535689535689535,14.303534303534304
Rotten,0.0,0,0,0.9747304039916305,0.9085782131196201,0.9173090399439383,0.8402571711177053,42.97274865126573,23.301978143588325,19.739936367409047,13.985336837736892
Rotten,0.0,0,0,0.9799343305363006,0.9717693836978131,0.9692307692307692,0.967479674796748,34.037004842915685,31.23059729293431,20.985967962250093,13.746429901899912
Rotten,0.0,0,0,0.9772811918063314,0.9636,0.9710743801652892,0.9595176571920758,33.3955223880597,31.094527363184078,21.069651741293534,14.440298507462687
Rotten,0.050452781371280724,0,0,0.984639678438128,0.9520068317677199,0.9759010896898574,0.9743820224719101,35.14986376021799,29.543849026137853,24.079119991926532,11.22716722171763
Rotten,0.04792635046707884,0,0,0.980356964802074,0.9855803893294881,0.9318949831037172,0.9228930065750149,47.537564582642084,26.297577854671278,18.234820116604254,7.930037446082381
Rotten,0.0,0,0,0.9759530791788856,0.9469728601252609,0.9390711546655305,0.8936046511627908,34.542139384116695,24.260534846029174,23.77431118314425,17.423014586709886
Rotten,0.0,0,0,0.9818840579710145,0.9755102040816327,0.904,0.8978021978021978,33.26303103344381,24.605804961333735,23.85256603394597,18.27859797127649
Rotten,0.004138702460850112,0,0,0.9701807228915663,0.9005469915464943,0.8346814964610718,0.848180677540778,37.29080085364484,22.5878917218915,22.21723014714141,17.90407727732225
Rotten,0.0,0,0,0.9126119583635923,0.9458502024291497,0.73692704970949,0.536963258078796,30.736607142857142,29.404761904761905,23.05059523809524,16.808035714285715
Rotten,0.003789430561245391,0,0,0.986910197869102,0.8206869009584664,0.8704612365063789,0.8805263157894737,33.771974915184536,25.742777834892568,20.951989308111443,19.533257941811453
Rotten,0.0,0,0,0.9972766884531591,0.9602145730889584,0.9344416562107905,0.8905370843989769,36.416528925619836,29.5801652892562,21.077685950413223,12.925619834710744
Rotten,0.0,0,0,0.994306049822064,0.9525729191368272,0.9428487690504103,0.9053030303030303,37.22593892826389,27.932701861296948,22.60051665893886,12.240842551500299
Rotten,0.0,0,0,0.9680685358255452,0.9194097616345063,0.93717277486911,0.9416685507574045,31.17261471230881,28.518248765881687,22.412397831188798,17.8967386906207
Rotten,0.0,0,0,0.9709121717029088,0.9297929792979298,0.9757747365109328,0.9400218102508179,28.683677602268126,26.998784933171326,25.74726609963548,18.57027136492507
Rotten,0.09746460322686862,0,0,0.9977945809703844,0.977906976744186,0.941983780411728,0.8775981524249422,38.599051441079894,31.375410434148122,19.494101909278854,10.531436215493128
Rotten,0.09232125151481767,0,0,0.9981024667931688,0.9821826280623608,0.9422310756972112,0.8643101482326112,38.378443985920626,32.698142978516806,18.278917344337906,10.644495691224662
Rotten,0.0,0,0,0.9671452908250182,0.8870192307692307,0.9059425423061787,0.9434801958166444,33.61145194274028,27.22290388548057,20.78527607361963,18.380368098159508
Rotten,0.0,0,0,0.9624095260331543,0.882553455221568,0.9092356687898089,0.960644007155635,34.9404470549845,26.325664871920377,20.492739435470714,18.24114863762441
Rotten,0.0005452232386260374,0,0,0.9670632867735817,0.9203416765991259,0.8665158371040724,0.7491780178487553,35.14971511698388,30.512789429021698,21.432900957691842,12.904594496302582
Rotten,0.0,0,0,0.8919911829537105,0.97761569416499,0.7257412398921833,0.5437342304457528,30.458784035807536,29.660574412532636,22.140992167101828,17.739649384558
Rotten,0.0002426595486532395,0,0,0.9665121071612571,0.9221821099077416,0.8756695799266986,0.7584745762711864,35.33373786407767,30.254854368932037,21.523058252427184,12.888349514563108
Rotten,0.0016652789342214821,0,0,0.9678447276940904,0.9756159512319025,0.8041681638519583,0.7427407030056037,44.293321357541544,25.258228010521588,17.854622441778407,12.593828190158465
Rotten,0.0017953321364452424,0,0,0.9666281421554465,0.9789007554050534,0.8054378531073446,0.7417721518987341,44.46300102774923,24.65955806783145,18.19116135662898,12.686279547790338
Rotten,0.0010500190912562048,0,0,0.9964340295466123,0.9982888432580425,0.9901123595505618,0.9906609195402298,37.515527950310556,27.92164357381749,21.261347348303868,13.301481127568085
Rotten,9.806805923310778e-05,0,0,0.9975259772389906,0.9795081967213115,0.9933931099575272,0.9259807549962991,39.64299725382503,26.32404864652805,20.78265986661436,13.25029423303256
Rotten,0.0006839276990718125,0,0,0.8762611840852846,0.8311407814647556,0.8654566975734859,0.8692719698472525,25.679507235041065,24.897340633554947,24.780015643332028,24.64313648807196
Rotten,0.00122177695239957,0,0,0.8239017840015346,0.8543670642554829,0.9068945197407189,0.8682877406281662,25.507657679698585,25.434261388657823,24.910701179233744,24.147379752409844
Rotten,0.003951997686635501,0,0,0.9853155693863659,0.8499877240363368,0.8944193061840121,0.8981975967957276,49.75564910243383,19.707746649247593,16.040063869937583,14.496540378380992
Rotten,0.004128858802630947,0,0,0.9864800533180996,0.8549422336328626,0.8941529235382308,0.8973421926910299,50.63394880200549,18.777418888299668,16.077712963409343,14.510919346285494
Rotten,0.0,0,0,0.9109760929863955,0.8750174361835681,0.8199199644286349,0.8031380240254965,32.46987176738002,30.74580777973153,19.29064630955955,17.493674143328903
Rotten,9.477774618519572e-05,0,0,0.9853546910755149,0.995355587808418,0.8810232004759072,0.9563567362428842,41.4218009478673,32.654028436018955,15.933649289099527,9.990521327014218
Rotten,0.0,0,0,0.9154459007967104,0.8681003584229391,0.8693073501376827,0.7631032693305656,33.35333447625579,29.894565403737356,20.234013372192695,16.518086747814163
Rotten,0.0,0,0,0.9805872361077408,0.9427808506580202,0.9924924924924925,0.9688164422395464,42.14132324368545,26.807444523979957,23.83679312813171,7.214439104202884
Rotten,0.0,0,0,0.9899509803921569,0.9372722041051218,0.9719767191205001,0.9422161794697484,41.882666940409585,26.75665965200431,23.810501462813736,7.550171944772366
Rotten,0.05882668095365658,0,0,0.9585347712904425,0.9855740332598678,0.9708787034692327,0.951061865189289,30.61421984402573,28.411225593442254,22.47964934251722,18.4949052200148
Rotten,0.09280790204753575,0,0,0.9575548703065482,0.9901885340515583,0.9642948882609812,0.8726072607260726,31.263468299875242,29.47714642168538,22.07667006918453,17.182715209254848
Rotten,0.0,0,0,0.9376106194690266,0.8093258630037954,0.7687943262411348,0.8838536421617993,34.73004815080422,28.342382952566336,21.667861899395554,15.259706997233891
Rotten,0.0,0,0,0.9322501088060351,0.8398049485280838,0.7640617222498756,0.8918474687705457,35.36685479733197,28.40944073884043,20.61570035915854,15.60800410466906
Rotten,0.0,0,0,0.9195632393084623,0.8895471857807872,0.9800190294957184,0.921495789995047,29.762227157016735,25.597140226398746,22.769864052429185,21.870768564155338
Rotten,0.0,0,0,0.9299847792998478,0.897246910903967,0.9807553524176088,0.9364235055724417,29.242238789362414,25.66484922666073,23.127851340825636,21.96506064315122
Rotten,0.0,0,0,0.891788821356215,0.8858195211786372,0.7665727699530517,0.8394867766431003,34.8883622302607,27.092428589247845,22.140451540476487,15.878757640014967
Rotten,0.18848108413325804,0,0,0.906885758998435,0.9561933534743202,0.9483443708609272,0.9091710758377425,35.569162259949906,27.63707208460896,21.013080990815475,15.78068466462566
Rotten,0.0,0,0,0.9776806258628624,0.9961685823754789,0.8771014492753623,0.933920704845815,41.00386828946127,32.01245400509482,16.275120294367394,10.708557411076516
Rotten,0.0,0,0,0.9246091488129705,0.8821834480550664,0.7619472182596291,0.8548342156589579,35.86112380082229,25.943768428921466,23.29000373769675,14.90510403255949
Rotten,0.0,0,0,0.8570216376750106,0.8766794625719769,0.8853640951694304,0.5359765051395007,34.94785746058419,30.900014827262396,27.420550585676867,6.731577126476548
Rotten,0.0,0,0,0.8710915292779988,0.844746640764125,0.8826825424619156,0.5230987917555082,34.60725001229649,30.38217500368895,28.090108700998474,6.920466283016085
Rotten,0.0,0,0,0.9894238358326756,0.9493778762570309,0.9600395647873393,0.9591335417597141,29.146537842190018,26.993328732459165,23.257418909592822,20.602714515757995
Rotten,9.225092250922509e-05,0,0,0.9929214929214929,0.9526627218934911,0.9546354992076069,0.9577977720651243,28.67423194021589,26.50613525232955,23.286281022234522,21.533351785220038
Rotten,0.11123063683304647,0,0,0.9992421371731717,0.98893717898064,0.9586402266288951,0.9736247174076865,31.94141854272573,30.634229000242076,21.362866134107964,16.06148632292423
Rotten,0.2345627152818617,0,0,0.9898196625945317,0.9978503869303526,0.9567483064095883,0.9586834733893558,37.7346065195917,25.529579629019867,21.062451981121722,15.67336187026671
Rotten,0.4906843425295593,0,0,0.9209659714599341,0.8682634730538922,0.942090395480226,0.7789203084832905,32.043615898698555,29.370383397819204,24.903271192402393,13.682729511079843
Rotten,0.485430116908044,0,0,0.9411764705882353,0.9424724602203183,0.9177914110429448,0.8743455497382199,31.705662936588674,27.70430654459139,27.636486944727025,12.953543574092913
Rotten,0.0012363352420614263,0,0,0.9514705882352941,0.8336594911937377,0.7245195107746069,0.7592425608656447,39.87230438465046,23.304449801289987,22.37279301583165,14.450452798227897
Rotten,0.0,0,0,0.9709241952232607,0.9462587846217445,0.9203406813627254,0.962823275862069,31.539301310043665,26.40829694323144,21.790393013100438,20.262008733624455
Rotten,0.0013639020588426317,0,0,0.9518567203417679,0.8116554054054054,0.7662824207492795,0.7566137566137566,39.58116545265349,23.100936524453694,22.56763787721124,14.750260145681581
Rotten,0.12129720623332865,0,0,0.9886979044031081,0.9396604002425712,0.7222222222222222,0.8328396106644097,33.92714491132769,26.346061671193482,20.849976034510306,18.876817382968525
Rotten,0.07859106179374936,0,0,0.9316888045540797,0.8898785425101214,0.7289452166802943,0.8355601233299075,34.93536625787206,27.289802231797594,27.02463816152911,10.750193348801238
Rotten,0.0,0,0,0.7922205809945839,0.8262839879154078,0.8838028169014085,0.6778052805280528,31.439628482972136,25.61919504643963,24.179566563467493,18.761609907120743
Rotten,0.0,0,0,0.8495181616011861,0.815214135968853,0.8897427330437688,0.7038741848868432,31.164330817803787,25.712305559833666,23.04789773602341,20.075465886339135
Rotten,9.915716410510659e-05,0,0,0.8622105436032189,0.890194075587334,0.7739908145999517,0.7236971484759095,30.191392304641017,29.125347084490283,20.512693375644588,20.17056723522412
Rotten,0.00019842254080063495,0,0,0.841079460269865,0.8889451476793249,0.7626310772163966,0.7548995286529397,29.784172661870507,29.397171917638303,20.818655420491194,20.0
Rotten,0.0005095108695652174,0,0,0.8890299184043517,0.7673574022644734,0.8103614457831325,0.7941976427923844,31.23760974228264,26.513735485698103,23.506088926649674,18.742565845369583
Rotten,0.0005715918833952558,0,0,0.9200372786579684,0.747716894977169,0.8061079545454546,0.7949374288964732,30.683442951100943,25.050042893909065,24.15784958535888,20.108664569631113
Rotten,0.0,0,0,0.8416707139388052,0.8360655737704918,0.7556867891513561,0.6208044382801664,30.472103004291846,29.189482511962904,22.55438804203049,17.784026441714765
Rotten,0.0,0,0,0.9681833732466644,0.9371121224658667,0.9280910501810657,0.9762033531638724,32.04341153255865,26.49638237228678,21.190528392896294,20.269677702258278
Rotten,0.0,0,0,0.8557942708333334,0.8599933488526771,0.8010537407797682,0.6387638763876388,30.36173156750346,29.719312117019175,23.448309942676417,16.47064637280095
Rotten,0.0,0,0,0.9535727932747421,0.8074520783975878,0.785912368275097,0.8448910274554203,30.759285378467325,27.286083685942643,21.191819464033852,20.762811471556184
Rotten,0.0,0,0,0.9692424530093032,0.7817944250871081,0.8367952522255193,0.8451110470147101,30.922327247108555,26.95943169142253,21.763635296189747,20.354605765279164
Rotten,0.0047381226789601745,0,0,0.9331891891891891,0.9392216878006121,0.973846885401807,0.7994389901823282,29.7542460113227,29.42614513638703,27.058672156459085,13.76093669583119
Rotten,0.005262482351431138,0,0,0.948125,0.936357481381178,0.9746331758269088,0.798932384341637,30.967741935483872,28.587096774193547,25.94193548387097,14.503225806451614
Rotten,0.00029239766081871346,0,0,0.9436819687647894,0.9049241251161351,0.9503635788808094,0.9025506867233486,30.90084820122843,23.610704884469143,23.128107633811055,22.360339280491374
Rotten,0.0002190580503833516,0,0,0.9551397655545536,0.9172036082474226,0.9413480233311731,0.8750815394651011,32.39848086473853,22.670172363423895,22.538708735027754,22.392638036809817
Rotten,0.008385200553250345,0,0,0.9298032547971824,0.8581058308055275,0.8143112701252236,0.7066582914572864,35.89050649463865,25.86522535088484,24.365791997210355,13.878476157266151
Rotten,0.00837072833966172,0,0,0.9285365853658537,0.885752688172043,0.8109843081312411,0.7150837988826816,35.68009746758333,25.898529283787315,24.401705682708204,14.019667565921157
Rotten,0.0017921146953405018,0,0,0.9744564391059753,0.9066859938394637,0.9549365942028986,0.9573446327683616,32.799720726112106,27.523439058448034,22.022740873728306,17.65409934171155
Rotten,0.00011514104778353483,0,0,0.9251025991792066,0.9962302947224126,0.9967741935483871,0.8599071207430341,33.671119299861815,33.60202671579917,17.84891754951635,14.877936434822661
Rotten,0.0022911789610001493,0,0,0.9762119843420657,0.9456363636363636,0.9490934449093444,0.9634792305547811,33.1586041635465,27.457440966501924,21.47671109779841,17.907243772153162
Rotten,0.0016987777087217734,0,0,0.9438796824954742,0.9710055521283159,0.9047961199928148,0.95351707116413,29.804100605959988,26.9112642151573,23.105337428405413,20.1792977504773
Rotten,0.0015703128228439192,0,0,0.943281098322008,0.9708812260536398,0.9118668860852075,0.9548022598870056,29.84561897272464,27.006332519349364,22.635652497827078,20.51239601009892
Rotten,0.0,0,0,0.8922250316055625,0.8002912419388392,0.9030458033015578,0.8474689909487093,34.355828220858896,26.098050925674578,23.35088767034041,16.19523318312612
Rotten,0.0,0,0,0.889132821075741,0.8173677634319034,0.8996299722479186,0.8690909090909091,34.41817789291883,25.91753022452504,23.337651122625218,16.326640759930918
Rotten,0.0,0,0,0.9941013824884792,0.9457397202204324,0.9933853059296007,0.9284358904852263,30.03044561306394,26.11680044284528,23.432050927207307,20.420703016883476
Rotten,0.0,0,0,0.9917102180573076,0.9442041522491349,0.993700024230676,0.9689839572192513,30.759423503325944,25.631929046563194,22.876940133037692,20.73170731707317
Rotten,0.0,0,0,0.9473448687350835,0.9186906019007391,0.8138686131386861,0.8932935916542474,33.31180124223602,28.233540372670806,21.78385093167702,16.67080745341615
Rotten,0.0,0,0,0.9546345139412208,0.918918918918919,0.802945301542777,0.8898678414096917,32.965668008148256,28.86172802702837,21.255030555969594,16.917573408853777
Rotten,0.0,0,0,0.9622854987742787,0.9610631848915832,0.8155230596175478,0.8267806267806268,31.834553968063396,25.747388642093888,21.347100492255976,21.070956897586747
Rotten,0.000344748333716387,0,0,0.9294117647058824,0.998567335243553,0.9980327868852459,0.8562783661119516,35.176457064030345,32.09564317737671,17.530750660995515,15.197149097597427
Rotten,0.0,0,0,0.9860399363845203,0.9627851140456183,0.8450581395348837,0.8251768867924528,33.97574447646494,25.006003842459172,20.653218059558117,20.36503362151777
Rotten,0.0,0,0,0.9439655172413793,0.8818967427431863,0.9113157894736842,0.8801020408163265,28.15363145440204,27.383047145197498,23.05685334627753,21.40646805412293
Rotten,0.0,0,0,0.8213421342134214,0.9422853153362811,0.9073791348600508,0.8759583789704272,27.672917681441795,26.162932294203607,23.928397467121286,22.23575255723332
Rotten,0.0,0,0,0.9043222828367604,0.8497136311569301,0.9586004273504274,0.6362715298885512,34.381763093348724,31.488962631654882,27.009089597460683,7.120184677535709
Rotten,0.0,0,0,0.8710815860494083,0.8280018544274456,0.9541785993230929,0.5963912630579298,34.3458110516934,30.759358288770056,27.38680926916221,7.508021390374331
Rotten,0.0,0,0,0.7629686304514155,0.7934332164488365,0.675603217158177,0.5483363309352518,29.562109834434093,28.3814349045508,21.93522120691215,20.121234054102956
Rotten,0.0,0,0,0.811587449518484,0.6960338611067566,0.5825825825825826,0.5454349233757825,29.115412445730826,28.848589001447177,21.08357452966715,20.952424023154848
Rotten,0.0,0,0,0.8761672756800649,0.6438453858222792,0.582493921500521,0.475,31.797056545313712,30.170410534469404,24.778380239263274,13.25415268095361
Rotten,0.0,0,0,0.9069641649763354,0.6807893209518282,0.5810276679841897,0.5368826170622194,31.842059937995177,29.676197037547364,25.055976575955906,13.42576644850155
Rotten,0.0,0,0,0.864376130198915,0.7695473251028807,0.839666584947291,0.7121162099702872,28.244908382813,26.374257805018196,26.042265211006832,19.338568601161974
Rotten,0.0028567718478119727,0,0,0.9870987098709871,0.9558878504672897,0.9868554095045501,0.8944281524926686,43.40408907409819,34.835265008464646,12.879281156400573,8.881364761036593
Rotten,0.0,0,0,0.8954484001802614,0.8286469598654169,0.7638888888888888,0.7112929623567922,28.163472521893638,26.405635232897577,26.043914202309935,19.386978042898846
Rotten,0.06081033137018378,0,0,0.9464659935225758,0.9231731731731732,0.9751789976133651,0.9066455696202531,39.65699607132064,30.190389845874886,15.828044726503476,14.324569356300998
Rotten,0.04906474820143885,0,0,0.962253193960511,0.9168734491315137,0.9183381088825215,0.8978215767634855,39.08306854289605,30.488727492812828,15.84203359055833,14.586170373732788
Rotten,0.0,0,0,0.920883164673413,0.7928155339805826,0.6152894606630381,0.5658082975679543,31.194398209263618,29.55862939792229,23.199219422602308,16.04775297021179
Rotten,0.0,0,0,0.8668719434884985,0.7588760205050313,0.6269430051813472,0.592948717948718,31.62809349220898,30.173006416131987,22.112740604949586,16.08615948670944
Rotten,0.0008169193065262776,0,0,0.980851599899219,0.9966795794133924,0.8409090909090909,0.8497959183673469,36.055595930232556,32.830668604651166,19.98546511627907,11.128270348837209
Rotten,9.209799226376865e-05,0,0,0.985362095531587,0.9883057615516257,0.8869209809264306,0.8573705179282869,35.86626139817629,32.29253016487059,20.281845813760707,11.559362623192412
Rotten,0.0,0,0,0.9729260673377299,0.9014290949065592,0.8562015503875969,0.9482213438735178,26.875,25.457089552238806,24.067164179104477,23.600746268656717
Rotten,0.0,0,0,0.9169598874032372,0.9746478873239437,0.9497954629973968,0.8547110055423595,26.08057263467009,26.062218959346612,24.676516472423604,23.180691933559697
Rotten,0.0,0,0,0.8980599647266314,0.8901606055011999,0.6666666666666666,0.5566343042071198,31.303483685750567,29.906696847568043,21.730248992436373,17.059570474245017
Rotten,0.003108003108003108,0,0,0.9962209302325581,0.9585201793721974,0.984251968503937,0.765017667844523,44.68693167056379,34.76227591582229,13.198233307352558,7.352559106261366
Rotten,0.0,0,0,0.8933450087565674,0.8761726078799249,0.7138303089749878,0.4952753339850114,31.396052125144337,29.306647605432453,22.42260955627646,16.87469071314675
Rotten,0.14355858344074143,0,0,0.965001891789633,0.9318323952470294,0.8391257613758509,0.9555555555555556,37.88161100759639,34.377239501218284,20.001433280779704,7.739716210405619
Rotten,0.14862622164853403,0,0,0.9639413806401851,0.9229354047424366,0.8982683982683982,0.7982017982017982,37.44133997545303,35.31874954876904,20.01299545159194,7.22691502418598
Rotten,0.0,0,0,0.9434628975265018,0.9260985352862849,0.8191797845898923,0.7657800714569274,31.796128900464737,30.682804759716053,24.656554823553446,12.864511516265766
Rotten,0.0,0,0,0.9525587183076684,0.9218009478672986,0.8054077070470513,0.7072294566681635,32.6627038561195,32.15973174820911,23.863232230859115,11.314332164812274
Rotten,0.0,0,0,0.9342105263157895,0.9879951980792316,0.9863736263736264,0.999251497005988,33.224043715846996,27.311475409836067,24.863387978142075,14.601092896174864
Rotten,0.0,0,0,0.9508580343213728,0.9881002974925627,0.9529767040552201,0.9752275025278059,27.83023987843265,25.539997829154455,25.16009985889504,21.469662433517854
Rotten,0.0,0,0,0.9991074085093722,0.9960799686397491,0.9976424361493124,1.0,33.5999200239928,25.502349295211435,25.442367289813056,15.455363390982704
Rotten,0.0,0,0,0.9978813559322034,0.9984922728986053,0.9980135081446166,1.0,32.872351009849766,26.395383543925977,25.04228434981594,15.689981096408317
Rotten,0.0,0,0,0.9598331870061457,0.8964489021415017,0.7197265625,0.6444996892479801,41.05429150709619,33.24172110835774,18.45460689344447,7.2493804911016
Rotten,0.0,0,0,0.9834782608695652,0.933529659234329,0.9504437869822485,0.9232386961093586,42.435424354243544,29.237392373923736,16.629766297662975,11.697416974169741
Rotten,0.0,0,0,0.9603183255205494,0.9030849030849031,0.7236363636363636,0.64,41.228819272776306,32.927322576295566,18.54015910827453,7.303699042653602
Rotten,0.058527224754137686,0,0,0.9688041594454073,0.9045915324985092,0.9374185136897001,0.937049495434887,34.30148619957537,28.484076433121018,19.54140127388535,17.67303609341826
Rotten,0.0018752130923968633,0,0,0.9686144424598112,0.9103732001175433,0.9399141630901288,0.9961127308066083,33.46712211784799,29.060631938514092,19.89752348420154,17.57472245943638
Rotten,0.004997389423435519,0,0,0.8809302325581395,0.8329278183292782,0.850623768877216,0.8775599128540305,32.23388305847077,27.72863568215892,22.8335832083958,17.203898050974512
Rotten,0.004564865262847887,0,0,0.9382824511311223,0.8456947996589941,0.8744410044719643,0.8508461235733963,33.67603550295858,26.02810650887574,21.50147928994083,18.794378698224854
Rotten,0.0,0,0,0.9890430971512053,0.8555093555093555,0.7808607021517554,0.8784660766961652,33.70675858672904,23.68583035824203,21.740736181213837,20.866674873815093
Rotten,0.0,0,0,0.974169741697417,0.8175294720656073,0.8489394723228143,0.8870472682627378,32.95634196765171,23.726134014349995,23.507235802018727,19.81028821597957
Rotten,0.0,0,0,0.927334765575635,0.9036643026004728,0.8646213258957305,0.8877551020408163,41.17494016026642,26.412738058070556,24.253304193984807,8.15901758767822
Rotten,0.0,0,0,0.922007722007722,0.9,0.8541575968654767,0.884469696969697,40.536310517529216,27.23288814691152,23.967028380634392,8.263772954924875
Rotten,0.0,0,0,0.8746289505849485,0.8891831330209818,0.8348547717842324,0.8751608751608752,32.991531770263265,28.27927876029725,20.82493231176911,17.904257157670372
Rotten,0.0,0,0,0.96875,0.9618768328445748,0.9510948905109489,0.837865055387714,41.888916075360896,29.202348911181797,16.760459995106437,12.148275018350867
Rotten,0.0,0,0,0.9453501722158438,0.9498199279711885,0.8776561493882807,0.7976798143851508,31.601480298962336,30.22277048109716,22.538277338364416,15.637471881576085
Rotten,0.0,0,0,0.9768645850186054,0.9890498652291105,0.9755387303436226,0.812534664448142,35.61714878414198,34.20537051976489,19.787945142330297,10.389535553762821
Rotten,0.0,0,0,0.9795716639209225,0.9907440370238519,0.952216465169833,0.9551954242135366,35.16801853997683,32.549246813441485,20.127462340672075,12.155272305909618
Rotten,0.0232657114484324,0,0,0.9491775622100379,0.9992101105845181,0.9275092936802974,0.9330669330669331,34.43718228031953,27.58169934640523,23.44226579520697,14.538852578068266
Rotten,0.10211449200618876,0,0,0.9419670128283445,0.9992076069730587,0.9356072680905324,0.9436485195797517,35.259908098793794,27.18265364732912,22.522975301550833,15.03446295232625
Rotten,0.0,0,0,0.9208406992732273,0.9427473194416346,0.8739477182100133,0.8878724516466283,27.707630347229784,26.902144334385547,24.56732339174921,20.822901926635463
Rotten,0.0,0,0,0.921591804570528,0.951863990167964,0.8815612382234186,0.8855116514690983,27.641036811152254,26.58462208669135,24.275756915704637,21.49858418645175
Rotten,0.0,0,0,0.9355944434421793,0.8163722318984822,0.6083727211343687,0.7352555701179554,39.45195729537366,28.604982206405694,21.08185053380783,10.861209964412812
Rotten,0.0,0,0,0.9355551463818818,0.8712546816479401,0.6191171105435972,0.715076923076923,38.6026014642121,30.36463145923662,19.482550287866943,11.550216788684342
Rotten,0.0013756104271270377,0,0,0.9663026521060842,0.8924050632911392,0.9641681901279707,0.8672985781990521,44.14904607755355,28.2939596390936,18.83738549486879,8.719608788484056
Rotten,6.410667350471184e-05,0,0,0.9235621521335807,0.9001560062402496,0.8735696343845939,0.7862488306828812,34.55571227080395,28.766508526734196,22.970893704321067,13.706885498140785
Rotten,0.00172188167229148,0,0,0.9683314951945802,0.8929179849111706,0.9639737991266376,0.8682170542635659,43.79053401407479,28.3496619290741,18.959569477024978,8.900234579826135
Rotten,0.0,0,0,0.939636878094789,0.9366106080206986,0.8846704871060171,0.8696822832525579,33.24970599764798,30.301842414739316,21.889455115640924,14.558996471971774
Rotten,0.0,0,0,0.9420192522946049,0.9357725717294024,0.8912319644839067,0.8791455874086566,35.040790712268596,29.80075305930342,21.20332601192344,13.95513021650455
Rotten,0.0,0,0,0.986061684460261,0.9971698113207547,0.9635761589403974,0.978243670886076,27.86776859504132,26.28099173553719,24.958677685950413,20.892561983471076
Rotten,0.0,0,0,0.981547619047619,0.963963963963964,0.9943105756358769,0.9820884146341463,28.07252067841925,25.039685855125743,24.96449160330855,21.92330186314646
Rotten,0.012054048799455624,0,0,0.9703611457036114,0.8688911358274352,0.916267942583732,0.9835013748854262,39.50605136278658,29.19413558988488,20.564793860080684,10.73501918724786
Rotten,0.00029821073558648114,0,0,0.9672456575682382,0.9165512465373962,0.8649439297903462,0.9797794117647058,40.071591926021675,28.716316993139106,20.39375559311922,10.818335487719995
Rotten,0.006142601663945261,0,0,0.8718095784341842,0.878999418266434,0.8742874287428742,0.7583201267828843,27.28055077452668,26.897199186355813,26.075731497418243,19.746518541699267
Rotten,0.005722797115083098,0,0,0.8684590922231858,0.9144835892803372,0.8918918918918919,0.7731800766283525,27.27272727272727,26.184656626980995,25.963888669873057,20.57872743041867
Rotten,0.10905808643941807,0,0,0.9770034843205575,0.8286975717439293,1.0,0.8611859838274932,34.207389749702024,26.99642431466031,21.108462455303933,17.68772348033373
Rotten,0.00025065797719012406,0,0,0.9062327633756205,0.8998445480790584,0.8964660408614026,0.7460251046025105,34.091763820985335,28.224896577660775,22.702770465087124,14.980569136266766
Rotten,0.02003154574132492,0,0,0.9342948717948718,0.8424313956919445,0.779080824088748,0.8943196829590488,35.15210043457267,27.27345887654917,25.390310638982776,12.18413004989538
Rotten,0.019714533554136108,0,0,0.9135886912904697,0.8580470162748643,0.7676034101673508,0.8923076923076924,35.282760839835895,26.691336175689806,25.476631003137317,12.549271981336979
Rotten,0.0,0,0,0.9231297185998627,0.9065138721351025,0.8593035525852972,0.8113975576662144,34.306569343065696,26.026214582842787,22.31379012636371,17.353425947727807
Rotten,0.0,0,0,0.9230234175747739,0.8599388379204893,0.9035087719298246,0.8491243825774585,34.06793048973144,25.829383886255926,22.511848341232227,17.59083728278041
Rotten,5.336464058914563e-05,0,0,0.9262531860662702,0.9394396551724138,0.8550210596320107,0.831172339276067,31.406766997545095,24.762514676059343,24.074074074074073,19.756644252321486
Rotten,0.0001601281024819856,0,0,0.9287680660701996,0.8559592096876991,0.9008282476024412,0.8339310344827586,31.02711936792654,25.128122998078155,24.492846465940637,19.351911168054666
Rotten,0.0,0,0,0.9685654741229593,0.8832898928467999,0.8462659380692168,0.910048266783677,40.449596066034424,24.257112750263435,19.28345626975764,16.009834913944506
Rotten,0.0,0,0,0.9648478488982162,0.9267279738949866,0.8319944114565141,0.9106170598911071,40.392766318168974,23.813224074597343,20.224639728736932,15.56936987849675
Rotten,0.0,0,0,0.9959407831900668,0.880453972257251,0.9617346938775511,0.9124111182934712,28.34517766497462,26.835871404399324,23.878172588832488,20.94077834179357
Rotten,0.0,0,0,0.9479153136771009,0.9157944814462416,0.914198606271777,0.8322674418604651,34.93669737260063,28.615510278168532,20.837682080137952,15.610110269092889
Rotten,0.0,0,0,0.998372849837285,0.8850546780072904,0.9554317548746518,0.9081011847582453,29.124636111299168,27.85864193351838,21.873942184009206,21.142779771173245
Rotten,0.0,0,0,0.9408188082691528,0.9546044098573282,0.8344647519582246,0.8985584623598505,28.793183940242763,26.99579831932773,22.35060690943044,21.860410830999065
Rotten,0.0,0,0,0.9066339066339066,0.9732573432704954,0.7825862957238536,0.9028213166144201,28.468174399626957,26.59128001865237,22.62765213336442,22.31289344835626
Rotten,0.0,0,0,0.982086406743941,0.8817417120237506,0.8299375169790818,0.7711561382598331,33.54305103916301,28.57344832461473,26.02149017390075,11.862010462321503
Rotten,0.0,0,0,0.9860783893767402,0.8696876600102407,0.8306277056277056,0.6999351911860013,33.79904444766179,28.275662371507167,26.755465469813235,11.169827711017808
Rotten,0.003003823047515019,0,0,0.9820528332325066,0.9381270903010034,0.7329093799682035,0.8218442256042973,45.275267050123254,27.29845704373231,17.228156669405642,10.198119236738792
Rotten,0.005972310198172111,0,0,0.9832575444398511,0.8930560712959524,0.7767736104835066,0.8090249798549557,44.041875284478834,24.515248065543922,20.145653163404642,11.2972234865726
Rotten,0.0019068984856982613,0,0,0.9476117103235747,0.9562356038170451,0.8884057971014493,0.9926470588235294,36.46886940885592,34.15374241402562,23.263654753877276,6.113733423241178
Rotten,0.003594294058182635,0,0,0.9390053174851423,0.9501141180306488,0.8809638554216868,0.9868421052631579,36.038778040807124,34.57332882425882,23.390824033367153,5.997069101566903
Rotten,0.00011134204275534442,0,0,0.7774361400189215,0.9036042573778423,0.6068503350707372,0.5940144478844169,31.387105155710625,30.689283990943174,19.9398686017594,17.9837422515868
Rotten,0.0,0,0,0.9487666034155597,0.9079829372333943,0.9423378954453668,0.8237738985868661,33.524173027989825,29.825517993456923,20.251726644856415,16.398582333696837
Rotten,0.00025949953660797036,0,0,0.8298297122724604,0.9117967332123412,0.5478409739395093,0.574934090448185,31.57445861762088,30.647433995846928,19.493473746662712,18.284633639869476
Rotten,0.0,0,0,0.8381604353168334,0.855972323379461,0.5688568856885688,0.4522497704315886,34.113772455089816,32.88622754491018,19.95808383233533,13.041916167664672
Rotten,0.0,0,0,0.8337387074357192,0.8918385650224215,0.5671511627906977,0.4660842754367934,34.432015313752466,33.349285158820365,20.577854878267633,11.640844649159538
Rotten,0.0,0,0,0.9496794871794871,0.9830636055701919,0.9849056603773585,0.8451053283767038,31.914893617021278,27.178805237315878,24.396481178396073,16.509819967266775
Rotten,0.0,0,0,0.9560051380860629,0.9878511769172361,0.9890802183956321,0.8239392020265991,32.07663782447466,27.132262051915944,24.526163988463125,16.26493613514627
Rotten,0.0,0,0,0.9080479452054795,0.8077516390281527,0.8890642615558061,0.7261059530311306,30.539141348114835,27.119175861528007,23.191967787481044,19.149715002876118
Rotten,0.0,0,0,0.8676192115682562,0.8065075086638429,0.89127575624726,0.7285634743875279,30.323119486349636,27.112804718901707,23.8137495432479,18.750326251500756
Rotten,0.001515986769570011,0,0,0.9147849990182604,0.9257319685789098,0.8713910761154856,0.5548340548340548,35.14837819185645,28.99240855762595,26.293995859213247,9.565217391304348
Rotten,0.0015278838808250573,0,0,0.907280890103455,0.8594539939332659,0.9299262381454162,0.7316910785619174,35.63330319259929,27.516171663072964,26.403283021492662,10.447242122835084
Rotten,0.0,0,0,0.8815058986814712,0.8926728586171311,0.8418549346016647,0.8855461085676913,33.84416651987552,28.44812400915977,19.752216546297927,17.955492924666785
Rotten,0.0,0,0,0.9450992555831266,0.9785399117529081,0.5486143729450447,0.75,42.102513875285666,32.55631733594515,13.901403852432257,11.439764936336925
Rotten,0.0,0,0,0.864131405106231,0.8847082494969819,0.835081585081585,0.9040920716112532,32.69511412060008,29.01173311540482,20.033856750919384,18.25929601307571
Rotten,0.0,0,0,0.9191988950276243,0.8530927835051546,0.8368374296713059,0.8874251497005988,36.33170242127713,26.772048676452137,21.183038514615482,15.713210387655248
Rotten,0.0,0,0,0.9443401058562404,0.8700618752974774,0.8573844419391207,0.8728395061728395,36.521793352871484,26.201908087547547,22.123838623183886,15.152459936397081
Rotten,0.0,0,0,0.864868804664723,0.8391692413319601,0.8283531790608852,0.7063376874697629,32.25048187673358,27.389403413097646,20.92520332847539,19.434911381693386
Rotten,0.0,0,0,0.9024498229043684,0.8341682501295561,0.860794254330376,0.7447981950363499,31.83013904547163,27.193724163848177,22.237880496054117,18.73825629462608
Rotten,0.0,0,0,0.9119367588932806,0.9143177151390703,0.8343067937288656,0.6510869565217391,35.7445606103419,30.274088725628705,18.383724215880193,15.597626448149192
Rotten,0.0,0,0,0.8945636847877174,0.9123806024981631,0.8326680994780473,0.6525391370752196,36.05603570016381,30.751849968931822,18.398011636445798,14.794102694458566
Rotten,0.004724281176183107,0,0,0.9475540921919097,0.9564700285442436,0.9634259259259259,0.933873986275733,34.79826499713561,34.40543415991489,17.677387674932483,13.118913168017023
Rotten,8.443093549476529e-05,0,0,0.9438587889188527,0.9599307444966609,0.922929631402585,1.0,34.44228658279152,34.13830954994512,17.639111711559572,13.78029215570379
Rotten,0.0,0,0,0.8489717223650386,0.8630123358535615,0.7269550021843599,0.566060606060606,35.010125036160844,32.310115393269264,22.07257883063868,10.607180739931215
Rotten,0.0,0,0,0.9584139264990329,0.973534601058616,0.6014558689717925,0.7457440966501923,40.48551292090838,33.28765335421561,14.343513442965284,11.883320281910729
Rotten,0.0,0,0,0.8378254910918228,0.8562142997833366,0.7164660992075139,0.5672009864364982,35.1285425426068,32.58978720672722,21.86988477709664,10.411785473569342
Rotten,0.0,0,0,0.8909019298936589,0.8459357277882797,0.8763636363636363,0.9198863636363637,30.443645083932854,25.371702637889687,23.081534772182255,21.103117505995204
Rotten,0.0,0,0,0.8944664031620554,0.8492699010833726,0.8892405063291139,0.9191343963553531,30.4635761589404,25.562913907284766,22.829620710415412,21.143889223359423
Rotten,0.001472211998527788,0,0,0.9751628664495114,0.9894039735099338,0.8736358414704193,0.9409660107334525,30.175697260105665,27.828971618134908,21.39083425482246,20.60449686693697
Rotten,0.0,0,0,0.9726027397260274,0.9896536212325686,0.9915915915915916,0.8698334361505243,31.68402777777778,27.566964285714285,20.647321428571427,20.10168650793651
Rotten,0.0,0,0,0.9860232945091514,0.9200315146740201,0.8575349986275048,0.8593794477654426,42.42752259036144,23.894013554216865,17.145143072289155,16.53332078313253
Rotten,0.0,0,0,0.9887172189469404,0.8929035049762007,0.862597547380156,0.8506313520172467,46.19863817797605,21.704625498943415,16.849025592862173,15.247710730218362
Rotten,0.0,0,0,0.7770052787434015,0.8837363805474355,0.5220899737744603,0.5861080485115766,31.337502521686506,30.36514020576962,20.0,18.297357272543877
Rotten,0.0,0,0,0.7792816241540864,0.8867547018807523,0.521497919556172,0.6192248740967813,30.990118975599916,30.235934664246823,20.35491026416616,18.419036095987092
Rotten,0.06629431762991743,0,0,0.9813651591289783,0.8989593823430682,0.8938527519656898,0.9826883910386965,41.404421326397916,25.825747724317296,24.25661031642826,8.513220632856523
Rotten,0.0,0,0,0.990968134767607,0.9430909783022459,0.9576701659329495,1.0,49.04927824788452,26.152314584370334,14.698855151816826,10.099552015928323
Rotten,0.051265144646830955,0,0,0.984754841367944,0.8359788359788359,0.8979226361031518,0.9757281553398058,42.168360698462344,24.628616106333073,24.255060377030667,8.947962818173922
Rotten,0.0,0,0,0.9302832244008714,0.8984138299768313,0.9566281138790036,0.7121716611172771,31.778239335357085,29.882302817276457,23.944187037332906,14.395270810033553
Rotten,0.0,0,0,0.8916172734970365,0.9020452099031216,0.9472868217054263,0.6914551304969611,31.424618168272044,29.663136607950612,24.02745995423341,14.88478526954393
Rotten,0.03604392106938256,0,0,0.9297775395336371,0.997651203758074,1.0,1.0,30.796533223276928,28.113908378043746,22.170862567065623,18.918695831613704
Rotten,0.03199936477687788,0,0,0.9291677888499865,0.9976898642795264,1.0,1.0,30.456894430317448,28.40620129603806,21.967024854400787,19.169879419243703
Rotten,0.0,0,0,0.9567203654724693,0.8808450704225352,0.8693111931119312,0.8471405665419561,32.41115960099751,27.665211970074814,25.3428927680798,14.58073566084788
Rotten,0.0,0,0,0.9675324675324676,0.9157041042025068,0.8711797568189287,0.8717948717948718,33.69294605809129,30.697849867974348,22.957374575631835,12.651829498302527
Rotten,0.20525034402455805,0,0,0.9005649717514125,0.9479267116682739,0.9372647427854455,0.9223628691983122,35.36228023441662,27.62386787426745,21.23068726691529,15.783164624400639
Rotten,0.07040158651462568,0,0,0.902731013842125,0.9504705299653293,0.9367781155015198,0.942390369733448,35.64,26.919999999999998,21.933333333333334,15.506666666666666
Rotten,0.0,0,0,0.9169575601690244,0.9715175789942145,0.8424635332252837,0.825924669155073,34.0847892792285,28.142025173774186,19.31867994238838,18.45450560460893
Rotten,0.0,0,0,0.9916540975364505,0.9397613184315211,0.9578837452140619,0.9985141158989599,49.43825810300259,26.2427918075164,14.282163451978525,10.036786637502486
Rotten,0.0,0,0,0.9243153219837158,0.9612975391498881,0.8482142857142857,0.7857142857142857,33.821504568782075,27.975966954562526,20.327950932532232,17.87457754412317
Rotten,0.0,0,0,0.9507634777189156,0.9179775280898876,0.8920634920634921,0.667741935483871,32.25449793949141,26.83686802693738,25.3291788119409,15.579455221630315
Rotten,0.0,0,0,0.9588913111180317,0.9215170859932407,0.8701402805611222,0.6648971466489715,32.51316322397732,26.964358039692183,25.263264479546375,15.259214256784123
Rotten,0.0,0,0,0.9341176470588235,0.986077772443591,0.8015665796344648,0.7146464646464646,30.67263279445728,30.066397228637413,22.113163972286372,17.147806004618936
Rotten,0.0,0,0,0.9701770736253494,0.8969578017664377,0.8573996405032954,0.750242954324587,31.182795698924732,29.61348445219413,24.251671025864574,14.952048823016565
Rotten,0.0612390993101653,0,0,0.9314086814086814,0.9249578414839797,0.8530708198648251,0.9554263565891473,33.8578856152513,24.665511265164643,23.59098786828423,17.88561525129983
Rotten,0.04994392030085109,0,0,0.94603103215651,0.8967855349070819,0.926829268292683,0.9387040280210157,30.881944444444443,27.652777777777775,21.63888888888889,19.82638888888889
Rotten,0.0,0,0,0.8978081411898662,0.8580562659846548,0.8882270497547302,0.8728146853146853,29.81413901383349,26.546719850632268,24.221335822795552,19.417805312738693
Rotten,0.0,0,0,0.9212253829321663,0.834493670886076,0.9105720492396814,0.8835396607060981,31.0910791733991,26.873033421209286,23.488391870056976,18.547495535334637
Rotten,0.0028622778406443452,0,0,0.8815844922039612,0.8162784611358284,0.7536115569823435,0.8325233644859813,31.68224299065421,25.507343124165555,24.95327102803738,17.857142857142858
Rotten,0.13517096999302164,0,0,0.9290123456790124,0.9770946353224834,0.9770846594525779,0.9734065006331786,28.75816993464052,26.77317840716534,25.353021867183088,19.115629791011056
Rotten,0.0026618752911426098,0,0,0.9000422654268808,0.8185795162120433,0.7316469617816882,0.8290629575402635,31.574030826716488,25.929138586775206,24.267698672182558,18.229131914325748
Rotten,0.0012302512302512303,0,0,0.9403622693096377,0.9139472507822978,0.845719661335842,0.8047120418848167,37.93841166936791,29.00486223662885,20.6742301458671,12.382495948136143
Rotten,0.0010895340639620586,0,0,0.9372100728959576,0.9269065399411631,0.8550452983442675,0.8233160621761658,38.727062748620554,28.35236750930322,20.53766200436289,12.382907737713332
Rotten,0.0,0,0,0.9459392127553563,0.969528351881293,0.9438502673796791,0.7580419580419581,32.874692874692876,30.909090909090907,24.504504504504503,11.711711711711711
Rotten,0.0,0,0,0.9092783505154639,0.9696890514763522,0.928313054916146,0.7778532608695652,31.751227495908346,31.317512274959086,24.88543371522095,12.04582651391162
Rotten,0.0,0,0,0.8912002394492667,0.8552147239263803,0.8793614219881501,0.867719298245614,26.751541356393627,26.102970614140443,24.325406357594684,22.820081671871247
Rotten,0.0,0,0,0.9357915717539863,0.8714308004368856,0.8736281471917366,0.8347091932457786,28.14215313113506,25.678112103850314,24.824712528546815,21.355022236467807
Rotten,0.0,0,0,0.9624853458382181,0.9433510638297873,0.9121868843231072,0.8767990788716177,36.12365894974591,26.538678712591757,25.077639751552795,12.260022586109542
Rotten,0.0,0,0,0.9663881503987847,0.8952631578947369,0.9499575911789653,0.9282954057535423,35.26654165550496,25.448700776855077,23.6873828020359,15.597374765604071
Rotten,0.0,0,0,0.9100275721956175,0.8394642520279193,0.9135330359039728,0.8917481922586133,31.90130086570066,24.540530530993934,21.790657839914818,21.767510763390586
Rotten,0.11583755620583827,0,0,0.9341449916989485,0.9777710109622412,0.9744897959183674,0.9766355140186916,29.173393606716175,26.509525347110106,25.314820794317082,19.002260251856633
Rotten,0.0,0,0,0.910488901784419,0.8415079823042892,0.9121338912133892,0.8937065880867185,31.87809277158581,24.043842205059427,22.106090736715533,21.971974286639227
Rotten,0.0,0,0,0.999203927292026,0.9432387312186978,0.9412848261570343,0.706848357791754,35.33355210726173,30.88931601893957,20.360039379307114,13.417092494491584
Rotten,0.0,0,0,0.9818108326596605,0.9987073422957601,0.8164983164983165,0.8881195335276968,43.6485532815808,22.747588802634674,17.46647847565279,16.13737944013173
Rotten,0.0,0,0,0.9451238632800251,0.9307557117750439,0.932761087267525,0.8421686746987952,30.40038131553861,27.121067683508105,26.65395614871306,15.824594852240228
Rotten,0.00018986140117714068,0,0,0.9166941060256832,0.9198524480214622,0.9480081026333559,0.8588007736943907,28.83592859855678,28.313710596278007,28.123813140903913,14.7265476642613
Rotten,0.020731585766969002,0,0,0.835415922884684,0.8362657091561939,0.8610985020426691,0.7986247544204322,28.508905852417303,28.346055979643765,22.42239185750636,20.72264631043257
Rotten,0.08710203381103579,0,0,0.9274362818590705,0.8530405405405406,0.8760135135135135,0.9840925524222705,31.3498777965783,27.824779093814627,27.824779093814627,13.000564015792444
Rotten,0.0006176016469377251,0,0,0.991695687114921,0.9723736822973464,0.8075581395348838,0.973421926910299,38.44886188072922,28.334534967555875,17.715521680914613,15.501081470800287
Rotten,0.0005160491278769739,0,0,0.9904887714663144,0.9706103993971364,0.9194819819819819,0.9788972089857045,39.08508880627839,27.406030565881867,18.339529120198264,15.169351507641471
Rotten,0.03972640218878249,0,0,0.9949407343162764,0.98435598818008,0.8515502662073285,0.9264094955489615,39.42104963245769,32.782494729044394,18.19476893270272,9.601686705795203
Rotten,0.0,0,0,0.8370402053036784,0.8849085365853658,0.8351983723296033,0.6700949367088608,33.189012704947125,27.936688196465326,20.931222939882176,17.943076158705374
Rotten,0.0,0,0,0.9978875528111797,0.9824175824175824,0.8655024509803921,0.8997658079625293,37.16632443531827,30.227080565285664,19.71252566735113,12.894069332044932
Rotten,0.03806779403958444,0,0,0.919734292831442,0.8179494461800625,0.8262535931012456,0.8243801652892562,28.48245959795033,27.75719353567205,24.68269609775325,19.07765076862436
Rotten,0.037178265014299335,0,0,0.9182836840666849,0.8510757194747136,0.7997576491972129,0.8541103820918564,27.867479055597865,27.258187357197254,25.140898705255143,19.733434881949734
Rotten,0.0003364252415052626,0,0,0.9012210679788591,0.9239150507848569,0.8605391239236241,0.7807287093942055,26.379807692307693,26.033653846153847,25.682692307692307,21.903846153846153
Rotten,0.0004798464491362764,0,0,0.9010949560222581,0.9203311867525299,0.8750466243938829,0.7787987449574182,26.745079212674028,26.092174747959675,25.741718674987997,21.4210273643783
Rotten,0.0,0,0,0.9645048203330412,0.847609881296118,0.8119834710743802,0.7261904761904762,49.569183983781045,22.568966765621607,17.522264861342407,10.339584389254941
Rotten,0.0,0,0,0.9649765533411488,0.8332239001969797,0.747165056698866,0.878334417696812,49.49231215549754,22.09167391935016,17.26863939657673,11.147374528575572
Rotten,0.0006841745171306773,0,0,0.8735507246376811,0.787621359223301,0.7650394976706502,0.7964873153052691,29.07099220560354,26.03749736675795,26.000631978091427,18.89087844954708
Rotten,0.0007370032314757073,0,0,0.8956196059273734,0.7828076089573802,0.7895127380657927,0.9607783520826999,34.84057642119596,23.561783728582775,22.937705662090092,18.65993418813117
Rotten,0.0,0,0,0.9610145608266792,0.9036589459550185,0.9218844372860882,0.8945717732207479,29.766509763713472,27.767162231439624,23.148622827049447,19.317705177797457
Rotten,0.02224824355971897,0,0,0.9776093696176369,0.8364295423652016,1.0,0.8540332906530089,34.76646706586826,26.431137724550897,20.095808383233532,18.706586826347305
Rotten,0.0,0,0,0.8890795966530788,0.8996194100856327,0.8131793478260869,0.8921654929577465,33.10134223421632,29.85583410269157,20.907605993892478,16.13521766919963
Rotten,0.0,0,0,0.9586016559337627,0.903561083659908,0.9257375381485249,0.9126542463101863,30.421195018424367,27.375343999253698,22.92550958533514,19.2779513969868
Rotten,0.00011010790574763268,0,0,0.8456221198156681,0.8218435321456236,0.8776371308016878,0.7406049495875344,33.4544653672503,28.432991961237747,26.098447307565248,12.014095363946701
Rotten,0.000129366106080207,0,0,0.8389897395422258,0.7933333333333333,0.8610976202039825,0.7548262548262549,32.78561262776556,27.17039720533057,26.63992754560745,13.404062621296417
Rotten,0.0009066183136899365,0,0,0.8586529749320447,0.8605498509440211,0.7955953200275292,0.7404708520179372,30.0453720508167,27.395644283121594,26.370235934664247,16.18874773139746
Rotten,0.0009938561619082039,0,0,0.83,0.8522534733988478,0.8,0.7905117270788913,29.845346839106448,26.688975309758522,26.499050375327847,16.96662747580718
Rotten,0.0011190898069570084,0,0,0.8439803439803439,0.8731611637790128,0.8342022940563086,0.4687294272547729,30.398655587713563,28.559424890299688,26.860237139389415,14.18168238259733
Rotten,0.0003806985818977824,0,0,0.8708281829419036,0.8275862068965517,0.8270462633451957,0.47765176784523017,30.810244691992768,28.163381890888317,26.754260687422644,14.272112729696277
Rotten,0.0,0,0,0.8588576158940397,0.8479163207703803,0.7601833891729853,0.3305156382079459,34.01539327951943,28.266378824854517,26.61441712033039,11.103810775295663
Rotten,0.0,0,0,0.8561320754716981,0.8708581138487681,0.7533870691133596,0.3360445205479452,33.90404515522108,27.681091251175914,27.42709313264346,10.987770460959547
Rotten,0.0,0,0,0.8844329452350151,0.8542372881355932,0.7715087281795511,0.7986082685223086,31.521000407774906,30.073399483485115,21.802365094467856,16.603235014272123
Rotten,0.09341098549731643,0,0,0.8710204081632653,0.9211945250933222,0.6668700427089689,0.8568450312717165,30.86030986270311,30.369064113868244,20.644917495906284,18.12570852752236
Rotten,0.0,0,0,0.8432526705908001,0.8547204399633364,0.8146906430966169,0.7958854376764825,31.180749099313438,29.66487662293522,22.30303854258718,16.851335735164163
Rotten,0.0,0,0,0.8389666307857911,0.7501715854495539,0.7472214306070105,0.6904544068313511,29.391293343457352,27.657555049354592,22.203239686155403,20.74791192103265
Rotten,0.0,0,0,0.8518984686385568,0.7711766071014157,0.7537180249851279,0.6760479041916168,30.21295474711624,27.310178729877045,21.30815058942832,21.1687159335784
Rotten,0.00037953544861090024,0,0,0.8603336921420882,0.8856033452807647,0.6521454307238782,0.7280471821756226,28.21778419014352,25.423342698762248,23.18323335105171,23.175639760042525
Rotten,0.0003847337642351493,0,0,0.843360433604336,0.8798586572438163,0.711764705882353,0.7595782073813708,28.404279886074974,26.14117465937957,23.554768686013393,21.89977676853206
Rotten,0.0,0,0,0.8239457387201415,0.7425837320574162,0.9042857142857142,0.7142857142857143,29.300959129007172,27.088913851205394,24.19424522595697,19.415881793830465
Rotten,0.0,0,0,0.8061621298235118,0.7705329153605016,0.898836799436024,0.7200704225352113,28.714997423123172,27.40079024222642,24.368665177804502,19.5155471568459
Rotten,8.122816992933149e-05,0,0,0.9100625651720542,0.6452978530390082,0.8735429176969269,0.7649828767123288,31.16165718927701,26.86433793663688,22.997562956945572,18.976441917140534
Rotten,8.064516129032258e-05,0,0,0.908232826428946,0.6369617224880383,0.8708001385521302,0.7727272727272727,30.760545205258488,26.96991692878458,23.284135817404632,18.985402048552302
Rotten,0.0,0,0,0.8106437768240343,0.7163269194132216,0.8322191071813673,0.8917401764234162,29.9455068887518,26.98437178696278,23.838165741311947,19.231955582973473
Rotten,0.2647125310828121,0,0,0.9895901106050748,0.8853333333333333,0.9250799451804477,0.758288770053476,31.502357040377127,26.901004304160686,22.432875589260096,19.16376306620209
Rotten,0.0,0,0,0.7987977369165488,0.7476147614761476,0.8529604544461438,0.8815539255637055,29.051312342698647,28.532538908007606,23.5091684215933,18.906980327700445
Rotten,0.003941210279990147,0,0,1.0,0.9844130540672187,0.9587317564167086,0.9698046181172292,52.773885087791605,16.92358420575385,16.379523534745694,13.923007171708846
Rotten,0.0030402629416598193,0,0,1.0,0.9938183547313362,0.9541984732824428,0.9374588545095458,52.872331657463114,17.332893760817605,17.275199868128247,12.519574713591034
Rotten,0.004534168196048796,0,0,0.9698554290987389,0.6353527607361963,0.6701337295690936,0.8868205510052122,35.25647977442794,28.283266457000327,21.895672920507536,14.564580848064201
Rotten,0.00239442751414889,0,0,0.9614187927815806,0.6185654008438819,0.6960457360647928,0.9244774106540796,35.06436831769583,25.85642592188523,22.899847261619026,16.17935849879991
Rotten,0.0007243752263672582,0,0,0.9597739361702128,0.9715157680569685,0.9819004524886877,0.9980456026058632,36.341669687084696,23.752567355321975,21.36039627884499,18.54536667874834
Rotten,0.0006975933031042902,0,0,0.96,0.9720823798627002,0.9370473537604457,0.9981132075471698,35.19488074461897,25.4217568353694,20.884235020360677,18.49912739965096
Rotten,0.00027178344295265535,0,0,0.9907381680096323,0.9685534591194969,0.9529227147901138,0.9409340659340659,58.704871683340585,15.561113527620703,13.859286646367986,11.874728142670726
Rotten,0.0,0,0,0.9919266672273148,0.9811018577834721,0.9570100697134004,0.8630466122056704,60.43403130717625,15.867046147590974,13.122585891441348,10.57633665379142
Rotten,0.0,0,0,0.8943960149439601,0.9341205717837165,0.7775135869565217,0.7912998446400829,33.159894284770395,26.57746944169144,24.314502808060787,15.94813346547737
Rotten,0.0,0,0,0.9187865083851516,0.9768643306379156,0.7961672473867596,0.8774441340782123,34.25417930678371,28.73555799393274,18.524494933195637,18.48576776608791
Rotten,0.0,0,0,0.8967935871743486,0.9334370139968896,0.7986381322957199,0.7890382626680456,32.65439672801636,26.298568507157466,25.22699386503067,15.8200408997955
Rotten,0.0,0,0,0.8680320569902048,0.8779464642429086,0.7354397547748173,0.6895864474339811,33.28590906396348,29.67573655818365,25.140790799691743,11.897563578161124
Rotten,0.0,0,0,0.8738754630446287,0.8689930209371884,0.6984622777510812,0.6891422905304908,33.61798019332266,29.739666725968096,24.68125481824112,11.961098262468125
Rotten,0.013241603787542536,0,0,0.9533762057877814,0.925111441307578,0.944140862173649,0.9986431478968792,27.978109303545995,25.226778619086886,24.694504835444935,22.100607241922184
Rotten,0.012045505242025429,0,0,0.9525087201502549,0.9314660309892729,0.9489891135303266,0.9943124790899966,28.049973658463163,25.257770753367954,24.196583126364114,22.495672461804773
Rotten,0.0,0,0,0.9310747663551402,0.9269240735941954,0.8123569794050344,0.8864150943396226,30.906990179087234,27.86683997689197,22.089832466782205,19.13633737723859
Rotten,0.0,0,0,0.9404235513148709,0.9342172361040285,0.8430034129692833,0.8599775365031823,31.092619392185238,28.37916063675832,21.201157742402316,19.327062228654125
Rotten,0.0,0,0,0.984179301252472,0.9848101265822785,0.9450748978665456,0.9564193168433451,32.606125738850075,25.470177324019343,23.67544331004836,18.248253627082214
Rotten,0.0,0,0,0.9833610648918469,0.986644407345576,0.9480231008440693,0.9447383891828336,32.12872875013365,25.61744894686197,24.067144231797286,18.186678071207098
Rotten,0.0,0,0,0.9377256317689531,0.9436038514442916,0.8700716845878136,0.8374325134973005,32.002772803419795,29.397492923574603,19.34030385304142,19.259430419964186
Rotten,0.0,0,0,0.9089158482572695,0.9778508771929825,0.8781944905409891,0.8027571580063627,33.29913433792882,29.240141070856048,19.320294966335364,18.14042962487977
Rotten,0.0,0,0,0.9406644164149938,0.9454581515271717,0.8728635682158921,0.8793103448275862,32.515018484288355,29.12430683918669,19.26409426987061,19.096580406654343
Rotten,0.0,0,0,0.9603120759837178,0.9881224303334856,0.9584792396198099,0.9642537980339589,35.71168988491823,26.517262265293763,24.215626892792248,13.555420956995759
Rotten,0.11761352840585218,0,0,0.9894104178591872,0.9530647985989492,1.0,0.9444444444444444,37.61843238587424,30.738587424633934,16.720499569336777,14.922480620155037
Rotten,0.0,0,0,0.9700082169268693,0.992091388400703,0.9267198404785643,0.9863152559553978,28.012429508574062,26.194038439406146,23.086661295891357,22.70687075612844
Rotten,0.0,0,0,0.970360824742268,0.9878048780487805,0.9285004965243296,0.986322188449848,27.03204830469113,26.66047375754761,23.385973060845334,22.921504876915932
Rotten,0.0,0,0,0.9543178973717147,0.9463941380640185,0.9237753882915173,0.879222972972973,35.25453642931995,28.602945231923226,23.082014229772213,13.060504108984611
Rotten,0.00010785159620362382,0,0,0.9572075361472178,0.9465706707086018,0.9306569343065694,0.9168716182980816,36.926976593679214,28.465106245280985,23.643619889979504,10.964297271060296
Rotten,7.717240314863405e-05,0,0,0.999744702578504,0.9510235812386628,0.7981553742461865,0.9525825571549534,30.23076329397237,29.783128810681486,21.756579455120782,18.229528440225362
Rotten,0.0,0,0,1.0,0.9352237252861603,0.7972582972582972,0.9543933054393305,30.52534135616755,29.6536295610584,21.383938903031705,18.437090179742345
Rotten,0.0002828054298642534,0,0,0.9658119658119658,0.9170865781035272,0.8142974527526705,0.9579554822753503,34.75247524752475,30.876944837340876,17.213578500707214,17.157001414427157
Rotten,0.0,0,0,0.8489487650540927,0.9192784667418263,0.798143053645117,0.7039781591263651,33.08793732270701,29.954072673240578,19.640686208293936,17.317303795758477
Rotten,0.0008784773060029283,0,0,0.956089478044739,0.9141414141414141,0.8273127753303965,0.9152233363719234,35.375146541617816,31.91676436107855,16.63247362250879,16.07561547479484
Rotten,7.116424708226587e-05,0,0,0.9162315056570931,0.936028659160696,0.8827379329151895,0.9882978723404255,32.709415699950185,27.812967048608638,26.097786634403246,13.379830617037932
Rotten,7.467702188036741e-05,0,0,0.9075484011311725,0.9241342849590273,0.8908195771792644,0.9357739242132306,34.33159073935773,28.25242718446602,25.787901418969376,11.628080657206871
Rotten,0.0,0,0,0.9755030621172354,0.9765149926609352,0.9596187609731628,0.9479898791116109,31.700687818948303,26.45329487463945,22.115597958730863,19.730419347681387
Rotten,0.0,0,0,0.9823901521627628,0.9862820254186,0.9731285988483686,0.9518342201064127,32.45117620949844,27.502219263204612,20.234132268086995,19.812472259209944
Rotten,0.060044150110375276,0,0,0.8855032317636196,0.9477140077821011,0.849500998003992,0.9989041095890411,33.91263503992485,32.19038672303115,19.61014560826679,14.286832628777205
Rotten,0.10212975328600549,0,0,0.8847882659096286,0.9519091348477525,0.8526682134570766,1.0,33.09065288868013,32.393925160482226,20.244246124941288,14.271175825896352
Rotten,0.0,0,0,0.9642857142857143,0.9603065435252506,0.906784779544997,0.9203855765797929,31.68800807608522,27.038945858349717,26.390733754848306,14.882312310716753
Rotten,0.0,0,0,0.9368048533872598,0.8801025438769473,0.9174011067841771,0.9206673476336398,31.528611657191437,26.943308007013446,25.923170926093192,15.604909409701929
Rotten,0.0,0,0,0.9889262408542614,0.9094504579517069,0.9545260461144321,0.8734662576687117,29.48172331370606,28.006762665422958,27.307176587185918,15.204337433685069
Rotten,0.0,0,0,0.8543570993296771,0.9186882300089847,0.7963340122199593,0.6803212851405622,33.23880899331578,30.05874012558234,19.890621835122545,16.81182904597934
Rotten,0.0,0,0,0.9828641370869033,0.9069335534461411,0.9561626429479034,0.8961901433065361,28.284576769949798,27.961456349893254,27.245975419768047,16.507991460388897
Rotten,0.0,0,0,0.9399764613573951,0.8823914466506655,0.9221238938053097,0.5364741641337386,37.13307597057324,33.38189234467187,24.69225726564207,4.792774419112827
Rotten,0.0,0,0,0.9715295503632436,0.8716998610467809,0.9508940485721911,0.6014234875444839,37.12099125364431,31.472303206997083,27.310495626822156,4.096209912536443
Rotten,8.285004142502072e-05,0,0,0.9232308077019254,0.9596795727636849,0.9598686610726013,0.7960858585858586,33.13447675863783,31.02991134311045,22.71107796834866,13.124533929903057
Rotten,8.171937566396992e-05,0,0,0.9244804865686771,0.9580822635577679,0.9598408104196816,0.8537156231714453,32.24910101340308,31.194834913370386,22.58908139915005,13.966982674076494
Rotten,0.0,0,0,0.9571734475374732,0.901458019105078,0.9284974093264249,0.8973170731707317,30.508632757816144,27.844143723751753,22.51516565562296,19.132057862809145
Rotten,0.0,0,0,0.9591342515513849,0.8950461796809404,0.9293726630660574,0.9155588380108322,30.819106259912303,27.77777777777778,22.455452934042356,18.947663028267563
Rotten,0.0,0,0,0.847846012832264,0.9110903135236312,0.8950782144219763,0.7530024019215372,31.72203241985898,31.067820018899468,19.052118921276442,18.15802863996511
Rotten,0.0,0,0,0.7578806170355467,0.9689703808180536,0.8598238222903102,0.7429041546688605,32.48601931875953,30.895489868545283,18.962887646161665,17.655603166533517
Rotten,0.0,0,0,0.9606260091914048,0.8891648150568553,0.7737068965517241,0.7830845771144279,35.89549244281957,34.112087030184135,16.550002229256766,13.442418297739533
Rotten,0.0,0,0,0.9568716467189434,0.9318079856437864,0.9568138195777351,0.9606325706594886,29.469715397713454,27.110192167355873,25.346630990026757,18.073461444903916
Rotten,0.0,0,0,0.9686806411837238,0.9002234783751808,0.7037241379310345,0.8518877057115198,36.13920948264337,33.89777639142641,16.15346909674257,13.809545029187648
Rotten,0.0010470107842110773,0,0,0.9658394160583942,0.9635610766045548,0.8737506575486585,0.8161111111111111,35.89770464311917,25.311812179016872,19.92453621213709,18.865946965726863
Rotten,0.0009507711810690894,0,0,0.9794037940379404,0.9616810877626699,0.8121277747698972,0.8352310783657066,39.01871629480808,25.66352966056889,19.530506503119383,15.78724754150365
Rotten,0.04984509466437177,0,0,0.9323886639676113,0.9258531794745888,0.9088852988691438,0.7790903721204961,35.794507644373596,29.512354177233536,22.425911165857546,12.267227012535324
Rotten,0.05396415965245724,0,0,0.9343558282208589,0.9190234469422287,0.8997143763884481,0.8618533257532689,35.08646050082514,29.68357609241587,22.608882829877306,12.621080576881683
Rotten,0.0,0,0,0.9840016200891049,0.8991481176147293,0.9826570680628273,0.9611542730299667,34.444754464285715,25.38364955357143,21.316964285714285,18.854631696428573
Rotten,0.0,0,0,0.9590824550526968,0.9169616117615028,0.9781771501925546,0.9570093457943926,33.83206320352374,25.679927287981542,21.78563937635461,18.70237013214011
Rotten,0.0,0,0,0.9612649700598802,0.8754562043795621,0.8724549496840627,0.8910527801298335,30.460556315549475,24.98860009119927,24.355905152758776,20.19493844049248
Rotten,0.0,0,0,0.9351698806244261,0.8786526879321883,0.877143528306319,0.9017935901205528,30.962128966223133,25.49186853178665,24.20675537359263,19.339247128397588
Rotten,0.00010486577181208053,0,0,0.9889480955200316,0.9607843137254902,0.9487364620938629,0.889763779527559,53.141059255374934,25.673833245936024,14.525432616675408,6.6596748820136344
Rotten,0.0,0,0,0.9537512846865365,0.9339305711086227,0.9629808855552867,0.9604863221884499,29.62128592303945,27.185825621042376,25.164393570384803,18.028494885533366
Rotten,0.00010444955086693127,0,0,0.983300373544276,0.9681728880157171,0.9531129900076863,0.8903061224489796,47.53995612660608,26.58518750652878,13.590306069152824,12.284550297712315
Rotten,0.0007739938080495357,0,0,0.9811698717948718,0.9561558901682905,0.9432120674356699,0.9871858058156727,27.619785326989042,24.986167976098262,24.941905499612705,22.452141197299987
Rotten,0.00011346873936230568,0,0,0.9918798213560698,0.949236298292902,0.9567985447930878,0.9797297297297297,27.9505220154335,25.26100771674989,24.954607353608715,21.8338629142079
Rotten,0.0,0,0,0.9762513151961522,0.9195957820738138,0.9582428192131306,0.9470039144835892,35.636616851465,24.382666452407733,22.191868873533664,17.788847822593603
Rotten,0.0,0,0,0.9546719681908549,0.9969069712110398,0.9969715324046032,0.9419642857142857,34.56807092296062,28.884612741392345,22.69259844684214,13.854717888804894
Rotten,0.0,0,0,0.9482088454669608,0.8535905680600214,0.8980278980278981,0.6295068379610443,34.61580421106222,33.928506491145136,22.680824757263903,8.774864540528746
Rotten,0.0,0,0,0.872596661736742,0.9492145470195825,0.9068729070323712,0.6471316549731737,34.479492970059006,33.85299045676404,22.841844539957748,8.825672033219204
Rotten,0.0,0,0,0.9604700854700855,0.9591173054587688,0.964677945978035,0.770392749244713,32.63598326359833,30.020920502092054,23.493723849372387,13.849372384937238
Rotten,0.0,0,0,0.9360613810741688,0.9307214524605829,0.9641025641025641,0.7896064581231079,32.651356993736954,29.130132219902578,24.4258872651357,13.792623521224773
Rotten,0.0,0,0,0.9897418927862343,0.9952945605119519,0.9824234354194408,0.8741935483870967,32.094307561597276,28.212616822429908,19.93946474086661,19.753610875106205
Rotten,0.0,0,0,0.909839527027027,0.82557633753806,0.9470873786407767,0.7330210772833724,29.570429570429567,28.708791208791208,25.724275724275724,15.996503496503497
Rotten,0.0,0,0,0.9873334430004935,0.9929429715811559,0.9806417395916203,0.8903345724907064,32.23394665676865,27.801049896601093,19.99575799353094,19.969245453099315
Rotten,0.0,0,0,0.9783427495291902,0.9237308719941705,0.8844548774126239,0.9145950280673617,33.703586163122814,26.13138686131387,24.335131704220885,15.829895271342432
Rotten,0.0,0,0,0.9711246200607903,0.9171071600192215,0.8799039231385108,0.9130778348478862,33.520122261844115,26.502801833927663,23.860163015792153,16.116912888436065
Rotten,0.0,0,0,0.9106110652353427,0.903544731130938,0.8593834505137913,0.8625866050808314,31.687054359913652,27.12762477922418,24.190488650487342,16.994832210374827
Rotten,0.0,0,0,0.9403744403744404,0.9314906685565792,0.8403819918144612,0.8507759649820931,32.0652528548124,27.621533442088094,23.915171288743885,16.39804241435563
Rotten,0.0,0,0,0.9578076525336091,0.9248257047590179,0.951304347826087,0.8517964071856288,39.16565411097611,26.723369785338193,23.28878088294856,10.822195220737141
Rotten,0.0,0,0,0.957628887497391,0.9279165349351881,0.951319849160096,0.9018105849582173,38.929064759892746,25.700820671162756,23.701958235150727,11.668156333793776
Rotten,0.20827943078913325,0,0,0.9918868317037653,1.0,0.9643727161997564,0.8184998056743101,34.150326797385624,24.239840863881785,23.33049161693663,18.279340721795965
Rotten,0.21345733654546473,0,0,0.988125,0.9994102034797995,0.9447312481020346,0.8160469667318982,34.190469406652895,24.154142032908325,23.45608661585583,18.199301944582945
Rotten,0.2973642712322595,0,0,0.9246636771300448,0.9586909871244635,0.8552887735236859,0.47761194029850745,35.74863738377685,29.881372234690605,24.703430586726515,9.666559794806027
Rotten,0.08891910265125764,0,0,0.8984073359073359,0.8849607182940517,0.883704974271012,0.915077365958978,30.920758095806594,26.593045814057604,21.750485002238474,20.73571108789733
Rotten,0.0,0,0,0.9070446019174656,0.8502837189000436,0.9554582904222451,0.7893013100436681,29.96502623032725,28.616037971521358,24.25680739445416,17.162128403697228
Rotten,0.3099320980550121,0,0,0.9402469135802469,0.9247371333702269,0.8787185354691075,0.7303634232121923,33.77251501000667,30.136757838559042,21.86457638425617,14.226150767178119
Rotten,0.0,0,0,0.9421256454388984,0.902229845626072,0.9516129032258065,0.6920556920556921,45.80212849822625,28.724871895940083,13.44107213243989,12.031927473393772
Rotten,0.0,0,0,0.9436188811188811,0.9125123803235391,0.9599141016463851,0.6784282277465918,44.64825836666992,29.554102839301393,13.630598107132402,12.167040686896282
Rotten,0.0,0,0,0.9558993304086816,0.9221861973135711,0.9018181818181819,0.6989984185556142,34.72857028305669,34.624328441985405,15.435811081709566,15.211290193248336
Rotten,0.0,0,0,0.9259513984410821,0.9679382167095717,0.6921929388363998,0.9097222222222222,34.84582201629654,34.134845822016295,16.064866592107364,14.954465569579806
Rotten,0.0009063541902696404,0,0,0.9165874524714829,0.9039568785985544,0.8723604826546003,0.5513196480938416,40.90069658188887,26.447432366758466,17.18451320265673,15.467357848695935
Rotten,0.0013805059714909465,0,0,0.8923575436655339,0.8984214965658514,0.8085899195920768,0.6240601503759399,40.67834753255104,26.680597974602154,16.392862883780744,16.24819160906607
Rotten,5.4890767372927874e-05,0,0,0.9708449396471681,0.9085701696408901,0.7697490706319703,0.7793933316620707,29.56030081791733,24.916286984684636,23.62628314212,21.897129055278036
Rotten,0.0001097333479644464,0,0,0.972922502334267,0.9008791208791209,0.7716498474536494,0.7750123213405619,29.384328358208954,24.967076382791923,23.381255487269534,22.26733977172959
Rotten,0.0,0,0,0.9652855543113102,0.8509272467902995,0.9680232558139535,0.9368512110726643,31.223776223776223,24.51048951048951,24.055944055944057,20.20979020979021
Rotten,0.0,0,0,0.9246509848919487,0.8286561715719827,0.9334079462786794,0.5774647887323944,35.62717176534714,29.863051032227293,24.351025413912925,10.158751788512639
Rotten,0.0,0,0,0.9543088490456911,0.8860759493670886,0.9695652173913043,0.9352459016393443,30.064336637106592,24.726134585289515,23.99582681272822,21.21370196487567
Rotten,0.0,0,0,0.9650959860383944,0.8791486291486291,0.9312528267752148,0.8331339712918661,30.09453781512605,29.117647058823533,23.224789915966387,17.56302521008403
Rotten,0.0,0,0,0.9693623085144282,0.8986975397973951,0.9314310051107325,0.810727496917386,29.420396184886282,28.969709674038363,24.60957970862593,17.00031443244943
Rotten,0.0,0,0,0.9545753785385122,0.9289457136868581,0.9074485825458588,0.8253400143163923,43.7474799838719,27.481135879269626,20.72461263752088,8.046771499337597
Rotten,0.0,0,0,0.9620476610767873,0.9141716566866267,0.9188882586500283,0.8208215297450425,44.35930421164495,28.021701437440573,19.721460931819454,7.897533419095028
Rotten,0.000697350069735007,0,0,0.9797901282549553,0.9598901098901099,0.9329787234042554,0.8186490455212923,35.91067690160503,25.40125610607118,19.678995115143056,19.009071877180737
Rotten,0.001047559187094071,0,0,0.9797625997275735,0.9633740288568258,0.9218963165075034,0.8250285279573982,35.927013422818796,25.195749440715883,20.497762863534675,18.379474272930647
Rotten,0.0025560590217265015,0,0,0.9129032258064517,0.9305663304887509,0.9672995780590717,0.8092354277062831,32.49854397204427,30.029120559114737,22.085032032615025,15.387303436225974
Rotten,0.003105947313930749,0,0,0.9101239669421488,0.9098712446351931,0.9641693811074918,0.7995578481945468,33.510270020770825,29.575351950150015,21.255481190860838,15.658896838218325
Rotten,0.00032471749577867254,0,0,0.9925809352517986,0.9725451397477121,0.8417246920192822,0.8601641414141414,28.896251542909113,26.265185473916713,24.25777951016696,20.580783473007212
Rotten,0.0,0,0,0.9260987942434851,0.8534675615212528,0.8869467155342543,0.5549561699258261,35.11815325775167,30.52861630924737,24.224832673132084,10.128397759868871
Rotten,0.00040394247859104864,0,0,0.8078103207810321,0.8928890211246653,0.9308712121212122,0.7330677290836654,28.974379697728924,27.163986098763438,25.60413804251192,18.257496160995718
Rotten,0.0,0,0,0.9801455989410987,0.8948182521268369,0.9722675367047309,0.9256342957130359,29.209356272955734,24.99516721438237,23.699980668857528,22.09549584380437
Rotten,0.0,0,0,0.9798115746971736,0.9033515198752923,0.9656,0.91421143847487,28.726077711192733,24.80185578967717,24.163928088150012,22.30813841098009
Rotten,0.0,0,0,0.9481226192635589,0.869475847893114,0.7196829590488771,0.8198273461431356,31.0521572603357,27.402275543539485,21.319139348879126,20.22642784724569
Rotten,0.0,0,0,0.9331251148263825,0.894672131147541,0.8828600405679513,0.6827251995438997,30.62165963431786,27.454289732770746,22.18846694796062,19.735583684950775
Rotten,0.0,0,0,0.9108123461465631,0.9505109196553797,0.8520044960659423,0.7948190789473685,34.35243608924738,32.4660118389384,17.36160801405061,15.81994405776361
Rotten,0.0,0,0,0.8851104707012488,0.9168141592920354,0.8608825729244577,0.8032046014790468,33.803091310559815,33.023769320691,17.365891674243407,15.80724769450578
Rotten,0.0010595583314744591,0,0,0.7695089455652836,0.8061763510767981,0.8171021377672208,0.6999356084996781,29.330653715178922,27.477251158376596,25.85273265226372,17.339362474180763
Rotten,0.0013961800513794258,0,0,0.8239142286025805,0.6541717049576784,0.7828670462985887,0.7545158424637252,30.775683686594707,27.750125831888596,22.588222135227337,18.88596834628936
Rotten,0.0,0,0,0.8954974986103391,0.8342758790263093,0.8073496659242761,0.7892004153686397,33.84760112888053,25.506428347444338,22.527438068359988,18.118532455315144
Rotten,0.0,0,0,0.9365128047845422,0.9027176053564395,0.8256410256410256,0.915746658919233,52.018187619655386,20.253669432035736,13.999680918953414,13.728462029355457
Rotten,6.224712107065048e-05,0,0,0.9055636896046853,0.839980183304434,0.7980896789599363,0.7891911238367931,34.013944223107565,25.130727091633464,23.462400398406373,17.39292828685259
Rotten,0.00016322533257161513,0,0,0.9403057510313031,0.9526659412404788,0.9347547974413646,0.9966808914177335,33.638070361603134,30.00571381928006,19.14129458819688,17.214921230919924
Rotten,0.000408463360836533,0,0,0.9617050376111238,0.9633438818565401,0.9956161714564052,0.9191616766467066,35.85322000653808,30.990519777705135,16.778358940830337,16.377901274926447
Rotten,0.0,0,0,0.9990049751243781,0.9837429111531191,0.9638766519823788,0.9573304157549234,34.090909090909086,29.907281772953414,25.667118950701038,10.334690185436454
Rotten,0.0,0,0,0.9989973262032086,0.9749715585893061,0.961284645842499,0.9098173515981736,34.08521303258145,30.04101161995899,25.894281157439053,9.979494190020507
Rotten,0.0,0,0,0.9024181468007704,0.8618181818181818,0.7197889182058047,0.6420680512593901,32.05954994511526,26.413282107574094,26.001646542261252,15.525521405049398
Rotten,0.0,0,0,0.9128151260504201,0.730788675429727,0.8673122219314315,0.5825688073394495,32.34354827750221,26.88047835836108,25.963171842087384,14.812801522049332
Rotten,4.935834155972359e-05,0,0,0.9818900230490616,0.9907522674728793,0.8771436603879674,0.978150406504065,44.972604768251145,27.755565427711144,17.557628708228442,9.71420109580927
Rotten,4.9738870927629945e-05,0,0,0.9784468392400845,0.990421109705404,0.8592367256637168,0.9779938587512794,44.77218463987266,27.521886191802626,17.986470354158378,9.719458814166334
Rotten,0.00010485477613505295,0,0,0.8227805695142378,0.8460248238846024,0.7186982901268616,0.8019351166761526,31.30243288590604,31.260486577181208,19.012164429530202,18.42491610738255
Rotten,0.0,0,0,0.935064935064935,0.9102312818502548,0.8198403648802737,0.9209601873536299,51.220897217490055,20.694410643303318,14.228928368621723,13.855763770584895
Rotten,0.0,0,0,0.8411333970073225,0.8321870701513068,0.7260967379077615,0.7466091245376079,33.24161286908668,30.77574346491692,18.81680601121812,17.165837654778283
Rotten,0.0001599488163787588,0,0,0.953101030024107,0.9236599891716297,0.9615384615384616,0.9792853443811497,36.49816029435291,29.547272436410175,18.509038553831385,15.445528715405535
Rotten,0.0008770531015786956,0,0,0.9630499786416061,0.9365159979685119,0.9016152716593245,0.917558886509636,37.36333891947969,31.426063362860106,16.30356715345942,14.907030564200783
Rotten,9.672115291614276e-05,0,0,0.9544347826086956,0.949290780141844,0.8881939014855356,0.882494004796163,27.81002128071194,27.278003482298317,24.74366415167344,20.168311085316308
Rotten,0.0002889895000481649,0,0,0.9529652351738241,0.9384070796460177,0.8897576231430805,0.8903444929645803,28.27134322605512,27.22104451724802,24.648294469069185,19.859317787627674
Rotten,0.0,0,0,0.9515656679432305,0.8450100085787818,0.9002149217070924,0.4522738630684658,33.64408064271638,26.504471729574046,24.685463089283008,15.165984538426558
Rotten,0.0,0,0,0.956090026478376,0.9141139421700544,0.8329549140447616,0.4253262445625906,34.39326098504971,26.508309933975866,23.396827806025648,15.701601274948773
Rotten,0.0,0,0,0.8864045232588024,0.9574825174825174,0.8821701045493077,0.7598566308243727,28.20587169264226,25.915186661834,25.654222544400145,20.224719101123593
Rotten,0.0,0,0,0.8661356628982528,0.9419680403700589,0.9320305862361937,0.7618213660245184,28.111231491513184,25.763813651137596,25.503791982665224,20.621162874684
Rotten,0.0,0,0,0.9684380900998112,0.9800740108169655,0.9470432480141218,0.9275064267352185,29.504934734161097,27.960840496657113,27.053486150907354,15.480738618274433
Rotten,0.0,0,0,0.9272094430992736,0.8641889544980896,0.8019900497512438,0.8356807511737089,50.05681387773654,21.80895386713128,15.226119233391412,12.908113021740778
Rotten,0.0,0,0,0.9700979094998677,0.9484784573666767,0.9562403697996918,0.9288557213930348,30.591759086861494,26.86796729539383,26.268922528940337,16.27135108880434
Rotten,0.0037378810886578673,0,0,0.9155672823218998,0.9979508196721312,0.9555555555555556,0.9358190709046454,31.105639582600542,28.608277640989566,21.104467112205416,19.18161566420448
Rotten,0.005957943925233645,0,0,0.9111954459203037,1.0,0.9423503325942351,0.9344366645448758,30.96721118815372,29.36890351392643,21.201081208132567,18.462804089787284
Rotten,0.0,0,0,0.991235245997429,0.9637462235649547,0.6959048146098505,0.9805124503789245,42.28184603221663,26.168593734558748,17.857495799980235,13.692064433244392
Rotten,0.0,0,0,0.993308925640702,0.9471374426491123,0.7781921895568231,0.9757887013939839,39.17796023345534,24.794737362746066,22.544267484419827,13.483034919378772
Rotten,0.0,0,0,0.9866807610993658,0.9600867678958785,0.9355961705831157,0.8873517786561265,34.62157809983897,33.743229395403304,16.82037768994291,14.814814814814813
Rotten,0.0,0,0,0.9794912246105305,0.9384906553110953,0.9273868220528911,0.9009533898305084,37.79533427740926,31.50480733397928,16.628158306625924,14.071700081985542
Rotten,0.0,0,0,0.9776368491321762,0.9946911196911197,0.9385875127942682,0.9232736572890026,34.89401351036571,24.132308409037968,22.757978103890053,18.215699976706265
Rotten,0.0,0,0,0.9788034188034188,0.9665697674418605,0.9470372312532774,0.922884012539185,34.448239312212934,24.308090919797433,22.459074313979507,18.784595454010127
Rotten,0.0,0,0,0.9601196410767697,0.9596841230257689,0.979392065945389,0.8651191969887077,33.62011173184358,26.882681564245807,21.687150837988828,17.810055865921786
Rotten,0.0,0,0,0.925546552514906,0.9481148391560014,0.8162267839687195,0.8674130819092516,49.64705882352941,21.943074003795065,15.529411764705884,12.88045540796964
Rotten,0.0,0,0,0.9476112026359144,0.9599676506267691,0.980898296334538,0.8687381103360812,33.63999113278652,27.41077366437597,21.469740634005763,17.479494568831743
Rotten,0.0,0,0,0.9755417292426518,0.9413540319103062,0.9262921348314607,0.7286995515695067,44.2094280565304,21.99563691548895,21.104050080622212,12.690884947358436
Rotten,0.0,0,0,0.9751818570817287,0.9388473383194017,0.9324515824279641,0.6882430647291942,44.18604651162791,21.487993949706937,20.01323501607109,14.312724522594063
Rotten,0.0,0,0,0.9938210578348987,0.9506604506604507,0.9848484848484849,0.8747784997046663,40.34300528467444,25.665569847442416,17.110379898294944,16.881044969588192
Rotten,0.0,0,0,0.9948466257668712,0.948438088069251,0.9786652078774617,0.8780048076923077,39.85719874804382,25.98787167449139,17.879499217527385,16.275430359937403
Rotten,0.0,0,0,0.9739101161420636,0.9178217821782179,0.868657937806874,0.7086397058823529,43.96507067268556,29.89713609117147,18.0862872789166,8.051505957226375
Rotten,0.0,0,0,0.9737796833773087,0.9249874560963371,0.877200163733115,0.7168059424326834,44.68680913780398,29.37361827560796,18.00294767870302,7.936624907885041
Rotten,0.0,0,0,0.9444267346721921,0.8713759410539804,0.8771878646441074,0.5796098174952801,45.527550674858496,30.20173189492526,16.583619563639882,7.687097866576363
Rotten,0.0,0,0,0.969251995663743,0.8781191648277032,0.8444236176194939,0.5757389162561576,48.63634184920673,28.236591094281742,15.342951636869099,7.784115419642429
Rotten,0.0010291006803498943,0,0,0.939142273655548,0.9301167582417582,0.9190388170055452,0.8561601000625391,42.03628455331082,33.331425628111944,15.481027871573286,9.151261947003949
Rotten,0.01824328634305033,0,0,0.9228142076502732,0.9094763092269327,0.9312839059674503,0.8713919178960873,28.536157494639724,26.05418751218244,25.151062309141707,20.258592684036124
Rotten,0.0007396028901405246,0,0,0.9372221473797656,0.9235253772290809,0.9052711993888465,0.8285038438793614,42.2625825552266,33.204281484855386,14.905488499202916,9.6276474607151
Rotten,0.0012707377338510412,0,0,0.9191287470347207,0.9227262860863903,0.9288671433948061,0.8722172751558326,32.77726726514455,32.56520817134375,18.78136707429137,15.87615748922033
Rotten,0.0014852535539995756,0,0,0.9650197628458498,0.8759179539123829,0.9669689119170984,0.8837209302325582,35.84077064740048,27.97138404873212,21.87278651367049,14.315058790196911
Rotten,0.004357298474945534,0,0,0.9707060590886329,0.9668141592920354,0.8909385113268609,0.9057527539779682,33.61386971890254,26.62851371822925,26.005722942265614,13.751893620602592
Rotten,0.004534766543500168,0,0,0.979032642363593,0.972007722007722,0.9062395729062396,0.907860824742268,35.4057702041505,26.218997806647543,25.282605027838706,13.092626961363251
Rotten,0.007095553453169348,0,0,0.9897196261682243,0.9585319351763585,0.9138712601994561,0.9236401673640168,33.984437033508016,33.31745275528029,17.516277592504366,15.181832618707322
Rotten,0.006382639221318015,0,0,0.9778393351800554,0.9440526563234602,0.951819075712881,0.960741548527808,34.7840051389112,34.157700337241046,16.332102135859962,14.726192387987794
Rotten,8.832361773538245e-05,0,0,0.9761546184738956,0.9391273750879662,0.8581033262561925,0.9173157579388855,35.191237523187,25.103789417895943,24.962459146718487,14.742513912198568
Rotten,0.0,0,0,0.9893509127789046,0.8412363891815947,0.9052483268756605,0.9317245438493231,34.81331097184218,25.13019683996822,25.059581604731218,14.996910583458382
Rotten,0.0,0,0,0.9304740406320542,0.890106801573918,0.8699036323202373,0.756,34.92038467602081,28.046665615639288,21.267539019391453,15.765410688948448
Rotten,0.020410791320584636,0,0,0.9226246472248354,0.850488934637159,0.9307593307593307,0.8586649952992792,27.947942684369657,25.542263704482714,25.535690811095048,20.97410280005258
Rotten,0.00015844094113919038,0,0,0.9284575074048759,0.8975294778214487,0.833271719038817,0.7567430025445293,34.775374376039935,28.222803264400603,21.432533079787657,15.569289279771809
Rotten,0.0,0,0,0.996031746031746,0.9975646879756469,0.9504624549302398,0.9362244897959183,33.94367975754514,27.655006945321382,26.851033379635474,11.550279917498
Rotten,0.0,0,0,0.9963678968951377,0.9960679458949355,0.9731715106994571,0.8650914634146342,35.89301484503133,26.737877959544136,26.33416039362463,11.034946801799908
Rotten,0.00028291210863824973,0,0,0.9790964261631827,0.9680608365019011,1.0,0.9752933909820877,41.96773889255731,24.808980284878785,17.951136685218376,15.272144137345533
Rotten,9.095043201455206e-05,0,0,0.9978996009241756,0.9692527708258849,0.9041713641488163,0.9819494584837545,43.30543933054393,25.441149718028015,16.136074222303073,15.117336729124977
Rotten,0.0,0,0,0.9730290456431535,0.9653662420382165,0.9857651245551602,0.931673422119282,30.834843799978678,26.783239151295447,23.968440132210254,18.41347691651562
Rotten,0.0,0,0,0.9724396053079278,0.9672393128246105,0.987353206865402,0.9272619751626257,31.443243821547018,26.77864555472344,23.686744409971112,18.091366213758427
Rotten,0.0,0,0,0.9832367225442582,0.9450675211718929,0.847041847041847,0.6989761092150171,42.584562012142236,29.14804189739142,18.493561945426645,9.773834145039697
Rotten,0.0,0,0,0.9910661107802263,0.9671361502347418,0.8363951473136915,0.7324147933284989,44.69288613828442,26.931523258135353,19.198775537366075,9.176815066214147
Rotten,0.053290529695024076,0,0,0.9541105598866052,0.8086785009861933,0.8516601983613626,0.5600505689001264,47.846727704306545,25.788402848423193,19.65920651068159,6.705662936588674
Rotten,0.0,0,0,0.9719147191471915,0.9730848861283644,0.9404904306220095,0.9674350530552507,32.91720089074837,26.074633915918753,22.565625210877926,18.442539982454957
Rotten,0.05428410824700875,0,0,0.9342035632386664,0.8104467805519053,0.864969801553063,0.5737265415549598,48.13619767343126,25.84698989555914,19.68243185870765,6.334380572301944
Rotten,0.0,0,0,0.9648533691515558,0.9183329318236569,0.9304564907275321,0.9491525423728814,32.13669064748201,29.863309352517987,20.172661870503596,17.827338129496404
Rotten,0.0,0,0,0.9514899514899515,0.9091591591591591,0.9599242663300726,0.9577825159914712,31.28116193366573,28.874918707999132,22.899053399812125,16.944865958523014
Rotten,0.0,0,0,0.9006352087114338,0.7639620653319283,0.6923791821561338,0.8279906176700548,31.508220157255185,27.133666904932095,23.07362401715511,18.284488920657612
Rotten,0.0,0,0,0.901010101010101,0.7583769633507853,0.7323476161738081,0.6665259603208105,31.917180111763866,27.367817738931077,23.742656541051726,16.97234560825333
Rotten,0.0,0,0,0.9636743215031315,0.9557587740978745,0.9384182557049078,0.7820867959372114,33.73001901274558,28.490951341454828,22.5265826350257,15.25244701077389
Rotten,0.0,0,0,0.9914651493598862,0.956989247311828,0.9310137972405519,0.8486811661267931,35.04236986398917,25.82781456953642,23.741365805027414,15.388449761446985
Rotten,0.0,0,0,0.9672014260249554,0.9860601614086574,0.952317880794702,0.927007299270073,30.15156401160916,29.30237557777061,24.34698484359884,16.19907556702139
Rotten,0.007923608289313287,0,0,0.9603065973172735,0.9415298358029636,0.9406817175741479,0.9447310243183493,37.40528363710833,25.56829817734999,23.13127175916445,13.895146426377227
Rotten,0.0026481534497566563,0,0,0.9699459967128434,1.0,0.9707112970711297,0.9221385001794044,30.56332974524578,28.85540007176175,20.581270182992466,20.0
Rotten,0.08990675832028858,0,0,0.8681474480151229,0.8850641773628938,0.8900627269725983,0.9198658218412226,31.648220161531558,25.63565659587197,22.651809751720013,20.064313490876458
Rotten,0.0,0,0,0.9927597955706985,0.9713326446280992,0.9435044450817321,0.9570642201834862,31.772665764546687,26.197564276048713,23.592692828146145,18.43707713125846
Rotten,0.00152317400449699,0,0,0.9634317862165963,1.0,0.9696441032798325,0.926046176046176,30.989394159523464,28.054627342728462,20.819410140926923,20.13656835682115
Rotten,0.00020292207792207794,0,0,0.9714285714285714,0.9079971691436659,0.9783588818755635,0.9329479768786128,31.25634260198904,28.67870915364319,22.508625938705094,17.556322305662675
Rotten,0.0002022653721682848,0,0,0.9724228496388706,0.9107016300496102,0.9265890778871978,0.9461883408071748,30.81124822981995,28.545417762492413,22.597612785757637,18.045721221930002
Rotten,0.0,0,0,0.8913157434911759,0.6975731176104543,0.6143589743589744,0.4443979933110368,33.99263483012592,28.635067712045615,23.16464718460442,14.207650273224044
Rotten,0.0,0,0,0.9289278953708484,0.7837481146304676,0.5665538635081783,0.41842346471127406,34.50097963545687,31.49082704981298,21.053256545746006,12.95493676898415
Rotten,0.0023058552252326445,0,0,0.9122624316584222,0.8452380952380952,0.8034580098800282,0.5731462925851704,31.704498555509698,28.427569129178703,23.392488650433346,16.47544366487825
Rotten,0.0019880715705765406,0,0,0.9068193649141072,0.8502994011976048,0.821673525377229,0.6364102564102564,31.889110225763613,27.722443559096945,24.203187250996017,16.185258964143426
Rotten,0.0,0,0,0.9606036848294787,0.9989106753812637,0.9571656413761677,0.9929729729729729,28.69354929419043,25.814071199595073,24.683651088240257,20.808728417974244
Rotten,0.0,0,0,0.9398615232443126,0.9942452412571935,0.9609164420485176,0.9761330115312417,28.47245691111862,25.447786414329165,25.076039202433254,21.00371747211896
Rotten,0.0,0,0,0.9106,0.7669286577992744,0.8781542898341744,0.7385120350109409,41.68056018672891,27.575858619539844,23.124374791597198,7.619206402134044
Rotten,0.0,0,0,0.9428015564202334,0.9690623512613041,0.9686356508102457,0.9270959902794653,31.227217496962332,25.528554070473874,23.24422843256379,20.0
Rotten,0.0,0,0,0.9145213193885761,0.7215434083601286,0.9054878048780488,0.8447916666666667,41.45406036351509,25.92963148240787,24.61230615307654,8.0040020010005
Rotten,0.029500580720092914,0,0,0.8777577667717245,0.795596629518891,0.6727766463000678,0.7334696659850034,35.43960427636828,29.352162119036223,23.504068932503593,11.70416467209191
Rotten,0.02802291376374052,0,0,0.956821722679724,0.8172131147540984,0.6672274562584118,0.7491264849755416,35.783689072953166,29.149410640331315,23.669958585536797,11.39694170117872
Rotten,0.0016617790811339198,0,0,0.9831236575636698,0.9639730639730639,0.9764816556914393,0.94994617868676,31.91031038872026,29.080583569959856,20.816606286105944,18.19249975521394
Rotten,0.001687177451369591,0,0,0.9853205512282804,0.9602577873254565,0.9789875835721108,0.9601962922573609,33.18421314245949,27.766179540709814,20.81717864598867,18.232428670842033
Rotten,0.0,0,0,0.8710698936892106,0.8525611444393171,0.5791213982050071,0.40779363336992314,34.82747754844809,34.1421143847487,16.677170316685046,14.353237750118167
Rotten,0.0,0,0,0.900151613601906,0.8482905982905983,0.5978538579458355,0.3283661522086216,36.454796683774184,33.25700750098697,15.452033162258191,14.836162652980656
Rotten,0.0,0,0,0.9380505825518614,0.8365500603136309,0.9549166938908853,0.6973684210526315,28.901116951379763,27.23390275952694,25.139618922470437,18.725361366622863
Rotten,0.0,0,0,0.9368124118476728,0.8714590313737435,0.9579530638852672,0.753125,29.210613052076468,27.051746868820036,25.280158206987473,18.45748187211602
Rotten,0.0,0,0,0.8855030652722683,0.9435014548981572,0.9138981173864895,0.7993827160493827,38.90837659604321,28.932229549600113,25.340255366914548,6.819138487442121
