class,name,coverage,polarity,failed,border_std
UnripeApple,aug_0_1.jpg,0.12739158163265307,dark,False,41.00334496643224
UnripeApple,aug_0_100.jpg,0.3565250318877551,dark,False,39.614252747655904
UnripeApple,aug_0_1003.jpg,0.5268853635204082,dark,False,40.25501861816313
UnripeApple,aug_0_1006.jpg,0.30361128826530615,dark,False,44.33427639470364
UnripeApple,aug_0_101.jpg,0.5176777742346939,bright,False,37.48282302641176
UnripeApple,aug_0_1012.jpg,0.5828483737244898,bright,False,52.414554926742476
UnripeApple,aug_0_1013.jpg,0.44236288265306123,bright,False,43.94875073437293
UnripeApple,aug_0_1014.jpg,0.1394092793367347,bright,False,51.98788918600999
UnripeApple,aug_0_1027.jpg,0.18815768494897958,dark,False,44.35638750021864
UnripeApple,aug_0_1031.jpg,0.511100924744898,bright,False,77.25813891923688
UnripeApple,aug_0_1032.jpg,0.3977798150510204,bright,False,46.567621359911264
UnripeApple,aug_0_1041.jpg,0.4942602040816326,bright,False,50.72688811563594
UnripeApple,aug_0_1042.jpg,0.19192442602040816,bright,False,65.8972703396765
UnripeApple,aug_0_1047.jpg,0.6698421556122449,dark,False,69.33614482788134
UnripeApple,aug_0_1048.jpg,0.29745296556122447,bright,False,50.016540574195325
UnripeApple,aug_0_1053.jpg,0.29591836734693877,bright,False,50.01834524134065
UnripeApple,aug_0_1059.jpg,0.3276267538265306,dark,False,49.81638439945602
UnripeApple,aug_0_1064.jpg,0.27046795280612246,bright,False,45.28191684407648
UnripeApple,aug_0_1086.jpg,0.2575135522959184,bright,False,46.59516025830853
UnripeApple,aug_0_1088.jpg,0.49453922193877553,bright,False,41.468762286269936
UnripeApple,aug_0_1091.jpg,0.1383330676020408,bright,False,57.52210341030399
UnripeApple,aug_0_1093.jpg,0.24166932397959184,dark,False,9.632811984870846
UnripeApple,aug_0_1095.jpg,0.35397401147959184,dark,False,55.81416429068611
UnripeApple,aug_0_1096.jpg,0.19453523596938777,dark,False,48.14882769718498
UnripeApple,aug_0_1100.jpg,0.3748804209183674,dark,False,44.655902434539804
UnripeApple,aug_0_1103.jpg,0.484554368622449,bright,False,40.479102825622384
UnripeApple,aug_0_1105.jpg,0.19025031887755103,bright,False,50.98936521922303
UnripeApple,aug_0_1108.jpg,0.20860570790816327,dark,False,46.936133906711994
UnripeApple,aug_0_1117.jpg,0.33944515306122447,dark,False,48.02327926625981
UnripeApple,aug_0_1124.jpg,0.26548549107142855,dark,False,47.999853989523785
UnripeApple,aug_0_1126.jpg,0.7111168686224489,bright,False,68.07355762775417
UnripeApple,aug_0_1132.jpg,0.5172393176020408,bright,False,60.06481334826007
UnripeApple,aug_0_1136.jpg,0.38205516581632654,bright,False,51.72152694126165
UnripeApple,aug_0_1140.jpg,0.21701610331632654,bright,False,50.193270347225166
UnripeApple,aug_0_1146.jpg,0.42807318239795916,bright,False,64.93524272974254
UnripeApple,aug_0_1150.jpg,0.40750558035714285,bright,False,67.83903784866042
UnripeApple,aug_0_1151.jpg,0.29227120535714285,dark,False,61.90762869552887
UnripeApple,aug_0_1153.jpg,0.4621532206632653,bright,False,64.30865937795721
UnripeApple,aug_0_1155.jpg,0.34946986607142855,dark,False,37.61330668018573
UnripeApple,aug_0_1161.jpg,0.28134964923469385,bright,False,62.443800284348754
UnripeApple,aug_0_1166.jpg,0.25019929846938777,bright,False,42.78994869311156
UnripeApple,aug_0_1167.jpg,0.44949776785714285,dark,False,45.42440183794895
UnripeApple,aug_0_1169.jpg,0.14359454719387754,dark,False,64.79645739566115
UnripeApple,aug_0_117.jpg,0.3898875956632653,bright,False,36.925016117870214
UnripeApple,aug_0_1170.jpg,0.4391342474489796,dark,False,100.65134851333566
UnripeApple,aug_0_1171.jpg,0.27070711096938777,bright,False,47.365558984408345
UnripeApple,aug_0_1173.jpg,0.33314732142857145,dark,False,36.56900464524762
UnripeApple,aug_0_1178.jpg,0.27640704719387754,dark,False,25.727794165301244
UnripeApple,aug_0_1179.jpg,0.39564732142857145,dark,False,45.824312431073736
UnripeApple,aug_0_1183.jpg,0.5074139030612245,bright,False,39.80766711079533
UnripeApple,aug_0_1188.jpg,0.29356664540816324,bright,False,57.22387792931064
UnripeApple,aug_0_1189.jpg,0.5023317920918368,dark,False,49.60541202350765
UnripeApple,aug_0_1190.jpg,0.5208067602040817,dark,False,56.261558009188406
UnripeApple,aug_0_1192.jpg,0.25966597576530615,dark,False,69.3965859682326
UnripeApple,aug_0_1199.jpg,0.29251036352040816,bright,False,48.52724995570926
UnripeApple,aug_0_1209.jpg,0.2618383290816326,dark,False,63.13206500090016
UnripeApple,aug_0_1213.jpg,0.5017338966836735,bright,False,65.32349043116253
UnripeApple,aug_0_1228.jpg,0.1625079719387755,bright,False,54.3194383608984
UnripeApple,aug_0_1238.jpg,0.27951610331632654,bright,False,42.115484831101746
UnripeApple,aug_0_124.jpg,0.10220025510204081,dark,False,47.38084860125548
UnripeApple,aug_0_1243.jpg,0.5294363839285714,bright,False,79.73213624229975
UnripeApple,aug_0_1247.jpg,0.1605548469387755,bright,False,31.78079181040833
UnripeApple,aug_0_1254.jpg,0.20131138392857142,bright,False,14.190089824174654
UnripeApple,aug_0_1256.jpg,0.2581313775510204,dark,False,48.824619300333104
UnripeApple,aug_0_1257.jpg,0.614616549744898,dark,False,47.45849976761611
UnripeApple,aug_0_1258.jpg,0.22325414540816327,bright,False,49.84920677708295
UnripeApple,aug_0_1259.jpg,0.2971938775510204,bright,False,45.4891391366354
UnripeApple,aug_0_1264.jpg,0.18219866071428573,bright,False,40.117189239501066
UnripeApple,aug_0_1266.jpg,0.3424545599489796,dark,False,36.01089397829466
UnripeApple,aug_0_1268.jpg,0.44419642857142855,bright,False,76.53689602545182
UnripeApple,aug_0_1271.jpg,0.23571029974489796,dark,False,41.66171904406646
UnripeApple,aug_0_128.jpg,0.42751514668367346,bright,False,55.71612617088721
UnripeApple,aug_0_1287.jpg,0.6004663584183674,bright,False,51.35952214010803
UnripeApple,aug_0_1294.jpg,0.12059550382653061,dark,False,65.44254921411641
UnripeApple,aug_0_1295.jpg,0.15987723214285715,bright,False,50.60464449650081
UnripeApple,aug_0_1305.jpg,0.9445551658163265,bright,False,86.97565154662148
UnripeApple,aug_0_131.jpg,0.7546635841836735,bright,False,58.95529211124447
UnripeApple,aug_0_1310.jpg,0.6641422193877551,bright,False,65.00659391998897
UnripeApple,aug_0_1311.jpg,0.18205915178571427,bright,False,54.76957123638632
UnripeApple,aug_0_1319.jpg,0.15898038903061223,bright,False,56.77491977896337
UnripeApple,aug_0_1326.jpg,0.41661352040816324,bright,False,38.51231694493035
UnripeApple,aug_0_1327.jpg,0.16392299107142858,dark,False,59.11783716696871
UnripeApple,aug_0_1333.jpg,0.1761798469387755,dark,False,45.80519609360832
UnripeApple,aug_0_1337.jpg,0.37649473852040816,dark,False,9.541088542484038
UnripeApple,aug_0_1339.jpg,0.4522082270408163,bright,False,41.489696401373244
UnripeApple,aug_0_134.jpg,0.15782445790816327,bright,False,60.207982863969356
UnripeApple,aug_0_1340.jpg,0.5230588329081632,bright,False,60.758072633096106
UnripeApple,aug_0_1343.jpg,0.6171675701530612,dark,False,52.051744984375965
UnripeApple,aug_0_1348.jpg,0.3021763392857143,bright,False,45.15640840962271
UnripeApple,aug_0_1349.jpg,0.5225406568877551,bright,False,43.695903677356256
UnripeApple,aug_0_135.jpg,0.383968431122449,dark,False,34.362526723780626
UnripeApple,aug_0_1361.jpg,0.31138392857142855,dark,False,54.364155372353785
UnripeApple,aug_0_1381.jpg,0.18748007015306123,bright,False,58.95170358772404
UnripeApple,aug_0_1383.jpg,0.6782126913265306,bright,False,54.27055901582074
UnripeApple,aug_0_1385.jpg,0.21534199617346939,bright,False,67.05764534471132
UnripeApple,aug_0_139.jpg,0.3478954081632653,dark,False,10.792122104310083
UnripeApple,aug_0_1394.jpg,0.3132174744897959,bright,False,35.91874878655796
UnripeApple,aug_0_1396.jpg,0.4325573979591837,bright,False,50.5014083117678
UnripeApple,aug_0_140.jpg,0.3790258290816326,bright,False,36.42188490227097
UnripeApple,aug_0_1401.jpg,0.45543686224489793,bright,False,48.906944586908615
UnripeApple,aug_0_1403.jpg,0.20832669005102042,bright,False,48.313209227928894
UnripeApple,aug_0_1406.jpg,0.41019610969387754,bright,False,50.76214561984177
UnripeApple,aug_0_1407.jpg,0.087890625,bright,False,35.52324395434871
UnripeApple,aug_0_1408.jpg,0.39182079081632654,bright,False,41.378877069182366
UnripeApple,aug_0_1415.jpg,0.22239716198979592,bright,False,52.96515376774678
UnripeApple,aug_0_1416.jpg,0.4381776147959184,dark,False,61.54202225475071
UnripeApple,aug_0_1417.jpg,0.4995017538265306,dark,False,63.733531616948795
UnripeApple,aug_0_1426.jpg,0.24318399234693877,dark,False,17.6816641466602
UnripeApple,aug_0_1429.jpg,0.3250358737244898,bright,False,42.33416773488849
UnripeApple,aug_0_1434.jpg,0.3233617665816326,bright,False,38.4535581830182
UnripeApple,aug_0_1435.jpg,0.1886360012755102,dark,False,64.6309994316785
UnripeApple,aug_0_144.jpg,0.25558035714285715,dark,False,71.2947493273192
UnripeApple,aug_0_1445.jpg,0.5671436543367347,dark,False,34.88524101925122
UnripeApple,aug_0_1449.jpg,0.0663265306122449,dark,False,106.40198307042215
UnripeApple,aug_0_1458.jpg,0.405094068877551,dark,False,36.978227716951594
UnripeApple,aug_0_146.jpg,0.2940648915816326,dark,False,54.172797123991224
UnripeApple,aug_0_147.jpg,0.11367984693877552,dark,False,58.00561413627157
UnripeApple,aug_0_1487.jpg,0.2965760522959184,bright,False,40.646947325699585
UnripeApple,aug_0_1489.jpg,0.04257015306122449,dark,True,39.05093211935746
UnripeApple,aug_0_1495.jpg,0.13097895408163265,dark,False,48.100475185572954
UnripeApple,aug_0_1500.jpg,0.07278380102040816,dark,False,62.58008597443922
UnripeApple,aug_0_1505.jpg,0.5608458227040817,bright,False,41.653108719640976
UnripeApple,aug_0_1509.jpg,0.6509685905612245,bright,False,54.023488857652204
UnripeApple,aug_0_151.jpg,0.2155811543367347,bright,False,41.42766102193578
UnripeApple,aug_0_1517.jpg,0.11999760841836735,dark,False,16.710609692076446
UnripeApple,aug_0_1529.jpg,0.23858019770408162,dark,False,72.58044817925314
UnripeApple,aug_0_1531.jpg,0.1956513073979592,dark,False,56.67653576797422
UnripeApple,aug_0_1538.jpg,0.39821827168367346,dark,False,68.15714151584949
UnripeApple,aug_0_1555.jpg,0.18068399234693877,bright,False,42.911451190466096
UnripeApple,aug_0_1570.jpg,0.4347297512755102,bright,False,55.647229566967006
UnripeApple,aug_0_1574.jpg,0.41175063775510207,dark,False,53.26849333054937
UnripeApple,aug_0_1575.jpg,0.3810985331632653,dark,False,38.538684496976764
UnripeApple,aug_0_1577.jpg,0.46448501275510207,dark,False,52.6980229249835
UnripeApple,aug_0_158.jpg,0.10949457908163265,dark,False,3.7682171731456466
UnripeApple,aug_0_1603.jpg,0.22112165178571427,dark,False,34.225397998996726
UnripeApple,aug_0_1612.jpg,0.36405851403061223,dark,False,45.95171746111731
UnripeApple,aug_0_1622.jpg,0.3813376913265306,dark,False,51.58516919879914
UnripeApple,aug_0_1631.jpg,0.28535554846938777,bright,False,78.52384220600271
UnripeApple,aug_0_1637.jpg,0.3966039540816326,dark,False,62.32737364559495
UnripeApple,aug_0_1648.jpg,0.10345583545918367,bright,False,14.206509467031571
UnripeApple,aug_0_1649.jpg,0.365234375,dark,False,32.725200823613726
UnripeApple,aug_0_1650.jpg,0.3272281568877551,dark,False,50.869343292983196
UnripeApple,aug_0_1651.jpg,0.16517857142857142,bright,False,63.100250661768676
UnripeApple,aug_0_1658.jpg,0.17821269132653061,bright,False,56.02763242902969
UnripeApple,aug_0_1663.jpg,0.53125,dark,False,82.42292949708626
UnripeApple,aug_0_1664.jpg,0.27168367346938777,dark,False,74.09189160390584
UnripeApple,aug_0_1666.jpg,0.4196627869897959,bright,False,67.0487757212471
UnripeApple,aug_0_1668.jpg,0.5398397640306123,bright,False,62.57911529418643
UnripeApple,aug_0_1681.jpg,0.5599489795918368,bright,False,77.72288585725167
UnripeApple,aug_0_1686.jpg,0.4594029017857143,bright,False,61.27048127716201
UnripeApple,aug_0_1691.jpg,0.34006297831632654,bright,False,43.444194791880456
UnripeApple,aug_0_1694.jpg,0.4599609375,bright,False,58.22488427485325
UnripeApple,aug_0_1703.jpg,0.34825414540816324,dark,False,27.95811919072371
UnripeApple,aug_0_1710.jpg,0.2583107461734694,dark,False,71.11034083887398
UnripeApple,aug_0_1717.jpg,0.37569754464285715,dark,False,42.100965674914555
UnripeApple,aug_0_1724.jpg,0.27925701530612246,bright,False,42.46369727826282
UnripeApple,aug_0_1732.jpg,0.43698182397959184,dark,False,52.440814421750986
UnripeApple,aug_0_1733.jpg,0.42434630102040816,dark,False,58.83229378524097
UnripeApple,aug_0_1743.jpg,0.38173628826530615,bright,False,49.217957839153904
UnripeApple,aug_0_1745.jpg,0.05377072704081633,dark,False,55.3749543873246
UnripeApple,aug_0_1746.jpg,0.3430125956632653,bright,False,77.4015936448172
UnripeApple,aug_0_1751.jpg,0.30685985331632654,bright,False,54.335309610546204
UnripeApple,aug_0_1759.jpg,0.2868104272959184,dark,False,71.15358674335982
UnripeApple,aug_0_1760.jpg,0.21095742984693877,dark,False,117.60357514321375
UnripeApple,aug_0_1766.jpg,0.17940848214285715,bright,False,61.262922756955795
UnripeApple,aug_0_1782.jpg,0.21627869897959184,bright,False,54.203808406743455
UnripeApple,aug_0_1783.jpg,0.27236128826530615,bright,False,43.88802802856418
UnripeApple,aug_0_1784.jpg,0.2642299107142857,dark,False,52.721144938050394
UnripeApple,aug_0_1788.jpg,0.17542251275510204,dark,False,14.494941331826888
UnripeApple,aug_0_1792.jpg,0.31620695153061223,bright,False,27.47830545980911
UnripeApple,aug_0_1796.jpg,0.5852200255102041,dark,False,83.73026273160079
UnripeApple,aug_0_1798.jpg,0.5771882971938775,dark,False,67.99767538124145
UnripeApple,aug_0_180.jpg,0.3160873724489796,dark,False,58.163803182922386
UnripeApple,aug_0_1805.jpg,0.44632892219387754,bright,False,51.507537535524705
UnripeApple,aug_0_1806.jpg,0.24491788903061223,dark,False,54.53757276530401
UnripeApple,aug_0_1818.jpg,0.32987882653061223,dark,False,48.14439461565127
UnripeApple,aug_0_182.jpg,0.06100526147959184,dark,False,22.408793676228132
UnripeApple,aug_0_1820.jpg,0.3767139668367347,bright,False,75.72037721324426
UnripeApple,aug_0_1821.jpg,0.45962213010204084,bright,False,38.511806499677924
UnripeApple,aug_0_1830.jpg,0.043845663265306124,dark,True,41.15729055160816
UnripeApple,aug_0_1835.jpg,0.45290577168367346,bright,False,50.38412525929772
UnripeApple,aug_0_1838.jpg,0.18799824617346939,bright,False,33.30484741417067
UnripeApple,aug_0_1841.jpg,0.3688416772959184,bright,False,39.571877373023284
UnripeApple,aug_0_1845.jpg,0.3263313137755102,dark,False,36.689743156457155
UnripeApple,aug_0_1846.jpg,0.5337412308673469,bright,False,44.529448624374
UnripeApple,aug_0_186.jpg,0.10509008290816327,dark,False,63.378545971898056
UnripeApple,aug_0_1868.jpg,0.416015625,dark,False,52.15413819967853
UnripeApple,aug_0_1870.jpg,0.4967713647959184,dark,False,54.7091089488791
UnripeApple,aug_0_1871.jpg,0.24607382015306123,bright,False,46.46539994596344
UnripeApple,aug_0_1872.jpg,0.1747448979591837,dark,False,48.50342820010312
UnripeApple,aug_0_1875.jpg,0.2748923788265306,dark,False,65.37376976672438
UnripeApple,aug_0_188.jpg,0.4729153380102041,dark,False,73.58404218297711
UnripeApple,aug_0_1882.jpg,0.05699936224489796,dark,False,49.50961849839837
UnripeApple,aug_0_1885.jpg,0.1735889668367347,dark,False,53.23066874360679
UnripeApple,aug_0_1887.jpg,0.31074617346938777,bright,False,55.16517014684603
UnripeApple,aug_0_1889.jpg,0.5434470663265306,dark,False,65.89960311210376
UnripeApple,aug_0_1892.jpg,0.2556999362244898,bright,False,55.62349310866841
UnripeApple,aug_0_1898.jpg,0.365234375,bright,False,38.88655736023512
UnripeApple,aug_0_1899.jpg,0.4878427933673469,bright,False,42.651931717048065
UnripeApple,aug_0_1900.jpg,0.23238201530612246,dark,False,39.083233515670614
UnripeApple,aug_0_1917.jpg,0.2615593112244898,dark,False,40.76102291923724
UnripeApple,aug_0_1923.jpg,0.24457908163265307,bright,False,63.0850508258657
UnripeApple,aug_0_1927.jpg,0.5323660714285714,dark,False,64.90778006302043
UnripeApple,aug_0_1936.jpg,0.2952407525510204,dark,False,69.9158621620942
UnripeApple,aug_0_1937.jpg,0.3996532206632653,dark,False,68.17362210236438
UnripeApple,aug_0_1940.jpg,0.41637436224489793,dark,False,65.51820045105201
UnripeApple,aug_0_1948.jpg,0.2981704400510204,dark,False,28.883586386251455
UnripeApple,aug_0_1952.jpg,0.24326371173469388,dark,False,54.62363726588392
UnripeApple,aug_0_196.jpg,0.32124920280612246,dark,False,48.61039938589173
UnripeApple,aug_0_1969.jpg,0.3208705357142857,dark,False,27.093104178370908
UnripeApple,aug_0_1973.jpg,0.5632374043367347,dark,False,55.399820609987074
UnripeApple,aug_0_1977.jpg,0.6307198660714286,bright,False,50.090144127301045
UnripeApple,aug_0_198.jpg,0.5320471938775511,dark,False,44.94932752586835
UnripeApple,aug_0_1981.jpg,0.2987484056122449,dark,False,65.73279894365272
UnripeApple,aug_0_1992.jpg,0.2979312818877551,bright,False,70.15526707220444
UnripeApple,aug_0_1993.jpg,0.22474888392857142,dark,False,46.3438569238783
UnripeApple,aug_0_1998.jpg,0.3123405612244898,bright,False,57.23409184568872
UnripeApple,aug_0_20.jpg,0.2867904974489796,dark,False,62.19331659154119
UnripeApple,aug_0_200.jpg,0.24166932397959184,bright,False,38.39742271301586
UnripeApple,aug_0_2005.jpg,0.23048867984693877,bright,False,69.9372255810253
UnripeApple,aug_0_2006.jpg,0.335758131377551,bright,False,50.846690853025116
UnripeApple,aug_0_201.jpg,0.4375,dark,False,29.028160430611646
UnripeApple,aug_0_2011.jpg,0.34727758290816324,dark,False,53.86057585471186
UnripeApple,aug_0_2017.jpg,0.26289461096938777,dark,False,53.652037988264944
UnripeApple,aug_0_2025.jpg,0.48915816326530615,dark,False,32.06668094973006
UnripeApple,aug_0_2029.jpg,0.4070671237244898,dark,False,46.23903744494478
UnripeApple,aug_0_2033.jpg,0.5424505739795918,bright,False,33.790487983199824
UnripeApple,aug_0_2039.jpg,0.33888711734693877,dark,False,50.25562787697428
UnripeApple,aug_0_2041.jpg,0.5820511798469388,bright,False,45.382800134430035
UnripeApple,aug_0_2051.jpg,0.09644052933673469,dark,False,56.00097214720085
UnripeApple,aug_0_2053.jpg,0.4362244897959184,dark,False,5.491797389921814
UnripeApple,aug_0_2054.jpg,0.2631138392857143,dark,False,46.03420749517267
UnripeApple,aug_0_2060.jpg,0.38829320790816324,bright,False,60.76960536228234
UnripeApple,aug_0_2067.jpg,0.388671875,bright,False,38.68880866853055
UnripeApple,aug_0_2068.jpg,0.35511001275510207,dark,False,32.27722786287291
UnripeApple,aug_0_207.jpg,0.25302933673469385,bright,False,42.6201852128125
UnripeApple,aug_0_2072.jpg,0.14586654974489796,bright,False,56.7888980808859
UnripeApple,aug_0_2078.jpg,0.20617426658163265,dark,False,36.0400520484095
UnripeApple,aug_0_2089.jpg,0.43616470025510207,bright,False,48.20149289159156
UnripeApple,aug_0_2092.jpg,0.38442681760204084,dark,False,40.16440979102967
UnripeApple,aug_0_2107.jpg,0.2236328125,bright,False,68.47972376726376
UnripeApple,aug_0_2108.jpg,0.1932995854591837,dark,False,67.8939918075713
UnripeApple,aug_0_2109.jpg,0.5482302295918368,bright,False,77.25728044752232
UnripeApple,aug_0_2119.jpg,0.42123724489795916,bright,False,53.153019127302876
UnripeApple,aug_0_2120.jpg,0.22058354591836735,dark,False,5.770911369699731
UnripeApple,aug_0_2133.jpg,0.4015266262755102,dark,False,52.644469545208715
UnripeApple,aug_0_2143.jpg,0.2954201211734694,bright,False,53.23139722778825
UnripeApple,aug_0_2144.jpg,0.2046795280612245,bright,False,63.22339054570972
UnripeApple,aug_0_2164.jpg,0.2230548469387755,dark,False,73.12685169153735
UnripeApple,aug_0_2169.jpg,0.2502391581632653,dark,False,52.75850584348016
UnripeApple,aug_0_2172.jpg,0.46219308035714285,dark,False,53.87475386926235
UnripeApple,aug_0_2178.jpg,0.2719029017857143,dark,False,41.75615091266509
UnripeApple,aug_0_2191.jpg,0.19690688775510204,dark,False,48.711755419193004
UnripeApple,aug_0_2199.jpg,0.21902901785714285,dark,False,27.0152412235358
UnripeApple,aug_0_220.jpg,0.4757453762755102,dark,False,51.41897725455734
UnripeApple,aug_0_2207.jpg,0.10843829719387756,bright,False,42.53424140457481
UnripeApple,aug_0_2214.jpg,0.12615593112244897,dark,False,0.0
UnripeApple,aug_0_2217.jpg,0.41637436224489793,bright,False,40.71137092689048
UnripeApple,aug_0_222.jpg,0.16047512755102042,bright,False,51.18506405131823
UnripeApple,aug_0_2226.jpg,0.10214046556122448,dark,False,36.50301542295196
UnripeApple,aug_0_2231.jpg,0.2823461415816326,dark,False,43.66348687981238
UnripeApple,aug_0_2243.jpg,0.6721938775510204,dark,False,50.52290455810791
UnripeApple,aug_0_2251.jpg,0.07716836734693877,dark,False,38.54268319379066
UnripeApple,aug_0_2257.jpg,0.43162069515306123,dark,False,65.25895522394563
UnripeApple,aug_0_2262.jpg,0.46994579081632654,dark,False,28.500903223920456
UnripeApple,aug_0_2271.jpg,0.14365433673469388,dark,False,33.91950256358175
UnripeApple,aug_0_2273.jpg,0.18837691326530612,dark,False,109.29932277391539
UnripeApple,aug_0_2284.jpg,0.3422154017857143,dark,False,75.43932811424526
UnripeApple,aug_0_2290.jpg,0.5569595025510204,bright,False,68.89332897857503
UnripeApple,aug_0_2291.jpg,0.14299665178571427,dark,False,48.66416613948032
UnripeApple,aug_0_2293.jpg,0.24344308035714285,dark,False,38.06062179352885
UnripeApple,aug_0_2299.jpg,0.6084980867346939,dark,False,25.27948441546272
UnripeApple,aug_0_2303.jpg,0.28366151147959184,bright,False,58.30158526324777
UnripeApple,aug_0_2309.jpg,0.20934311224489796,dark,False,46.514949568249385
UnripeApple,aug_0_2315.jpg,0.26191804846938777,bright,False,36.76842181540968
UnripeApple,aug_0_2316.jpg,0.3288026147959184,dark,False,43.850971818697445
UnripeApple,aug_0_2319.jpg,0.43666294642857145,dark,False,50.49980878958244
UnripeApple,aug_0_2322.jpg,0.3596938775510204,bright,False,34.225635799067625
UnripeApple,aug_0_2326.jpg,0.46420599489795916,bright,False,57.127890584982346
UnripeApple,aug_0_2340.jpg,0.24288504464285715,bright,False,48.69618260745836
UnripeApple,aug_0_2344.jpg,0.3203722895408163,dark,False,55.92203946540517
UnripeApple,aug_0_2345.jpg,0.2647082270408163,dark,False,58.46380386584041
UnripeApple,aug_0_2348.jpg,0.3366749043367347,dark,False,45.02232081780668
UnripeApple,aug_0_2355.jpg,0.2621970663265306,dark,False,29.751626180180093
UnripeApple,aug_0_2365.jpg,0.05426897321428571,dark,False,38.70088752877626
UnripeApple,aug_0_2373.jpg,0.4209582270408163,bright,False,46.00136507850177
UnripeApple,aug_0_2375.jpg,0.44413663903061223,bright,False,42.40115928799813
UnripeApple,aug_0_2379.jpg,0.12298708545918367,dark,False,15.145778330300985
UnripeApple,aug_0_2382.jpg,0.29310825892857145,bright,False,49.886239235103005
UnripeApple,aug_0_2386.jpg,0.5708904655612245,bright,False,50.05150398995129
UnripeApple,aug_0_2387.jpg,0.3311742665816326,bright,False,71.09692780922005
UnripeApple,aug_0_2391.jpg,0.1835339604591837,dark,False,40.76925662078218
UnripeApple,aug_0_2392.jpg,0.22349330357142858,dark,False,52.08301302860741
UnripeApple,aug_0_2396.jpg,0.3801817602040816,dark,False,59.32797231627385
UnripeApple,aug_0_2397.jpg,0.25703523596938777,dark,False,45.18011103282876
UnripeApple,aug_0_2399.jpg,0.29091597576530615,bright,False,37.87738726609597
UnripeApple,aug_0_2404.jpg,0.338687818877551,dark,False,39.30812808266546
UnripeApple,aug_0_2413.jpg,0.35983338647959184,dark,False,35.593068967422774
UnripeApple,aug_0_2421.jpg,0.3012595663265306,dark,False,53.73030122422316
UnripeApple,aug_0_2435.jpg,0.42289142219387754,bright,False,52.59065695057768
UnripeApple,aug_0_2439.jpg,0.27883848852040816,bright,False,50.77732236046737
UnripeApple,aug_0_2440.jpg,0.3465999681122449,dark,False,57.482209184490024
UnripeApple,aug_0_2442.jpg,0.05016342474489796,dark,False,30.598600652427763
UnripeApple,aug_0_2446.jpg,0.16322544642857142,bright,False,51.712363462236205
UnripeApple,aug_0_2448.jpg,0.17006138392857142,dark,False,68.08387327829185
UnripeApple,aug_0_2452.jpg,0.13903061224489796,bright,False,59.28308783134708
UnripeApple,aug_0_2453.jpg,0.4152782206632653,dark,False,21.67939865872403
UnripeApple,aug_0_2458.jpg,0.17332987882653061,bright,False,49.522137537458946
UnripeApple,aug_0_2469.jpg,0.5079320790816326,dark,False,69.24859319070497
UnripeApple,aug_0_2479.jpg,0.4397520727040816,dark,False,63.046092902199085
UnripeApple,aug_0_2482.jpg,0.2366669323979592,bright,False,68.83423547701551
UnripeApple,aug_0_2489.jpg,0.3934351084183674,bright,False,49.98304345348911
UnripeApple,aug_0_2490.jpg,0.17711654974489796,bright,False,28.58982634179763
UnripeApple,aug_0_2492.jpg,0.26468829719387754,dark,False,62.62935682058575
UnripeApple,aug_0_2495.jpg,0.4828404017857143,dark,False,35.331117113062255
UnripeApple,aug_0_2497.jpg,0.6302614795918368,bright,False,58.24847068843908
UnripeApple,aug_0_2507.jpg,0.22140066964285715,bright,False,51.36004376080931
UnripeApple,aug_0_2511.jpg,0.34018255739795916,dark,False,52.37057397739701
UnripeApple,aug_0_2518.jpg,0.4172313456632653,dark,False,48.15901312014882
UnripeApple,aug_0_2524.jpg,0.05797592474489796,dark,False,46.75666928505186
UnripeApple,aug_0_2530.jpg,0.5336615114795918,bright,False,62.68017395873866
UnripeApple,aug_0_2537.jpg,0.280452806122449,bright,False,54.05231527132366
UnripeApple,aug_0_2539.jpg,0.41442123724489793,bright,False,69.36258288993321
UnripeApple,aug_0_254.jpg,0.19391741071428573,bright,False,56.788964340159886
UnripeApple,aug_0_2542.jpg,0.09458705357142858,dark,False,37.72589606953963
UnripeApple,aug_0_2544.jpg,0.2817283163265306,bright,False,62.655038132267755
UnripeApple,aug_0_2547.jpg,0.26877391581632654,bright,False,64.05081339133413
UnripeApple,aug_0_2548.jpg,0.37729193239795916,dark,False,25.616349473299397
UnripeApple,aug_0_2549.jpg,0.3840880102040816,bright,False,78.12027274562718
UnripeApple,aug_0_2550.jpg,0.1883171237244898,bright,False,51.99683772171249
UnripeApple,aug_0_2554.jpg,0.23003029336734693,bright,False,44.5619254412455
UnripeApple,aug_0_2556.jpg,0.38887117346938777,bright,False,65.56324880957078
UnripeApple,aug_0_2561.jpg,0.2956592793367347,dark,False,19.05822867914233
UnripeApple,aug_0_2563.jpg,0.2598453443877551,dark,False,30.57436776132123
UnripeApple,aug_0_2568.jpg,0.30857382015306123,dark,False,41.68709464043363
UnripeApple,aug_0_2573.jpg,0.33986367984693877,bright,False,47.976634345789215
UnripeApple,aug_0_2582.jpg,0.18235809948979592,bright,False,59.465422612764485
UnripeApple,aug_0_2584.jpg,0.46157525510204084,bright,False,61.3637617587623
UnripeApple,aug_0_259.jpg,0.1656768176020408,bright,False,61.25363443357411
UnripeApple,aug_0_2600.jpg,0.4645248724489796,bright,False,49.34790212623329
UnripeApple,aug_0_2603.jpg,0.5319276147959183,bright,False,53.049628365277194
UnripeApple,aug_0_2609.jpg,0.306819993622449,dark,False,50.665369687618984
UnripeApple,aug_0_261.jpg,0.24045360331632654,dark,False,15.739183204517792
UnripeApple,aug_0_2619.jpg,0.31423389668367346,dark,False,44.59224350698341
UnripeApple,aug_0_262.jpg,0.1882374043367347,dark,False,76.39854822711214
UnripeApple,aug_0_2628.jpg,0.16621492346938777,dark,False,70.7884719517926
UnripeApple,aug_0_263.jpg,0.30235570790816324,bright,False,34.258898403085254
UnripeApple,aug_0_2634.jpg,0.3224250637755102,dark,False,8.435115795864553
UnripeApple,aug_0_2635.jpg,0.14973294005102042,dark,False,72.71643521811767
UnripeApple,aug_0_2639.jpg,0.07700892857142858,dark,False,55.85179325371914
UnripeApple,aug_0_2646.jpg,0.29348692602040816,bright,False,42.83336990213704
UnripeApple,aug_0_2651.jpg,0.2938655931122449,bright,False,70.69339818451466
UnripeApple,aug_0_2654.jpg,0.37611607142857145,bright,False,74.71596776147452
UnripeApple,aug_0_2657.jpg,0.48080755739795916,bright,False,43.340425696968914
UnripeApple,aug_0_2684.jpg,0.21627869897959184,dark,False,55.41302953890039
UnripeApple,aug_0_2691.jpg,0.052076690051020405,dark,False,92.49547560469483
UnripeApple,aug_0_2694.jpg,0.45669244260204084,bright,False,59.64374534426245
UnripeApple,aug_0_27.jpg,0.2537866709183674,dark,False,24.06652164889287
UnripeApple,aug_0_2704.jpg,0.32033242984693877,dark,False,58.71178175837986
UnripeApple,aug_0_2707.jpg,0.18478954081632654,bright,False,70.11614817302996
UnripeApple,aug_0_2717.jpg,0.4367625956632653,dark,False,52.35970258241854
UnripeApple,aug_0_2726.jpg,0.4632095025510204,dark,False,38.575229906284335
UnripeApple,aug_0_2728.jpg,0.31808035714285715,bright,False,55.31105377378673
UnripeApple,aug_0_2729.jpg,0.34193638392857145,bright,False,53.298577364739764
UnripeApple,aug_0_2735.jpg,0.3336654974489796,bright,False,36.82449809729105
UnripeApple,aug_0_2744.jpg,0.13952885841836735,bright,False,45.464672669871554
UnripeApple,aug_0_2751.jpg,0.33671476403061223,dark,False,61.1048763575212
UnripeApple,aug_0_2753.jpg,0.40597098214285715,bright,False,35.79109580150251
UnripeApple,aug_0_2761.jpg,0.27413504464285715,dark,False,59.54442517057794
UnripeApple,aug_0_2778.jpg,0.1779735331632653,bright,False,37.15628607918844
UnripeApple,aug_0_2779.jpg,0.2596061862244898,dark,False,31.259874655057626
UnripeApple,aug_0_278.jpg,0.59375,bright,False,59.2926930625763
UnripeApple,aug_0_2783.jpg,0.1482780612244898,dark,False,44.85354486421488
UnripeApple,aug_0_2792.jpg,0.3284438775510204,bright,False,77.00944313329951
UnripeApple,aug_0_2794.jpg,0.2830835459183674,dark,False,58.56845555184619
UnripeApple,aug_0_2796.jpg,0.3251155931122449,dark,False,78.78579663473614
UnripeApple,aug_0_2797.jpg,0.3326889349489796,bright,False,49.22660759203695
UnripeApple,aug_0_2798.jpg,0.3458227040816326,dark,False,51.44697396632762
UnripeApple,aug_0_28.jpg,0.5058394451530612,bright,False,55.647152023455654
UnripeApple,aug_0_280.jpg,0.21552136479591838,dark,False,67.24675186894461
UnripeApple,aug_0_2800.jpg,0.2301299426020408,bright,False,13.111076965651227
UnripeApple,aug_0_2803.jpg,0.09755660076530612,dark,False,60.475542035364846
UnripeApple,aug_0_2808.jpg,0.3139548788265306,dark,False,58.35465203408352
UnripeApple,aug_0_2815.jpg,0.5469148596938775,bright,False,64.172496613917
UnripeApple,aug_0_2819.jpg,0.2614596619897959,bright,False,43.58437856561295
UnripeApple,aug_0_283.jpg,0.5250916772959183,bright,False,64.28283812216705
UnripeApple,aug_0_2834.jpg,0.34608179209183676,dark,False,41.52304900120111
UnripeApple,aug_0_2837.jpg,0.5760323660714286,dark,False,5.936679260750215
UnripeApple,aug_0_2838.jpg,0.08996332908163265,dark,False,43.148009150920636
UnripeApple,aug_0_2851.jpg,0.1544563137755102,bright,False,47.62047700888507
UnripeApple,aug_0_2857.jpg,0.4267578125,bright,False,49.520406905532504
UnripeApple,aug_0_2858.jpg,0.30506616709183676,dark,False,40.79309409683538
UnripeApple,aug_0_2861.jpg,0.19455516581632654,bright,False,58.87242562924396
UnripeApple,aug_0_2867.jpg,0.4855110012755102,dark,False,36.955210642003976
UnripeApple,aug_0_2871.jpg,0.2871890943877551,bright,False,57.696664017309494
UnripeApple,aug_0_2881.jpg,0.30470742984693877,dark,False,65.42267913446908
UnripeApple,aug_0_2883.jpg,0.6110291772959183,dark,False,72.35590394208207
UnripeApple,aug_0_2885.jpg,0.29097576530612246,bright,False,79.44031237524051
UnripeApple,aug_0_2901.jpg,0.3803212691326531,bright,False,57.63754676837676
UnripeApple,aug_0_2914.jpg,0.40043048469387754,bright,False,59.64742532681972
UnripeApple,aug_0_2917.jpg,0.33725286989795916,dark,False,36.23477718741592
UnripeApple,aug_0_2923.jpg,0.3786073022959184,bright,False,36.07227817415378
UnripeApple,aug_0_293.jpg,0.4746890943877551,dark,False,51.742716148245016
UnripeApple,aug_0_2935.jpg,0.06246014030612245,dark,False,63.05465490594218
UnripeApple,aug_0_2950.jpg,0.08320711096938775,bright,False,63.363782388903054
UnripeApple,aug_0_2952.jpg,0.28481744260204084,dark,False,57.40741092797706
UnripeApple,aug_0_2953.jpg,0.4607780612244898,bright,False,84.71041527709797
UnripeApple,aug_0_2954.jpg,0.24352279974489796,dark,False,30.478665336110264
UnripeApple,aug_0_2960.jpg,0.14403300382653061,dark,False,48.2712101854818
UnripeApple,aug_0_2968.jpg,0.48634805484693877,bright,False,39.87696227659751
UnripeApple,aug_0_2971.jpg,0.24523676658163265,bright,False,42.90102179832591
UnripeApple,aug_0_2975.jpg,0.2291533801020408,dark,False,24.58438949170574
UnripeApple,aug_0_2977.jpg,0.45107222576530615,dark,False,60.032842931530915
UnripeApple,aug_0_2979.jpg,0.19852120535714285,bright,False,39.27303521929617
UnripeApple,aug_0_298.jpg,0.29091597576530615,bright,False,41.14542374841643
UnripeApple,aug_0_2980.jpg,0.25175382653061223,bright,False,43.27068862435258
UnripeApple,aug_0_2982.jpg,0.14865672831632654,dark,False,7.52888000051788
UnripeApple,aug_0_2986.jpg,0.1507294323979592,bright,False,47.498812773317496
UnripeApple,aug_0_2989.jpg,0.4584263392857143,bright,False,58.603479672618825
UnripeApple,aug_0_299.jpg,0.33535953443877553,bright,False,70.89138255553534
UnripeApple,aug_0_2997.jpg,0.5067761479591837,bright,False,64.87085488205304
UnripeApple,aug_0_30.jpg,0.18492904974489796,dark,False,0.9797310032356301
UnripeApple,aug_0_3001.jpg,0.4241470025510204,bright,False,44.69583332621598
UnripeApple,aug_0_3004.jpg,0.2703483737244898,dark,False,0.6217433948519836
UnripeApple,aug_0_3007.jpg,0.42336973852040816,bright,False,25.677052533952477
UnripeApple,aug_0_3017.jpg,0.29677535076530615,bright,False,50.09263346543054
UnripeApple,aug_0_3019.jpg,0.27455357142857145,dark,False,51.671992956853245
UnripeApple,aug_0_3033.jpg,0.25117586096938777,bright,False,29.651705374133012
UnripeApple,aug_0_3040.jpg,0.12535873724489796,bright,False,58.19396454643344
UnripeApple,aug_0_3046.jpg,0.10355548469387756,bright,False,61.259066100115916
UnripeApple,aug_0_3049.jpg,0.22462930484693877,bright,False,48.79124479659069
UnripeApple,aug_0_3069.jpg,0.512077487244898,bright,False,62.41748482945959
UnripeApple,aug_0_3073.jpg,0.282405931122449,bright,False,54.91846268794586
UnripeApple,aug_0_3076.jpg,0.4454719387755102,dark,False,71.65449666368251
UnripeApple,aug_0_3079.jpg,0.11662946428571429,dark,False,62.52708019855678
UnripeApple,aug_0_3080.jpg,0.2888034119897959,dark,False,78.9081478417571
UnripeApple,aug_0_3085.jpg,0.2799744897959184,dark,False,50.97618529232623
UnripeApple,aug_0_3095.jpg,0.09072066326530612,dark,False,61.09182424449606
UnripeApple,aug_0_3098.jpg,0.2605030293367347,dark,False,63.74917588484694
UnripeApple,aug_0_3100.jpg,0.379703443877551,bright,False,61.719530136200284
UnripeApple,aug_0_3105.jpg,0.6706991390306123,bright,False,68.19778980080244
UnripeApple,aug_0_3111.jpg,0.29233099489795916,bright,False,36.97881651421156
UnripeApple,aug_0_3114.jpg,0.44373804209183676,bright,False,55.66746612069236
UnripeApple,aug_0_3115.jpg,0.28517617984693877,dark,False,50.48325072143252
UnripeApple,aug_0_3116.jpg,0.5396603954081632,bright,False,55.596742165059915
UnripeApple,aug_0_3118.jpg,0.28475765306122447,dark,False,54.171047758440444
UnripeApple,aug_0_3127.jpg,0.271663743622449,dark,False,64.34491522117686
UnripeApple,aug_0_3130.jpg,0.22614397321428573,dark,False,28.492245477434977
UnripeApple,aug_0_3134.jpg,0.18389269770408162,dark,False,68.74927953248394
UnripeApple,aug_0_3135.jpg,0.3576610331632653,bright,False,42.96244774876715
UnripeApple,aug_0_3145.jpg,0.32882254464285715,dark,False,48.917097125615214
UnripeApple,aug_0_3149.jpg,0.32985889668367346,bright,False,50.75513118059151
UnripeApple,aug_0_3153.jpg,0.10505022321428571,bright,False,74.83245354038576
UnripeApple,aug_0_3158.jpg,0.36764588647959184,dark,False,2.003844003334243
UnripeApple,aug_0_3165.jpg,0.34313217474489793,dark,False,55.279752864573275
UnripeApple,aug_0_3166.jpg,0.3247568558673469,bright,False,50.45641399384615
UnripeApple,aug_0_3186.jpg,0.2015106823979592,bright,False,31.734024836741757
UnripeApple,aug_0_3188.jpg,0.6375159438775511,bright,False,53.53081817059027
UnripeApple,aug_0_3190.jpg,0.3190967793367347,dark,False,52.3617623022551
UnripeApple,aug_0_3192.jpg,0.6428372130102041,bright,False,43.04166329520361
UnripeApple,aug_0_3195.jpg,0.34373007015306123,dark,False,34.45482094469547
UnripeApple,aug_0_320.jpg,0.32533482142857145,dark,False,42.64961309926428
UnripeApple,aug_0_3200.jpg,0.38610092474489793,bright,False,55.874350971235806
UnripeApple,aug_0_3201.jpg,0.18626434948979592,dark,False,49.89593725861
UnripeApple,aug_0_3209.jpg,0.3642578125,bright,False,55.78578502324263
UnripeApple,aug_0_3213.jpg,0.3712133290816326,dark,False,41.76456986089756
UnripeApple,aug_0_3216.jpg,0.30141900510204084,dark,False,17.35289794682424
UnripeApple,aug_0_3218.jpg,0.8375518176020408,bright,False,58.41551568677335
UnripeApple,aug_0_3223.jpg,0.39987244897959184,bright,False,67.88891179053901
UnripeApple,aug_0_3225.jpg,0.2070910395408163,bright,False,50.3941209488377
UnripeApple,aug_0_3230.jpg,0.32798549107142855,dark,False,57.683460233424
UnripeApple,aug_0_3252.jpg,0.08906648596938775,dark,False,46.968037824215536
UnripeApple,aug_0_3254.jpg,0.2001953125,bright,False,62.27482007328708
UnripeApple,aug_0_3256.jpg,0.26428970025510207,bright,False,55.34016269310832
UnripeApple,aug_0_3264.jpg,0.39425223214285715,dark,False,43.26709247215883
UnripeApple,aug_0_3274.jpg,0.4013671875,dark,False,45.138634934825824
UnripeApple,aug_0_3279.jpg,0.39419244260204084,dark,False,42.17047115438054
UnripeApple,aug_0_3281.jpg,0.30430883290816324,bright,False,45.67463438419369
UnripeApple,aug_0_3284.jpg,0.40898038903061223,bright,False,34.64756618620045
UnripeApple,aug_0_3286.jpg,0.23303970025510204,dark,False,74.99506638410173
UnripeApple,aug_0_3295.jpg,0.42159598214285715,bright,False,47.1745093862921
UnripeApple,aug_0_3296.jpg,0.5112603635204082,bright,False,62.162074800536935
UnripeApple,aug_0_3303.jpg,0.23481345663265307,dark,False,43.45908949087221
UnripeApple,aug_0_3310.jpg,0.19110730229591838,bright,False,56.07576399340555
UnripeApple,aug_0_3337.jpg,0.3306162308673469,bright,False,42.15701627789997
UnripeApple,aug_0_3338.jpg,0.46725526147959184,dark,False,55.048006169822735
UnripeApple,aug_0_3340.jpg,0.36754623724489793,dark,False,50.487709149101896
UnripeApple,aug_0_3341.jpg,0.3558872767857143,bright,False,42.52806212196331
UnripeApple,aug_0_3348.jpg,0.42671795280612246,bright,False,56.69841283643475
UnripeApple,aug_0_3350.jpg,0.13528380102040816,dark,False,62.652819390917124
UnripeApple,aug_0_3354.jpg,0.49549585459183676,bright,False,50.51310543847887
UnripeApple,aug_0_3355.jpg,0.12218989158163265,dark,False,40.9690730805545
UnripeApple,aug_0_3356.jpg,0.22757892219387754,dark,False,54.65118160061198
UnripeApple,aug_0_337.jpg,0.2689931441326531,bright,False,49.32230876846874
UnripeApple,aug_0_3379.jpg,0.2424266581632653,bright,False,13.584348349667708
UnripeApple,aug_0_3381.jpg,0.3645169005102041,dark,False,52.70795929291709
UnripeApple,aug_0_3388.jpg,0.40605070153061223,dark,False,56.50922443023839
UnripeApple,aug_0_339.jpg,0.22855548469387754,dark,False,60.66439561443922
UnripeApple,aug_0_3396.jpg,0.14674346301020408,dark,False,53.8290362872215
UnripeApple,aug_0_3398.jpg,0.2867904974489796,bright,False,41.13726106784011
UnripeApple,aug_0_3399.jpg,0.2422672193877551,dark,False,15.345786484006554
UnripeApple,aug_0_3402.jpg,0.6942163584183674,bright,False,52.592831501075274
UnripeApple,aug_0_3409.jpg,0.48196348852040816,bright,False,54.530137714647786
UnripeApple,aug_0_3412.jpg,0.1467235331632653,dark,False,43.63061693248943
UnripeApple,aug_0_3414.jpg,0.11533402423469388,bright,False,49.596438819953555
UnripeApple,aug_0_3416.jpg,0.5632971938775511,dark,False,40.25283101654669
UnripeApple,aug_0_342.jpg,0.13917012117346939,dark,False,66.29913337315922
UnripeApple,aug_0_3424.jpg,0.39736128826530615,bright,False,73.35377507271154
UnripeApple,aug_0_3436.jpg,0.13466597576530612,bright,False,53.5712775578306
UnripeApple,aug_0_3437.jpg,0.22839604591836735,bright,False,41.72560990821723
UnripeApple,aug_0_3440.jpg,0.37109375,bright,False,34.02462815960269
UnripeApple,aug_0_3455.jpg,0.36025191326530615,bright,False,50.33518840359422
UnripeApple,aug_0_3462.jpg,0.5043646364795918,bright,False,53.63812580436769
UnripeApple,aug_0_3470.jpg,0.28431919642857145,bright,False,60.55175926429542
UnripeApple,aug_0_3473.jpg,0.27052774234693877,dark,False,0.389797193612526
UnripeApple,aug_0_3476.jpg,0.3788464604591837,bright,False,67.90856456792646
UnripeApple,aug_0_348.jpg,0.19648836096938777,bright,False,57.12772886701767
UnripeApple,aug_0_3485.jpg,0.4573501275510204,bright,False,44.79479873236622
UnripeApple,aug_0_349.jpg,0.45071348852040816,dark,False,54.367826873895034
UnripeApple,aug_0_3492.jpg,0.3410594706632653,bright,False,40.089275783093726
UnripeApple,aug_0_3496.jpg,0.28904257015306123,bright,False,54.865976114120635
UnripeApple,aug_0_3506.jpg,0.24567522321428573,dark,False,1.4846913114746958
UnripeApple,aug_0_3513.jpg,0.3483139349489796,dark,False,41.4234751394869
UnripeApple,aug_0_3520.jpg,0.1501514668367347,dark,False,56.44321737760669
UnripeApple,aug_0_3521.jpg,0.27046795280612246,bright,False,81.0737274243856
UnripeApple,aug_0_3522.jpg,0.2798549107142857,bright,False,34.742522596612446
UnripeApple,aug_0_3524.jpg,0.22688137755102042,bright,False,52.27001513249153
UnripeApple,aug_0_3528.jpg,0.37187101403061223,bright,False,58.30816020855235
UnripeApple,aug_0_3535.jpg,0.4504544005102041,bright,False,48.83747936579454
UnripeApple,aug_0_3539.jpg,0.15447624362244897,bright,False,46.67531891481468
UnripeApple,aug_0_3540.jpg,0.2025470344387755,bright,False,34.451045644951925
UnripeApple,aug_0_3541.jpg,0.255062181122449,dark,False,72.320420842877
UnripeApple,aug_0_3542.jpg,0.6250398596938775,dark,False,55.596258394164686
UnripeApple,aug_0_3543.jpg,0.35622608418367346,bright,False,54.40708187696989
UnripeApple,aug_0_3546.jpg,0.41629464285714285,bright,False,31.99131872237236
UnripeApple,aug_0_356.jpg,0.38693797831632654,bright,False,37.035059431319645
UnripeApple,aug_0_3563.jpg,0.2567163584183674,bright,False,42.44262286208082
UnripeApple,aug_0_3566.jpg,0.4622130102040816,bright,False,49.23570071848911
UnripeApple,aug_0_3574.jpg,0.39620535714285715,bright,False,60.127137701829874
UnripeApple,aug_0_3576.jpg,0.2893016581632653,bright,False,78.27071427149214
UnripeApple,aug_0_3579.jpg,0.49418048469387754,bright,False,60.73003753792187
UnripeApple,aug_0_358.jpg,0.42362882653061223,bright,False,56.291565369788344
UnripeApple,aug_0_3580.jpg,0.2089245854591837,dark,False,35.58525905744525
UnripeApple,aug_0_3582.jpg,0.19919882015306123,dark,False,41.85874618158366
UnripeApple,aug_0_3583.jpg,0.2229950573979592,dark,False,31.19789416498652
UnripeApple,aug_0_3585.jpg,0.6412627551020408,dark,False,62.72938792820013
UnripeApple,aug_0_3586.jpg,0.5027901785714286,bright,False,44.73026262412222
UnripeApple,aug_0_3588.jpg,0.48670679209183676,bright,False,59.64582660119104
UnripeApple,aug_0_3589.jpg,0.09935028698979592,dark,False,112.1069771863058
UnripeApple,aug_0_3590.jpg,0.3089126275510204,bright,False,53.079154150696006
UnripeApple,aug_0_3595.jpg,0.4657007334183674,bright,False,52.31114420623549
UnripeApple,aug_0_3597.jpg,0.31893734056122447,dark,False,46.574440181319
UnripeApple,aug_0_3598.jpg,0.3707748724489796,dark,False,51.37518342249725
UnripeApple,aug_0_36.jpg,0.14518893494897958,dark,False,48.2824113829253
UnripeApple,aug_0_360.jpg,0.9453523596938775,bright,False,38.8370213082676
UnripeApple,aug_0_3604.jpg,0.3324697066326531,bright,False,53.85424463306552
UnripeApple,aug_0_3605.jpg,0.396305006377551,bright,False,44.007662893926664
UnripeApple,aug_0_3606.jpg,0.5472138073979592,dark,False,53.76171232148915
UnripeApple,aug_0_3608.jpg,0.37870695153061223,dark,False,49.83903987273945
UnripeApple,aug_0_361.jpg,0.35915577168367346,bright,False,57.41507715157869
UnripeApple,aug_0_3613.jpg,0.1337292729591837,bright,False,62.50027940721205
UnripeApple,aug_0_3632.jpg,0.3073182397959184,dark,False,58.424076572643024
UnripeApple,aug_0_3635.jpg,0.21601961096938777,dark,False,60.321675225785896
UnripeApple,aug_0_364.jpg,0.25697544642857145,dark,False,56.023553548754926
UnripeApple,aug_0_3640.jpg,0.37326610331632654,bright,False,53.35182856882394
UnripeApple,aug_0_3645.jpg,0.24232700892857142,dark,False,56.70969900865203
UnripeApple,aug_0_3648.jpg,0.09974888392857142,dark,False,51.473139940609094
UnripeApple,aug_0_3656.jpg,0.14638472576530612,dark,False,67.97136429838386
UnripeApple,aug_0_366.jpg,0.22602439413265307,dark,False,50.03657687279783
UnripeApple,aug_0_3663.jpg,0.18317522321428573,bright,False,49.73003194678605
UnripeApple,aug_0_367.jpg,0.3309351084183674,bright,False,36.03185662729419
UnripeApple,aug_0_3674.jpg,0.39060507015306123,dark,False,76.71355406529325
UnripeApple,aug_0_3676.jpg,0.7297712053571429,bright,False,55.13221992736526
UnripeApple,aug_0_3678.jpg,0.5220822704081632,bright,False,57.50441739655117
UnripeApple,aug_0_3679.jpg,0.15088887117346939,bright,False,74.17840969537492
UnripeApple,aug_0_3680.jpg,0.31778140943877553,bright,False,51.36220713950187
UnripeApple,aug_0_3688.jpg,0.2491031568877551,dark,False,43.3862541863189
UnripeApple,aug_0_3694.jpg,0.48317920918367346,bright,False,57.23267970612769
UnripeApple,aug_0_3698.jpg,0.15967793367346939,dark,False,104.12365691009806
UnripeApple,aug_0_3699.jpg,0.305843431122449,bright,False,47.05070306441056
UnripeApple,aug_0_3705.jpg,0.2516541772959184,bright,False,50.339310215436576
UnripeApple,aug_0_3706.jpg,0.28055245535714285,dark,False,65.14271816185837
UnripeApple,aug_0_3709.jpg,0.20192920918367346,bright,False,49.218847230929605
UnripeApple,aug_0_3711.jpg,0.36094945790816324,dark,False,70.65711641000017
UnripeApple,aug_0_3713.jpg,0.3016980229591837,bright,False,38.27867295252272
UnripeApple,aug_0_3720.jpg,0.16410235969387754,bright,False,54.689166692239525
UnripeApple,aug_0_3734.jpg,0.4013671875,bright,False,90.0575173853137
UnripeApple,aug_0_3735.jpg,0.322444993622449,dark,False,67.89515150256064
UnripeApple,aug_0_3744.jpg,0.4237484056122449,dark,False,48.029880282736315
UnripeApple,aug_0_3747.jpg,0.18738042091836735,bright,False,44.58975566565261
UnripeApple,aug_0_3753.jpg,0.32615194515306123,bright,False,48.889479099769325
UnripeApple,aug_0_3759.jpg,0.4155970982142857,bright,False,51.30363721606616
UnripeApple,aug_0_3763.jpg,0.2798349808673469,dark,False,56.602881951671606
UnripeApple,aug_0_3765.jpg,0.18694196428571427,bright,False,51.638550463437745
UnripeApple,aug_0_3766.jpg,0.3249362244897959,dark,False,1.8459346108272665
UnripeApple,aug_0_377.jpg,0.7082270408163265,bright,False,44.41174569292459
UnripeApple,aug_0_379.jpg,0.20936304209183673,dark,False,73.84417612567465
UnripeApple,aug_0_3795.jpg,0.5816924426020408,bright,False,55.02718893335714
UnripeApple,aug_0_38.jpg,0.5289779974489796,bright,False,61.663783670632036
UnripeApple,aug_0_3803.jpg,0.17938855229591838,dark,False,64.91800455835896
UnripeApple,aug_0_3818.jpg,0.1820392219387755,dark,False,64.02200718217223
UnripeApple,aug_0_3819.jpg,0.2184111926020408,dark,False,49.85828941355984
UnripeApple,aug_0_3830.jpg,0.469905931122449,dark,False,44.455126933118144
UnripeApple,aug_0_3835.jpg,0.40963807397959184,bright,False,42.75314272701971
UnripeApple,aug_0_3838.jpg,0.45738998724489793,dark,False,49.35387206989146
UnripeApple,aug_0_3839.jpg,0.2990872130102041,bright,False,46.361983944478624
UnripeApple,aug_0_3847.jpg,0.22026466836734693,dark,False,79.43443986562818
UnripeApple,aug_0_385.jpg,0.5501235650510204,bright,False,70.77088502707959
UnripeApple,aug_0_3861.jpg,0.22187898596938777,bright,False,53.823918376451154
UnripeApple,aug_0_3868.jpg,0.17121731505102042,bright,False,49.245565810206735
UnripeApple,aug_0_3871.jpg,0.5106026785714286,bright,False,73.47839213213804
UnripeApple,aug_0_3893.jpg,0.27851961096938777,dark,False,39.2778457395957
UnripeApple,aug_0_3898.jpg,0.43736049107142855,bright,False,62.39868631475923
UnripeApple,aug_0_3901.jpg,0.16127232142857142,dark,False,45.65549719388838
UnripeApple,aug_0_3902.jpg,0.25257095025510207,dark,False,24.694107587034228
UnripeApple,aug_0_3904.jpg,0.11015226403061225,dark,False,50.036103676989434
UnripeApple,aug_0_3909.jpg,0.2380420918367347,bright,False,10.026483193203967
UnripeApple,aug_0_3912.jpg,0.15286192602040816,bright,False,56.86097719136253
UnripeApple,aug_0_3914.jpg,0.21928810586734693,dark,False,42.77009909275404
UnripeApple,aug_0_3917.jpg,0.44828204719387754,dark,False,47.70456509850137
UnripeApple,aug_0_3923.jpg,0.18287627551020408,bright,False,55.734292105417666
UnripeApple,aug_0_3925.jpg,0.1301219706632653,dark,False,55.9041112337697
UnripeApple,aug_0_3926.jpg,0.4351084183673469,bright,False,44.94463453966546
UnripeApple,aug_0_3937.jpg,0.3169044961734694,bright,False,44.32594541005818
UnripeApple,aug_0_3944.jpg,0.4184470663265306,bright,False,57.19182661089337
UnripeApple,aug_0_3957.jpg,0.2853954081632653,dark,False,49.77221570391853
UnripeApple,aug_0_3958.jpg,0.17673788265306123,bright,False,54.455357136129315
UnripeApple,aug_0_3959.jpg,0.18873565051020408,dark,False,28.58206223459977
UnripeApple,aug_0_3963.jpg,0.5109614158163265,dark,False,40.076934038727195
UnripeApple,aug_0_3973.jpg,0.48636798469387754,dark,False,60.68544623772821
UnripeApple,aug_0_3977.jpg,0.1280094068877551,bright,False,36.51268984391277
UnripeApple,aug_0_398.jpg,0.12348533163265306,bright,False,56.652639980300876
UnripeApple,aug_0_3984.jpg,0.47012515943877553,dark,False,84.31474224042907
UnripeApple,aug_0_399.jpg,0.4823620854591837,bright,False,61.2243944360471
UnripeApple,aug_0_3994.jpg,0.05520567602040816,dark,False,41.27356488510029
UnripeApple,aug_0_3996.jpg,0.2993861607142857,dark,False,23.551304147505814
UnripeApple,aug_0_3997.jpg,0.7357302295918368,bright,False,53.528336753303925
UnripeApple,aug_0_3999.jpg,0.1740672831632653,bright,False,46.253562659185256
UnripeApple,aug_0_4.jpg,0.5341597576530612,bright,False,74.59638902812382
UnripeApple,aug_0_4002.jpg,0.48391661352040816,bright,False,44.07477153013006
UnripeApple,aug_0_4005.jpg,0.5776466836734694,bright,False,57.978863053282566
UnripeApple,aug_0_4008.jpg,0.35722257653061223,dark,False,44.16708499524157
UnripeApple,aug_0_4009.jpg,0.4019052933673469,dark,False,44.36543582407014
UnripeApple,aug_0_4010.jpg,0.3180604272959184,dark,False,50.14334156904238
UnripeApple,aug_0_4014.jpg,0.28712930484693877,dark,False,32.06439765975207
UnripeApple,aug_0_4023.jpg,0.234375,bright,False,56.93057132218618
UnripeApple,aug_0_4026.jpg,0.2671396683673469,dark,False,43.6076394192415
UnripeApple,aug_0_4034.jpg,0.382991868622449,dark,False,76.07641016112802
UnripeApple,aug_0_4035.jpg,0.3893295599489796,dark,False,84.75654075591429
UnripeApple,aug_0_4037.jpg,0.2009327168367347,bright,False,60.45628581303303
UnripeApple,aug_0_4040.jpg,0.32728794642857145,bright,False,33.37294883044505
UnripeApple,aug_0_4042.jpg,0.053431919642857144,dark,False,21.556722910390608
UnripeApple,aug_0_4047.jpg,0.2720224808673469,bright,False,42.147319893878866
UnripeApple,aug_0_4051.jpg,0.3681640625,dark,False,54.16505704483876
UnripeApple,aug_0_406.jpg,0.1470623405612245,bright,False,60.20550443938626
UnripeApple,aug_0_4064.jpg,0.5147680165816326,dark,False,44.64987633796153
UnripeApple,aug_0_4065.jpg,0.2933872767857143,dark,False,46.156327542708276
UnripeApple,aug_0_4088.jpg,0.493343431122449,dark,False,62.44996009581766
UnripeApple,aug_0_4090.jpg,0.4662587691326531,bright,False,53.84776626695486
UnripeApple,aug_0_4099.jpg,0.6201171875,dark,False,64.46073461566668
UnripeApple,aug_0_4119.jpg,0.12083466198979592,bright,False,73.20044946595719
UnripeApple,aug_0_412.jpg,0.5842633928571429,bright,False,49.51794657666548
UnripeApple,aug_0_4123.jpg,0.3923389668367347,dark,False,14.601344091252685
UnripeApple,aug_0_4125.jpg,0.3063815369897959,dark,False,25.735062356280974
UnripeApple,aug_0_4128.jpg,0.05921157525510204,dark,False,41.42511983049559
UnripeApple,aug_0_4132.jpg,0.42759486607142855,dark,False,38.05039055922818
UnripeApple,aug_0_4133.jpg,0.4387954400510204,bright,False,31.352108587279506
UnripeApple,aug_0_414.jpg,0.5787228954081632,bright,False,48.23890674183125
UnripeApple,aug_0_4140.jpg,0.40487484056122447,bright,False,50.90301127684645
UnripeApple,aug_0_4142.jpg,0.1419403698979592,bright,False,61.6974704392519
UnripeApple,aug_0_4144.jpg,0.3133569834183674,bright,False,62.39387829464764
UnripeApple,aug_0_415.jpg,0.23618861607142858,dark,False,34.99722071338276
UnripeApple,aug_0_4157.jpg,0.3044483418367347,bright,False,53.455111688188026
UnripeApple,aug_0_4160.jpg,0.2137874681122449,bright,False,50.554110290863754
UnripeApple,aug_0_4161.jpg,0.38767538265306123,dark,False,37.081761191618455
UnripeApple,aug_0_4167.jpg,0.25454400510204084,dark,False,43.3552829676081
UnripeApple,aug_0_4178.jpg,0.4260204081632653,bright,False,63.21285507377826
UnripeApple,aug_0_4180.jpg,0.1742267219387755,bright,False,59.44635219202945
UnripeApple,aug_0_4186.jpg,0.39821827168367346,dark,False,23.283681346986345
UnripeApple,aug_0_4187.jpg,0.20095264668367346,bright,False,62.564036212612756
UnripeApple,aug_0_4191.jpg,0.37197066326530615,dark,False,49.37920783954589
UnripeApple,aug_0_4194.jpg,0.2538464604591837,bright,False,53.644816269202835
UnripeApple,aug_0_420.jpg,0.26191804846938777,bright,False,49.68252918942193
UnripeApple,aug_0_4210.jpg,0.37109375,dark,False,47.19054329681823
UnripeApple,aug_0_4215.jpg,0.4184669961734694,bright,False,57.45363708076417
UnripeApple,aug_0_4216.jpg,0.5078922193877551,dark,False,23.663170398067795
UnripeApple,aug_0_4217.jpg,0.31821986607142855,dark,False,38.148890286326264
UnripeApple,aug_0_4221.jpg,0.2727200255102041,bright,False,52.80954970017754
UnripeApple,aug_0_4225.jpg,0.044443558673469385,dark,True,35.991289179758354
UnripeApple,aug_0_4234.jpg,0.4793726084183674,bright,False,55.40009153298519
UnripeApple,aug_0_4235.jpg,0.3361965880102041,bright,False,46.970525483494846
UnripeApple,aug_0_4237.jpg,0.33882732780612246,dark,False,58.66088557554204
UnripeApple,aug_0_4238.jpg,0.34365035076530615,bright,False,52.84006551726336
UnripeApple,aug_0_4239.jpg,0.25003985969387754,bright,False,45.58632767575646
UnripeApple,aug_0_4240.jpg,0.18698182397959184,dark,False,38.45577960520519
UnripeApple,aug_0_4242.jpg,0.34731744260204084,bright,False,53.446179338906376
UnripeApple,aug_0_4246.jpg,0.1399872448979592,dark,False,48.92959449768558
UnripeApple,aug_0_4247.jpg,0.1810028698979592,bright,False,60.96053674971287
UnripeApple,aug_0_4248.jpg,0.24766820790816327,dark,False,15.082052705383594
UnripeApple,aug_0_4259.jpg,0.140625,bright,False,47.04344335978436
UnripeApple,aug_0_4265.jpg,0.3682836415816326,bright,False,48.866072499429684
UnripeApple,aug_0_427.jpg,0.35385443239795916,dark,False,49.701158149797145
UnripeApple,aug_0_4272.jpg,0.5332230548469388,dark,False,55.17088828371478
UnripeApple,aug_0_4274.jpg,0.6004264987244898,dark,False,89.45347769570718
UnripeApple,aug_0_4288.jpg,0.18361367984693877,bright,False,44.270553876071574
UnripeApple,aug_0_4293.jpg,0.3413783482142857,dark,False,48.65900796329664
UnripeApple,aug_0_4294.jpg,0.3124402104591837,bright,False,30.42322692662316
UnripeApple,aug_0_4317.jpg,0.16661352040816327,dark,False,71.43398282752266
UnripeApple,aug_0_4318.jpg,0.3334462691326531,dark,False,2.901712500751698
UnripeApple,aug_0_4319.jpg,0.34803491709183676,dark,False,32.1474547764365
UnripeApple,aug_0_432.jpg,0.5049426020408163,bright,False,57.28442598151514
UnripeApple,aug_0_4321.jpg,0.18371332908163265,dark,False,52.74884439461579
UnripeApple,aug_0_4324.jpg,0.4055125956632653,dark,False,61.60670593070233
UnripeApple,aug_0_433.jpg,0.3399633290816326,bright,False,57.76567533949784
UnripeApple,aug_0_4333.jpg,0.44078842474489793,dark,False,65.94737354269445
UnripeApple,aug_0_4338.jpg,0.40921954719387754,bright,False,58.63149226611635
UnripeApple,aug_0_4340.jpg,0.29842952806122447,bright,False,48.362201627430345
UnripeApple,aug_0_4341.jpg,0.1319156568877551,bright,False,53.21592439062909
UnripeApple,aug_0_4342.jpg,0.3138950892857143,dark,False,58.90475253022572
UnripeApple,aug_0_4346.jpg,0.25314891581632654,dark,False,52.10006549926083
UnripeApple,aug_0_4357.jpg,0.3669483418367347,dark,False,40.74312234525372
UnripeApple,aug_0_4372.jpg,0.38388871173469385,bright,False,40.36814470953264
UnripeApple,aug_0_4374.jpg,0.3836694834183674,dark,False,63.88820302712687
UnripeApple,aug_0_4379.jpg,0.2881457270408163,dark,False,38.96631502078622
UnripeApple,aug_0_4386.jpg,0.438297193877551,dark,False,51.88504825015673
UnripeApple,aug_0_4388.jpg,0.12071508290816327,bright,False,58.28975515221689
UnripeApple,aug_0_4392.jpg,0.21894929846938777,bright,False,64.33735706441064
UnripeApple,aug_0_4398.jpg,0.3872767857142857,dark,False,40.46529282884899
UnripeApple,aug_0_4411.jpg,0.280094068877551,dark,False,46.45590884663977
UnripeApple,aug_0_4417.jpg,0.3256935586734694,dark,False,67.67093167998432
UnripeApple,aug_0_442.jpg,0.3580795599489796,bright,False,37.77927588617879
UnripeApple,aug_0_4421.jpg,0.29332748724489793,dark,False,58.347031461633584
UnripeApple,aug_0_443.jpg,0.25229193239795916,dark,False,52.21256017865724
UnripeApple,aug_0_4431.jpg,0.4912906568877551,bright,False,54.770338341903646
UnripeApple,aug_0_444.jpg,0.21416613520408162,bright,False,48.858098913773915
UnripeApple,aug_0_4447.jpg,0.37185108418367346,dark,False,69.03067819569257
UnripeApple,aug_0_4448.jpg,0.3642578125,dark,False,59.408682573309925
UnripeApple,aug_0_4456.jpg,0.08717315051020408,dark,False,32.0324023639858
UnripeApple,aug_0_4461.jpg,0.37509964923469385,bright,False,48.31188885606602
UnripeApple,aug_0_4466.jpg,0.3317123724489796,dark,False,22.89824899489079
UnripeApple,aug_0_4469.jpg,0.6357621173469388,bright,False,43.38826688417104
UnripeApple,aug_0_447.jpg,0.13277264030612246,bright,False,44.28442863269043
UnripeApple,aug_0_4470.jpg,0.5286391900510204,bright,False,67.28367213886817
UnripeApple,aug_0_4474.jpg,0.46536192602040816,dark,False,54.049422209677495
UnripeApple,aug_0_4481.jpg,0.3358577806122449,bright,False,50.27322580736617
UnripeApple,aug_0_4483.jpg,0.32288345025510207,bright,False,22.673128838568406
UnripeApple,aug_0_4486.jpg,0.47658242984693877,dark,False,55.55769627656476
UnripeApple,aug_0_4508.jpg,0.21819196428571427,dark,False,24.30134191400465
UnripeApple,aug_0_4516.jpg,0.36435746173469385,bright,False,66.75677849641752
UnripeApple,aug_0_452.jpg,0.2927096619897959,bright,False,50.40484472311099
UnripeApple,aug_0_4520.jpg,0.3278858418367347,bright,False,38.00652469336243
UnripeApple,aug_0_4538.jpg,0.46237244897959184,dark,False,57.69608293130515
UnripeApple,aug_0_454.jpg,0.23387675382653061,dark,False,43.40264246876515
UnripeApple,aug_0_4541.jpg,0.343570631377551,dark,False,60.285153023536814
UnripeApple,aug_0_4542.jpg,0.4669164540816326,bright,False,39.4577430337337
UnripeApple,aug_0_4545.jpg,0.5288982780612245,bright,False,61.015744845878125
UnripeApple,aug_0_4547.jpg,0.47482860331632654,bright,False,45.568743213493825
UnripeApple,aug_0_455.jpg,0.18510841836734693,dark,False,61.01072786439784
UnripeApple,aug_0_4550.jpg,0.8021564094387755,bright,False,58.47884380663218
UnripeApple,aug_0_4569.jpg,0.12984295280612246,dark,False,68.05020915145822
UnripeApple,aug_0_4571.jpg,0.44437579719387754,dark,False,50.82710245802821
UnripeApple,aug_0_46.jpg,0.41404257015306123,bright,False,38.75002036210622
UnripeApple,aug_0_460.jpg,0.26917251275510207,dark,False,67.4279260291501
UnripeApple,aug_0_4602.jpg,0.22751913265306123,bright,False,50.34597856966534
UnripeApple,aug_0_4610.jpg,0.16755022321428573,dark,False,13.02314040308431
UnripeApple,aug_0_4611.jpg,0.19872050382653061,bright,False,63.34882920655955
UnripeApple,aug_0_4619.jpg,0.1810028698979592,bright,False,47.38238733819656
UnripeApple,aug_0_4623.jpg,0.1201171875,dark,False,51.821475813921104
UnripeApple,aug_0_4627.jpg,0.5954639668367347,bright,False,47.96504293204736
UnripeApple,aug_0_4628.jpg,0.3685825892857143,bright,False,51.890397619080964
UnripeApple,aug_0_463.jpg,0.4552375637755102,bright,False,63.764280646130906
UnripeApple,aug_0_4630.jpg,0.19533242984693877,bright,False,53.05804039487743
UnripeApple,aug_0_4632.jpg,0.38797433035714285,bright,False,81.52489350221987
UnripeApple,aug_0_4638.jpg,0.2654655612244898,dark,False,102.50413658095538
UnripeApple,aug_0_4639.jpg,0.23903858418367346,bright,False,31.012059084497878
UnripeApple,aug_0_464.jpg,0.3524792729591837,bright,False,47.4690959984892
UnripeApple,aug_0_4651.jpg,0.21723533163265307,bright,False,50.21322691889864
UnripeApple,aug_0_4652.jpg,0.2756297831632653,dark,False,45.37763069880861
UnripeApple,aug_0_4663.jpg,0.5053611288265306,bright,False,53.60920310563059
UnripeApple,aug_0_4664.jpg,0.3790258290816326,bright,False,82.96090495807103
UnripeApple,aug_0_4673.jpg,0.44844148596938777,dark,False,39.8400530449379
UnripeApple,aug_0_4674.jpg,0.38871173469387754,dark,False,53.26456169085168
UnripeApple,aug_0_4675.jpg,0.474788743622449,bright,False,50.03923445942763
UnripeApple,aug_0_4686.jpg,0.09327168367346939,bright,False,14.47745097215917
UnripeApple,aug_0_4687.jpg,0.15740593112244897,dark,False,14.518064593471237
UnripeApple,aug_0_469.jpg,0.591179049744898,bright,False,56.450541414890466
UnripeApple,aug_0_4694.jpg,0.39652423469387754,bright,False,51.56420312795453
UnripeApple,aug_0_4695.jpg,0.5443239795918368,dark,False,59.384453944511655
UnripeApple,aug_0_470.jpg,0.16822783801020408,dark,False,42.05225866756109
UnripeApple,aug_0_4710.jpg,0.3366151147959184,dark,False,31.83361770587356
UnripeApple,aug_0_4711.jpg,0.5344587053571429,bright,False,86.71901662832317
UnripeApple,aug_0_4714.jpg,0.44931839923469385,bright,False,44.6334846089309
UnripeApple,aug_0_4716.jpg,0.2544044961734694,dark,False,32.443859241349195
UnripeApple,aug_0_4720.jpg,0.46153539540816324,bright,False,27.383567319182294
UnripeApple,aug_0_4728.jpg,0.37173150510204084,dark,False,42.83126470378303
UnripeApple,aug_0_4731.jpg,0.3660514987244898,dark,False,34.182571660443216
UnripeApple,aug_0_4736.jpg,0.47201849489795916,dark,False,60.672394480030114
UnripeApple,aug_0_4741.jpg,0.5398796237244898,bright,False,58.342073640301486
UnripeApple,aug_0_4746.jpg,0.5157246492346939,dark,False,30.627192653191855
UnripeApple,aug_0_4764.jpg,0.27646683673469385,bright,False,37.63532149019699
UnripeApple,aug_0_4769.jpg,0.4818837691326531,bright,False,70.03102986856545
UnripeApple,aug_0_4771.jpg,0.45308514030612246,bright,False,69.47164413160733
UnripeApple,aug_0_4777.jpg,0.37545838647959184,bright,False,51.78480974562788
UnripeApple,aug_0_4779.jpg,0.3016980229591837,dark,False,51.76421543240164
UnripeApple,aug_0_4780.jpg,0.2249481823979592,dark,False,37.419624674298255
UnripeApple,aug_0_4788.jpg,0.16489955357142858,bright,False,39.93753297241248
UnripeApple,aug_0_479.jpg,0.4245455994897959,bright,False,44.94810708336939
UnripeApple,aug_0_4793.jpg,0.33336654974489793,dark,False,52.79523049292723
UnripeApple,aug_0_4794.jpg,0.38685825892857145,bright,False,57.15793722917215
UnripeApple,aug_0_4799.jpg,0.20163026147959184,bright,False,56.54648893310758
UnripeApple,aug_0_4802.jpg,0.3262515943877551,dark,False,54.74634803395432
UnripeApple,aug_0_4806.jpg,0.3194953762755102,bright,False,63.6355433555019
UnripeApple,aug_0_4808.jpg,0.4218152104591837,bright,False,52.30108664750168
UnripeApple,aug_0_4809.jpg,0.10925542091836735,bright,False,60.88229429190119
UnripeApple,aug_0_4812.jpg,0.26917251275510207,bright,False,44.71114095609416
UnripeApple,aug_0_4813.jpg,0.16183035714285715,dark,False,16.608916390977516
UnripeApple,aug_0_4814.jpg,0.09371014030612244,dark,False,44.619067268785635
UnripeApple,aug_0_4817.jpg,0.7106186224489796,dark,False,61.92764126369433
UnripeApple,aug_0_4819.jpg,0.2492625956632653,dark,False,30.08081761815033
UnripeApple,aug_0_4820.jpg,0.07561383928571429,bright,False,13.91224098932127
UnripeApple,aug_0_4823.jpg,0.2833625637755102,dark,False,46.34059356778815
UnripeApple,aug_0_4827.jpg,0.36619100765306123,bright,False,62.70035972421949
UnripeApple,aug_0_4829.jpg,0.2594666772959184,dark,False,57.238359548432435
UnripeApple,aug_0_4837.jpg,0.08715322066326531,bright,False,39.86725625550622
UnripeApple,aug_0_4839.jpg,0.3139748086734694,bright,False,50.567116031741676
UnripeApple,aug_0_4843.jpg,0.12091438137755102,dark,False,48.05530416555755
UnripeApple,aug_0_4850.jpg,0.26552535076530615,dark,False,0.7586116306586836
UnripeApple,aug_0_4852.jpg,0.16755022321428573,bright,False,68.10703870111811
UnripeApple,aug_0_4861.jpg,0.20240752551020408,bright,False,44.427238902587725
UnripeApple,aug_0_4863.jpg,0.3491908482142857,dark,False,29.729303620008718
UnripeApple,aug_0_4867.jpg,0.6128427933673469,bright,False,42.2703476574661
UnripeApple,aug_0_4871.jpg,0.35624601403061223,dark,False,61.21401851129824
UnripeApple,aug_0_4875.jpg,0.18779894770408162,bright,False,69.46540696589868
UnripeApple,aug_0_4881.jpg,0.15361926020408162,bright,False,42.14577547218079
UnripeApple,aug_0_489.jpg,0.5920161033163265,bright,False,47.52880171070188
UnripeApple,aug_0_4890.jpg,0.3815967793367347,bright,False,41.13540842076818
UnripeApple,aug_0_4898.jpg,0.37400350765306123,bright,False,47.007213244840734
UnripeApple,aug_0_4899.jpg,0.4653419961734694,dark,False,69.32434219549758
UnripeApple,aug_0_490.jpg,0.46424585459183676,bright,False,50.21923347808312
UnripeApple,aug_0_4901.jpg,0.23610889668367346,bright,False,46.271005551715895
UnripeApple,aug_0_4905.jpg,0.2904775191326531,bright,False,55.541095171352424
UnripeApple,aug_0_4909.jpg,0.40433673469387754,bright,False,67.00914241547709
UnripeApple,aug_0_4922.jpg,0.5114795918367347,dark,False,42.95568110115383
UnripeApple,aug_0_4923.jpg,0.41372369260204084,dark,False,20.45074388200375
UnripeApple,aug_0_4925.jpg,0.5378268494897959,bright,False,66.62361074905961
UnripeApple,aug_0_4938.jpg,0.08719308035714286,bright,False,47.01637758009082
UnripeApple,aug_0_4947.jpg,0.3916812818877551,dark,False,59.56249758987017
UnripeApple,aug_0_4952.jpg,0.27186304209183676,dark,False,40.35816761490468
UnripeApple,aug_0_4963.jpg,0.2585299744897959,bright,False,45.9930781352701
UnripeApple,aug_0_4964.jpg,0.29245057397959184,bright,False,65.75923229956241
UnripeApple,aug_0_4968.jpg,0.12262834821428571,dark,False,51.87985773115582
UnripeApple,aug_0_4988.jpg,0.3971619897959184,dark,False,21.17686858321219
UnripeApple,aug_0_4991.jpg,0.41786910076530615,dark,False,33.84917772221868
UnripeApple,aug_0_4992.jpg,0.3673469387755102,bright,False,53.08269324333309
UnripeApple,aug_0_5002.jpg,0.5348373724489796,dark,False,37.14151705268611
UnripeApple,aug_0_5007.jpg,0.19385762117346939,bright,False,50.24884341113984
UnripeApple,aug_0_5008.jpg,0.5454001913265306,dark,False,52.83951022430119
UnripeApple,aug_0_5014.jpg,0.26696029974489793,dark,False,14.16810523884991
UnripeApple,aug_0_5016.jpg,0.29456313775510207,dark,False,43.12883900744372
UnripeApple,aug_0_5018.jpg,0.20850605867346939,dark,False,57.479905103870635
UnripeApple,aug_0_5020.jpg,0.23887914540816327,bright,False,48.17107351857586
UnripeApple,aug_0_5024.jpg,0.40660873724489793,bright,False,65.62567163854294
UnripeApple,aug_0_503.jpg,0.47373246173469385,dark,False,50.65949092794426
UnripeApple,aug_0_5045.jpg,0.32485650510204084,bright,False,53.826717260018675
UnripeApple,aug_0_5055.jpg,0.3539939413265306,dark,False,29.689521861057482
UnripeApple,aug_0_5059.jpg,0.22821667729591838,bright,False,61.71324271423284
UnripeApple,aug_0_5061.jpg,0.5223014987244898,dark,False,52.47430771820334
UnripeApple,aug_0_5063.jpg,0.21372767857142858,dark,False,64.60479719608077
UnripeApple,aug_0_5065.jpg,0.047771843112244895,dark,True,30.756637783651836
UnripeApple,aug_0_5072.jpg,0.2983298788265306,bright,False,39.717863087278126
UnripeApple,aug_0_5075.jpg,0.33858816964285715,bright,False,50.6192190202033
UnripeApple,aug_0_5077.jpg,0.47361288265306123,bright,False,53.273313208881554
UnripeApple,aug_0_5079.jpg,0.2067920918367347,bright,False,56.537014101369586
UnripeApple,aug_0_5085.jpg,0.4612364477040816,dark,False,51.204544419630885
UnripeApple,aug_0_5086.jpg,0.06825972576530612,dark,False,50.859413289995786
UnripeApple,aug_0_5096.jpg,0.3540138711734694,bright,False,48.99937326953693
UnripeApple,aug_0_510.jpg,0.17932876275510204,bright,False,56.47870257350376
UnripeApple,aug_0_5102.jpg,0.3254544005102041,bright,False,51.65717253214541
UnripeApple,aug_0_5103.jpg,0.3865593112244898,dark,False,67.3919637410213
UnripeApple,aug_0_5105.jpg,0.4230907206632653,dark,False,65.1520562660049
UnripeApple,aug_0_5106.jpg,0.3792051977040816,bright,False,47.046814510176326
UnripeApple,aug_0_5130.jpg,0.49986049107142855,dark,False,37.81343500056469
UnripeApple,aug_0_5133.jpg,0.3254544005102041,dark,False,55.02169751077753
UnripeApple,aug_0_5134.jpg,0.3741430165816326,bright,False,46.56588556966602
UnripeApple,aug_0_5141.jpg,0.3338647959183674,dark,False,63.597367716374855
UnripeApple,aug_0_5143.jpg,0.3604312818877551,dark,False,33.04401707256055
UnripeApple,aug_0_5147.jpg,0.30088089923469385,bright,False,44.1132378417635
UnripeApple,aug_0_5156.jpg,0.24888392857142858,dark,False,40.095493695884784
UnripeApple,aug_0_5157.jpg,0.20182955994897958,dark,False,34.985040508038615
UnripeApple,aug_0_516.jpg,0.42484454719387754,bright,False,59.253435306075495
UnripeApple,aug_0_5164.jpg,0.23447464923469388,bright,False,46.312793028692575
UnripeApple,aug_0_5165.jpg,0.48768335459183676,dark,False,40.672519308652205
UnripeApple,aug_0_5166.jpg,0.4712412308673469,dark,False,55.4094610997046
UnripeApple,aug_0_5172.jpg,0.14548788265306123,dark,False,4.7231378410396285
UnripeApple,aug_0_5174.jpg,0.408382493622449,bright,False,44.82918356421498
UnripeApple,aug_0_5177.jpg,0.2731385522959184,dark,False,44.70381048659804
UnripeApple,aug_0_5184.jpg,0.2478874362244898,dark,False,17.48560527178794
UnripeApple,aug_0_5186.jpg,0.1910076530612245,bright,False,47.36853937512533
UnripeApple,aug_0_5191.jpg,0.286312181122449,dark,False,36.56913210861496
UnripeApple,aug_0_5192.jpg,0.5040856186224489,bright,False,56.60342270978821
UnripeApple,aug_0_5198.jpg,0.19911910076530612,bright,False,40.51266768026805
UnripeApple,aug_0_5204.jpg,0.21619897959183673,bright,False,32.77759176889543
UnripeApple,aug_0_5209.jpg,0.09482621173469388,bright,False,55.16856295653821
UnripeApple,aug_0_5213.jpg,0.10505022321428571,bright,False,57.443147188234576
UnripeApple,aug_0_5216.jpg,0.3295400191326531,dark,False,63.62705957692856
UnripeApple,aug_0_5221.jpg,0.5456194196428571,bright,False,37.887830378429086
UnripeApple,aug_0_5226.jpg,0.38356983418367346,dark,False,60.3098761617261
UnripeApple,aug_0_523.jpg,0.07362085459183673,bright,False,59.864372614152764
UnripeApple,aug_0_5230.jpg,0.2761280293367347,dark,False,12.928369391966115
UnripeApple,aug_0_5245.jpg,0.41288663903061223,bright,False,34.30288634686265
UnripeApple,aug_0_5247.jpg,0.20075334821428573,bright,False,53.17147468861924
UnripeApple,aug_0_5250.jpg,0.5363121811224489,bright,False,99.37163316585635
UnripeApple,aug_0_5258.jpg,0.2846181441326531,bright,False,36.767460831978894
UnripeApple,aug_0_5260.jpg,0.43106265943877553,dark,False,47.20697166012089
UnripeApple,aug_0_5266.jpg,0.20555644132653061,bright,False,49.74953854650156
UnripeApple,aug_0_5269.jpg,0.24501753826530612,dark,False,58.856228810932244
UnripeApple,aug_0_5279.jpg,0.6833545918367347,bright,False,63.461014266948744
UnripeApple,aug_0_528.jpg,0.3306162308673469,bright,False,54.476252178160216
UnripeApple,aug_0_5284.jpg,0.35867745535714285,dark,False,22.79969885950372
UnripeApple,aug_0_5295.jpg,0.3198142538265306,dark,False,48.06859828104453
UnripeApple,aug_0_53.jpg,0.19780373086734693,dark,False,54.64673181864379
UnripeApple,aug_0_5302.jpg,0.5983139349489796,bright,False,54.096105567438734
UnripeApple,aug_0_5306.jpg,0.08671476403061225,dark,False,32.65066407153586
UnripeApple,aug_0_5312.jpg,0.1960499043367347,dark,False,5.374467801891027
UnripeApple,aug_0_5318.jpg,0.21669722576530612,dark,False,62.92813352270618
UnripeApple,aug_0_5321.jpg,0.15041055484693877,dark,False,57.85203043670225
UnripeApple,aug_0_5324.jpg,0.23044882015306123,dark,False,52.895523774584014
UnripeApple,aug_0_5326.jpg,0.3217673788265306,bright,False,57.49833569743355
UnripeApple,aug_0_5339.jpg,0.3051658163265306,dark,False,66.03199191865355
UnripeApple,aug_0_534.jpg,0.3844467474489796,dark,False,46.81366850032043
UnripeApple,aug_0_5342.jpg,0.2797951211734694,bright,False,48.862591973319546
UnripeApple,aug_0_5344.jpg,0.40096859056122447,bright,False,45.40970667470001
UnripeApple,aug_0_535.jpg,0.45860570790816324,dark,False,51.95982341458292
UnripeApple,aug_0_5358.jpg,0.39748086734693877,bright,False,57.86828066579317
UnripeApple,aug_0_536.jpg,0.19397720025510204,dark,False,20.439885384603176
UnripeApple,aug_0_5368.jpg,0.34297273596938777,dark,False,32.030481491550375
UnripeApple,aug_0_5373.jpg,0.40644929846938777,bright,False,52.62620273397652
UnripeApple,aug_0_5377.jpg,0.16189014668367346,bright,False,46.797461358591136
UnripeApple,aug_0_5380.jpg,0.5455596301020408,dark,False,48.80599327555435
UnripeApple,aug_0_5389.jpg,0.6496532206632653,dark,False,79.74066201433727
UnripeApple,aug_0_539.jpg,0.4369618941326531,bright,False,25.153179215170383
UnripeApple,aug_0_5392.jpg,0.1814811862244898,bright,False,39.69956892661413
UnripeApple,aug_0_5397.jpg,0.3592554209183674,bright,False,41.82753489877663
UnripeApple,aug_0_5398.jpg,0.5697743941326531,bright,False,68.45996084473482
UnripeApple,aug_0_54.jpg,0.3352598852040816,bright,False,44.85821680481513
UnripeApple,aug_0_540.jpg,0.26895328443877553,bright,False,36.55439085571813
UnripeApple,aug_0_5400.jpg,0.45838647959183676,dark,False,39.795753234672276
UnripeApple,aug_0_5401.jpg,0.5240951849489796,dark,False,43.46679838653591
UnripeApple,aug_0_5404.jpg,0.3584582270408163,bright,False,55.36192802169378
UnripeApple,aug_0_5407.jpg,0.3598732461734694,dark,False,48.204775694298284
UnripeApple,aug_0_5419.jpg,0.17861128826530612,bright,False,66.92965296055975
UnripeApple,aug_0_542.jpg,0.06255978954081633,dark,False,48.24223586844878
UnripeApple,aug_0_543.jpg,0.3724888392857143,dark,False,59.15499966119928
UnripeApple,aug_0_5434.jpg,0.2363879145408163,bright,False,47.54964301597284
UnripeApple,aug_0_5444.jpg,0.22741948341836735,dark,False,40.13810214869355
UnripeApple,aug_0_5445.jpg,0.32461734693877553,dark,False,38.26692128273354
UnripeApple,aug_0_5447.jpg,0.3520009566326531,bright,False,48.953681261788596
UnripeApple,aug_0_5457.jpg,0.22751913265306123,dark,False,33.53816312377193
UnripeApple,aug_0_5461.jpg,0.23744419642857142,bright,False,64.9997551764266
UnripeApple,aug_0_549.jpg,0.21623883928571427,bright,False,78.4389767836209
UnripeApple,aug_0_5493.jpg,0.43746014030612246,dark,False,66.67215616809797
UnripeApple,aug_0_5495.jpg,0.15555245535714285,bright,False,63.607731503422265
UnripeApple,aug_0_5496.jpg,0.2266422193877551,bright,False,55.70211745929824
UnripeApple,aug_0_5510.jpg,0.068359375,dark,False,39.5973122556919
UnripeApple,aug_0_5513.jpg,0.4860092474489796,bright,False,66.49951780791945
UnripeApple,aug_0_5514.jpg,0.2474689094387755,bright,False,50.74255688107184
UnripeApple,aug_0_5515.jpg,0.28904257015306123,dark,False,60.314275628079876
UnripeApple,aug_0_5517.jpg,0.18279655612244897,dark,False,32.38515999216053
UnripeApple,aug_0_5520.jpg,0.7660036670918368,bright,False,66.34615478326614
UnripeApple,aug_0_5527.jpg,0.3875757334183674,bright,False,43.62062514830965
UnripeApple,aug_0_5532.jpg,0.1776745854591837,bright,False,18.222602719245504
UnripeApple,aug_0_554.jpg,0.47891422193877553,bright,False,46.28431294966998
UnripeApple,aug_0_5542.jpg,0.1628467793367347,bright,False,52.709945426822514
UnripeApple,aug_0_5545.jpg,0.6748445471938775,dark,False,61.952201810872026
UnripeApple,aug_0_555.jpg,0.23873963647959184,bright,False,52.88472276745535
UnripeApple,aug_0_5558.jpg,0.4384167729591837,bright,False,50.079001346417215
UnripeApple,aug_0_5561.jpg,0.5776466836734694,dark,False,68.83086798595095
UnripeApple,aug_0_5569.jpg,0.6514269770408163,dark,False,20.97583404952869
UnripeApple,aug_0_5573.jpg,0.4755062181122449,bright,False,49.527149629150784
UnripeApple,aug_0_5580.jpg,0.3165656887755102,dark,False,71.99038305261536
UnripeApple,aug_0_5581.jpg,0.7221779336734694,dark,False,63.00283105363207
UnripeApple,aug_0_5586.jpg,0.3803212691326531,bright,False,43.71310329627496
UnripeApple,aug_0_5599.jpg,0.09105947066326531,dark,False,47.826402992534575
UnripeApple,aug_0_560.jpg,0.37205038265306123,bright,False,47.70207401478927
UnripeApple,aug_0_5604.jpg,0.19543207908163265,bright,False,47.68562394326492
UnripeApple,aug_0_5608.jpg,0.39319595025510207,dark,False,33.02059079777397
UnripeApple,aug_0_5611.jpg,0.6417610012755102,dark,False,52.43629232659372
UnripeApple,aug_0_5612.jpg,0.20039461096938777,bright,False,53.45701499610087
UnripeApple,aug_0_5616.jpg,0.24816645408163265,bright,False,58.909074673221056
UnripeApple,aug_0_5619.jpg,0.27200255102040816,dark,False,63.531285552722316
UnripeApple,aug_0_563.jpg,0.5139508928571429,bright,False,53.451755051891354
UnripeApple,aug_0_5636.jpg,0.26028380102040816,dark,False,4.155890506634257
UnripeApple,aug_0_5637.jpg,0.33242984693877553,dark,False,40.93497938122311
UnripeApple,aug_0_5640.jpg,0.32186702806122447,dark,False,56.67750373190432
UnripeApple,aug_0_5644.jpg,0.3407405931122449,dark,False,22.76535675531191
UnripeApple,aug_0_5645.jpg,0.3598533163265306,dark,False,33.98410449820737
UnripeApple,aug_0_5656.jpg,0.45603475765306123,bright,False,47.97373367842737
UnripeApple,aug_0_5669.jpg,0.3151705994897959,bright,False,49.59232085615063
UnripeApple,aug_0_5677.jpg,0.10518973214285714,dark,False,50.32453310057851
UnripeApple,aug_0_5678.jpg,0.1260363520408163,dark,False,47.09137536348934
UnripeApple,aug_0_5682.jpg,0.2972935267857143,dark,False,72.16378028887912
UnripeApple,aug_0_5684.jpg,0.17946827168367346,dark,False,99.74179125870654
UnripeApple,aug_0_5689.jpg,0.4175502232142857,bright,False,46.18166396393159
UnripeApple,aug_0_5692.jpg,0.2298309948979592,bright,False,72.65570156101586
UnripeApple,aug_0_5695.jpg,0.20290577168367346,dark,False,70.41455433071594
UnripeApple,aug_0_5700.jpg,0.20537707270408162,dark,False,34.4893379480007
UnripeApple,aug_0_5702.jpg,0.13952885841836735,dark,False,44.222261898819795
UnripeApple,aug_0_5710.jpg,0.07842394770408163,dark,False,73.49522822182605
UnripeApple,aug_0_5712.jpg,0.20713089923469388,bright,False,55.658045711490594
UnripeApple,aug_0_5717.jpg,0.1631457270408163,bright,False,37.05619327100438
UnripeApple,aug_0_5719.jpg,0.46231265943877553,bright,False,60.149342773390664
UnripeApple,aug_0_572.jpg,0.18704161352040816,dark,False,52.22090275288971
UnripeApple,aug_0_5721.jpg,0.17759486607142858,bright,False,40.40613027178424
UnripeApple,aug_0_5722.jpg,0.30725845025510207,bright,False,42.486810184710684
UnripeApple,aug_0_5724.jpg,0.6733498086734694,bright,False,57.35261484012093
UnripeApple,aug_0_573.jpg,0.5155452806122449,bright,False,67.47375657422897
UnripeApple,aug_0_5730.jpg,0.24940210459183673,bright,False,60.68460060104442
UnripeApple,aug_0_5731.jpg,0.21855070153061223,dark,False,44.160232857490996
UnripeApple,aug_0_5732.jpg,0.4141222895408163,dark,False,39.09121739583333
UnripeApple,aug_0_5744.jpg,0.4791733099489796,bright,False,47.52656562345354
UnripeApple,aug_0_5755.jpg,0.1044921875,bright,False,50.63743783188636
UnripeApple,aug_0_5756.jpg,0.14188058035714285,dark,False,45.6179698204842
UnripeApple,aug_0_5757.jpg,0.3273078762755102,dark,False,60.52422932026417
UnripeApple,aug_0_576.jpg,0.31863839285714285,dark,False,40.74786014030929
UnripeApple,aug_0_5762.jpg,0.44740513392857145,bright,False,47.26202667942906
UnripeApple,aug_0_5772.jpg,0.23774314413265307,bright,False,49.625688311163636
UnripeApple,aug_0_5777.jpg,0.31825972576530615,dark,False,28.49470779649161
UnripeApple,aug_0_5789.jpg,0.44834183673469385,bright,False,45.014057040651494
UnripeApple,aug_0_5792.jpg,0.18488919005102042,dark,False,53.72054378706841
UnripeApple,aug_0_5801.jpg,0.24705038265306123,dark,False,75.32376181643373
UnripeApple,aug_0_5803.jpg,0.4411471619897959,bright,False,72.01751387036514
UnripeApple,aug_0_5806.jpg,0.35022720025510207,bright,False,42.28352498933276
UnripeApple,aug_0_581.jpg,0.11535395408163265,bright,False,46.31332607607376
UnripeApple,aug_0_5811.jpg,0.5018933354591837,bright,False,44.5805007794389
UnripeApple,aug_0_5817.jpg,0.3467394770408163,dark,False,58.13603215389379
UnripeApple,aug_0_5819.jpg,0.19040975765306123,dark,False,32.06795031327848
UnripeApple,aug_0_5828.jpg,0.1580436862244898,dark,False,69.03326878944368
UnripeApple,aug_0_583.jpg,0.32724808673469385,dark,False,47.591798871322176
UnripeApple,aug_0_5835.jpg,0.5102240114795918,dark,False,42.13644107731016
UnripeApple,aug_0_5836.jpg,0.13592155612244897,dark,False,67.99909939560001
UnripeApple,aug_0_5842.jpg,0.29593829719387754,dark,False,57.75613295940499
UnripeApple,aug_0_585.jpg,0.3584582270408163,dark,False,0.9911037397078836
UnripeApple,aug_0_5857.jpg,0.3159080038265306,dark,False,61.55420887562516
UnripeApple,aug_0_5858.jpg,0.26988998724489793,dark,False,18.466448491002527
UnripeApple,aug_0_5861.jpg,0.054807079081632654,dark,False,27.599842826786666
UnripeApple,aug_0_5862.jpg,0.29392538265306123,dark,False,10.335694283589257
UnripeApple,aug_0_5866.jpg,0.26034359056122447,bright,False,46.34645983691336
UnripeApple,aug_0_5869.jpg,0.5953842474489796,dark,False,43.954952395594574
UnripeApple,aug_0_587.jpg,0.299984056122449,dark,False,45.45992429776013
UnripeApple,aug_0_5870.jpg,0.45713089923469385,dark,False,43.20660499150981
UnripeApple,aug_0_5875.jpg,0.5444036989795918,dark,False,69.07769181508647
UnripeApple,aug_0_5882.jpg,0.10411352040816327,dark,False,54.64367953444728
UnripeApple,aug_0_5889.jpg,0.19608976403061223,bright,False,60.76868105840449
UnripeApple,aug_0_5896.jpg,0.3724888392857143,dark,False,45.53437294823211
UnripeApple,aug_0_5898.jpg,0.4094985650510204,bright,False,52.798569823469535
UnripeApple,aug_0_5911.jpg,0.5206074617346939,bright,False,40.169850776538205
UnripeApple,aug_0_5912.jpg,0.19481425382653061,bright,False,49.0543911865966
UnripeApple,aug_0_5913.jpg,0.5528140943877551,dark,False,46.102720454061405
UnripeApple,aug_0_5916.jpg,0.5303930165816326,dark,False,53.326427815725
UnripeApple,aug_0_5917.jpg,0.2090441645408163,bright,False,46.84084717493374
UnripeApple,aug_0_5920.jpg,0.14225924744897958,bright,False,42.033017869223784
UnripeApple,aug_0_5929.jpg,0.19672751913265307,bright,False,74.2019982874446
UnripeApple,aug_0_5938.jpg,0.4931042729591837,dark,False,45.35246436660842
UnripeApple,aug_0_594.jpg,0.38179607780612246,bright,False,61.25052034627828
UnripeApple,aug_0_5949.jpg,0.33498086734693877,dark,False,63.222015893920194
UnripeApple,aug_0_595.jpg,0.5510204081632653,dark,False,57.554137201206494
UnripeApple,aug_0_5950.jpg,0.2805125956632653,bright,False,38.98454601793359
UnripeApple,aug_0_5952.jpg,0.470523756377551,dark,False,55.914761892311255
UnripeApple,aug_0_5963.jpg,0.28964046556122447,dark,False,67.89736535779757
UnripeApple,aug_0_5968.jpg,0.19429607780612246,dark,False,11.90572436211315
UnripeApple,aug_0_5970.jpg,0.47861527423469385,dark,False,57.08545626931821
UnripeApple,aug_0_5983.jpg,0.23100685586734693,bright,False,16.095862907901736
UnripeApple,aug_0_5987.jpg,0.1766780931122449,dark,False,43.133703818798885
UnripeApple,aug_0_5989.jpg,0.19120695153061223,bright,False,48.19287518321179
UnripeApple,aug_0_5995.jpg,0.2041812818877551,dark,False,53.032687793249146
UnripeApple,aug_0_6003.jpg,0.5086096938775511,dark,False,72.28862004178508
UnripeApple,aug_0_6022.jpg,0.22600446428571427,bright,False,51.81896175513665
UnripeApple,aug_0_6024.jpg,0.8920798788265306,bright,False,70.09004445780369
UnripeApple,aug_0_6033.jpg,0.20880500637755103,dark,False,57.749262252154494
UnripeApple,aug_0_6034.jpg,0.2846580038265306,dark,False,11.481575777784089
UnripeApple,aug_0_6050.jpg,0.14108338647959184,bright,False,84.68459605195885
UnripeApple,aug_0_6053.jpg,0.40220424107142855,dark,False,71.83383677147815
UnripeApple,aug_0_6060.jpg,0.5360331632653061,dark,False,52.735679889811536
UnripeApple,aug_0_6061.jpg,0.19581074617346939,dark,False,88.47898239893483
UnripeApple,aug_0_6062.jpg,0.18160076530612246,bright,False,34.81559840531781
UnripeApple,aug_0_6065.jpg,0.13936941964285715,dark,False,52.020166538948615
UnripeApple,aug_0_6071.jpg,0.20667251275510204,bright,False,82.16411273104377
UnripeApple,aug_0_6075.jpg,0.3789859693877551,dark,False,37.740530538103044
UnripeApple,aug_0_6077.jpg,0.35728236607142855,dark,False,15.209061292305227
UnripeApple,aug_0_6082.jpg,0.22189891581632654,bright,False,19.03431832803336
UnripeApple,aug_0_6085.jpg,0.46470424107142855,bright,False,44.720495048423345
UnripeApple,aug_0_6097.jpg,0.4133250956632653,bright,False,37.00754557171958
UnripeApple,aug_0_6107.jpg,0.1519451530612245,dark,False,16.19143423701296
UnripeApple,aug_0_6110.jpg,0.21342873086734693,dark,False,47.989374963251315
UnripeApple,aug_0_6118.jpg,0.4480030293367347,dark,False,60.88995227331565
UnripeApple,aug_0_6119.jpg,0.5900231186224489,dark,False,58.028444540980935
UnripeApple,aug_0_6135.jpg,0.31441326530612246,dark,False,33.27617619363501
UnripeApple,aug_0_6148.jpg,0.36485570790816324,bright,False,56.57531643165672
UnripeApple,aug_0_6150.jpg,0.4709622130102041,bright,False,66.26504325020491
UnripeApple,aug_0_6153.jpg,0.2532485650510204,dark,False,62.0816253444998
UnripeApple,aug_0_6156.jpg,0.4624123086734694,dark,False,58.50808958214944
UnripeApple,aug_0_6166.jpg,0.5754743303571429,bright,False,46.315650191125144
UnripeApple,aug_0_6167.jpg,0.4809669961734694,bright,False,52.8735912271149
UnripeApple,aug_0_6169.jpg,0.5936702806122449,bright,False,101.05375088680402
UnripeApple,aug_0_6171.jpg,0.4020248724489796,bright,False,43.7828700892695
UnripeApple,aug_0_6175.jpg,0.31204161352040816,bright,False,50.88115727127803
UnripeApple,aug_0_618.jpg,0.18568638392857142,bright,False,44.81922779197526
UnripeApple,aug_0_6189.jpg,0.15124760841836735,dark,False,45.38424488721671
UnripeApple,aug_0_6190.jpg,0.19608976403061223,bright,False,49.78474573141549
UnripeApple,aug_0_6193.jpg,0.256656568877551,bright,False,59.48240675913754
UnripeApple,aug_0_6219.jpg,0.25930723852040816,dark,False,50.8229181742204
UnripeApple,aug_0_6226.jpg,0.10608657525510204,dark,False,50.54481434488667
UnripeApple,aug_0_6233.jpg,0.19154575892857142,bright,False,37.78224826534745
UnripeApple,aug_0_6235.jpg,0.4225526147959184,dark,False,24.862276918123808
UnripeApple,aug_0_6242.jpg,0.3981186224489796,bright,False,44.41847175740559
UnripeApple,aug_0_6244.jpg,0.2053172831632653,dark,False,70.640521059134
UnripeApple,aug_0_6252.jpg,0.23995535714285715,bright,False,54.15684533109072
UnripeApple,aug_0_6255.jpg,0.3973812181122449,dark,False,40.928140364062216
UnripeApple,aug_0_6256.jpg,0.13733657525510204,dark,False,1.5354152217646444
UnripeApple,aug_0_6258.jpg,0.40890066964285715,dark,False,10.420438355120735
UnripeApple,aug_0_626.jpg,0.1096938775510204,dark,False,43.72335268541011
UnripeApple,aug_0_6277.jpg,0.39205994897959184,bright,False,49.717472244519776
UnripeApple,aug_0_6279.jpg,0.1613719706632653,dark,False,0.43546758910848654
UnripeApple,aug_0_6280.jpg,0.37709263392857145,bright,False,46.23426434197467
UnripeApple,aug_0_6282.jpg,0.5524952168367347,bright,False,76.43580662619148
UnripeApple,aug_0_6288.jpg,0.11194595025510204,dark,False,50.05291728920298
UnripeApple,aug_0_6301.jpg,0.3544323979591837,dark,False,40.11856155264527
UnripeApple,aug_0_6304.jpg,0.12629544005102042,bright,False,40.51981489088069
UnripeApple,aug_0_6322.jpg,0.3715919961734694,dark,False,57.9447452471346
UnripeApple,aug_0_6325.jpg,0.07433832908163265,dark,False,17.608845783737753
UnripeApple,aug_0_6326.jpg,0.18108258928571427,dark,False,56.56533216205418
UnripeApple,aug_0_6333.jpg,0.5284996811224489,bright,False,39.98483431995455
UnripeApple,aug_0_6341.jpg,0.3734654017857143,dark,False,36.679851738060805
UnripeApple,aug_0_6349.jpg,0.1848094706632653,bright,False,44.96466380558513
UnripeApple,aug_0_6355.jpg,0.21659757653061223,bright,False,77.4437071995672
UnripeApple,aug_0_636.jpg,0.5383649553571429,bright,False,43.548382248723776
UnripeApple,aug_0_6362.jpg,0.5974170918367347,dark,False,48.47953478231605
UnripeApple,aug_0_6368.jpg,0.26973054846938777,bright,False,53.21850733699099
UnripeApple,aug_0_6369.jpg,0.567024075255102,bright,False,70.26423224742886
UnripeApple,aug_0_6386.jpg,0.3687220982142857,dark,False,27.110805563535717
UnripeApple,aug_0_639.jpg,0.2167370854591837,bright,False,66.27009332583289
UnripeApple,aug_0_6391.jpg,0.37673389668367346,dark,False,15.858243289427255
UnripeApple,aug_0_6399.jpg,0.31533003826530615,dark,False,39.35926909002856
UnripeApple,aug_0_6403.jpg,0.3223852040816326,bright,False,69.27855349829464
UnripeApple,aug_0_641.jpg,0.3501674107142857,bright,False,69.73877372789529
UnripeApple,aug_0_6410.jpg,0.35152264030612246,bright,False,47.4171059872501
UnripeApple,aug_0_6411.jpg,0.3038703762755102,dark,False,89.79417026019877
UnripeApple,aug_0_6412.jpg,0.392578125,bright,False,48.82394481715034
UnripeApple,aug_0_6417.jpg,0.4121691645408163,bright,False,54.49926928441431
UnripeApple,aug_0_6421.jpg,0.13147720025510204,dark,False,69.11332517556592
UnripeApple,aug_0_6422.jpg,0.18550701530612246,dark,False,47.379196269399586
UnripeApple,aug_0_6424.jpg,0.34634088010204084,bright,False,45.15056490791807
UnripeApple,aug_0_6427.jpg,0.3052455357142857,bright,False,54.209180770735124
UnripeApple,aug_0_643.jpg,0.344547193877551,bright,False,56.720092274255194
UnripeApple,aug_0_6432.jpg,0.30781648596938777,bright,False,54.01319493546918
UnripeApple,aug_0_6435.jpg,0.47299505739795916,bright,False,68.89514204825129
UnripeApple,aug_0_6438.jpg,0.06702407525510204,dark,False,49.776276922481095
UnripeApple,aug_0_644.jpg,0.23140545280612246,dark,False,37.43309775282702
UnripeApple,aug_0_6444.jpg,0.3018375318877551,bright,False,58.76503429859023
UnripeApple,aug_0_6446.jpg,0.35678411989795916,dark,False,34.355582050309344
UnripeApple,aug_0_6454.jpg,0.2489636479591837,bright,False,61.185428674763806
UnripeApple,aug_0_6464.jpg,0.15626992984693877,bright,False,40.28687531948098
UnripeApple,aug_0_6469.jpg,0.3155492665816326,dark,False,5.7579423852787945
UnripeApple,aug_0_6476.jpg,0.21741470025510204,dark,False,40.580405181333326
UnripeApple,aug_0_6483.jpg,0.3827527104591837,dark,False,43.19822182031501
UnripeApple,aug_0_6484.jpg,0.3114038584183674,bright,False,39.009022684464895
UnripeApple,aug_0_6485.jpg,0.49459901147959184,bright,False,45.270274545257045
UnripeApple,aug_0_6490.jpg,0.26755819515306123,dark,False,24.16636899727568
UnripeApple,aug_0_6495.jpg,0.20740991709183673,bright,False,36.15440335479752
UnripeApple,aug_0_6496.jpg,0.2564174107142857,bright,False,62.35376466203985
UnripeApple,aug_0_6503.jpg,0.08671476403061225,dark,False,54.917988363166025
UnripeApple,aug_0_6507.jpg,0.3461415816326531,bright,False,67.74663349790013
UnripeApple,aug_0_6512.jpg,0.33492107780612246,bright,False,46.23805163920847
UnripeApple,aug_0_6528.jpg,0.1891143176020408,dark,False,44.92850734253102
UnripeApple,aug_0_653.jpg,0.3016980229591837,bright,False,40.26547401462307
UnripeApple,aug_0_6531.jpg,0.6708585778061225,bright,False,55.21468520571393
UnripeApple,aug_0_6536.jpg,0.2916733099489796,dark,False,49.4641467842396
UnripeApple,aug_0_6540.jpg,0.10873724489795919,dark,False,55.08382888870252
UnripeApple,aug_0_6548.jpg,0.40882095025510207,dark,False,48.19609490270366
UnripeApple,aug_0_6555.jpg,0.1856066645408163,bright,False,62.16173427208455
UnripeApple,aug_0_6571.jpg,0.35604671556122447,dark,False,60.28158850097079
UnripeApple,aug_0_6577.jpg,0.49141023596938777,bright,False,56.36961611093693
UnripeApple,aug_0_658.jpg,0.3676060267857143,bright,False,50.56616425841772
UnripeApple,aug_0_6584.jpg,0.5120974170918368,dark,False,42.05726978875259
UnripeApple,aug_0_6588.jpg,0.20051419005102042,dark,False,74.94864925909363
UnripeApple,aug_0_6589.jpg,0.4440170599489796,bright,False,45.17071851868417
UnripeApple,aug_0_6591.jpg,0.3274075255102041,dark,False,54.3020367317726
UnripeApple,aug_0_6603.jpg,0.33254942602040816,bright,False,37.209765210970254
UnripeApple,aug_0_6608.jpg,0.4095982142857143,bright,False,52.55013911680468
UnripeApple,aug_0_6609.jpg,0.2293327487244898,dark,False,17.92328967243144
UnripeApple,aug_0_6613.jpg,0.5397002551020408,bright,False,55.914759083598604
UnripeApple,aug_0_6614.jpg,0.4142219387755102,bright,False,48.98159811430512
UnripeApple,aug_0_6616.jpg,0.3383091517857143,bright,False,36.75183162283553
UnripeApple,aug_0_662.jpg,0.2963966836734694,bright,False,49.692574166934484
UnripeApple,aug_0_6620.jpg,0.1627471301020408,bright,False,61.73367349550034
UnripeApple,aug_0_6621.jpg,0.21669722576530612,dark,False,29.804727268353968
UnripeApple,aug_0_6630.jpg,0.5774673150510204,bright,False,79.6292726216026
UnripeApple,aug_0_6646.jpg,0.34159757653061223,dark,False,50.397499963696966
UnripeApple,aug_0_6649.jpg,0.4644252232142857,dark,False,49.008942408072805
UnripeApple,aug_0_6651.jpg,0.3107063137755102,bright,False,63.23914666027471
UnripeApple,aug_0_6655.jpg,0.19656808035714285,dark,False,58.15824316244545
UnripeApple,aug_0_6658.jpg,0.6503109056122449,dark,False,43.09998203892098
UnripeApple,aug_0_6659.jpg,0.11933992346938775,bright,False,68.08700353317725
UnripeApple,aug_0_6670.jpg,0.08452248086734694,dark,False,45.6143243731799
UnripeApple,aug_0_6672.jpg,0.43466996173469385,dark,False,45.26306370494763
UnripeApple,aug_0_6675.jpg,0.46518255739795916,bright,False,40.026125395391055
UnripeApple,aug_0_6683.jpg,0.05990911989795918,dark,False,25.08309733472714
UnripeApple,aug_0_6686.jpg,0.20796795280612246,bright,False,57.941032194824174
UnripeApple,aug_0_669.jpg,0.3910435267857143,dark,False,65.41159231793758
UnripeApple,aug_0_6690.jpg,0.24563536352040816,bright,False,79.94035795503326
UnripeApple,aug_0_6695.jpg,0.35582748724489793,dark,False,54.106214575954276
UnripeApple,aug_0_6700.jpg,0.5287986288265306,dark,False,53.92334295032027
UnripeApple,aug_0_6709.jpg,0.3047472895408163,dark,False,24.76492022636602
UnripeApple,aug_0_6712.jpg,0.09630102040816327,dark,False,40.5475454021955
UnripeApple,aug_0_6716.jpg,0.5531329719387755,bright,False,63.79271763379498
UnripeApple,aug_0_6718.jpg,0.18275669642857142,dark,False,48.20136983224529
UnripeApple,aug_0_6724.jpg,0.10740194515306123,dark,False,45.071092664115945
UnripeApple,aug_0_6729.jpg,0.12430245535714286,bright,False,61.21940322098646
UnripeApple,aug_0_6730.jpg,0.21580038265306123,bright,False,39.277719373059576
UnripeApple,aug_0_6732.jpg,0.33890704719387754,dark,False,38.24957015290241
UnripeApple,aug_0_6736.jpg,0.45944276147959184,bright,False,61.01987319156658
UnripeApple,aug_0_6740.jpg,0.2132294323979592,bright,False,61.5402025799442
UnripeApple,aug_0_6743.jpg,0.42930883290816324,bright,False,61.52574945661053
UnripeApple,aug_0_6746.jpg,0.317562181122449,dark,False,36.529077366128064
UnripeApple,aug_0_6747.jpg,0.35899633290816324,dark,False,53.89058273358224
UnripeApple,aug_0_6749.jpg,0.12531887755102042,dark,False,36.611907524482895
UnripeApple,aug_0_6751.jpg,0.1414421237244898,dark,False,48.135842888679065
UnripeApple,aug_0_6754.jpg,0.44140625,dark,False,55.5898976217991
UnripeApple,aug_0_6757.jpg,0.08254942602040816,dark,False,31.40451366647009
UnripeApple,aug_0_6758.jpg,0.31301817602040816,bright,False,34.70060341152067
UnripeApple,aug_0_6764.jpg,0.5721659757653061,dark,False,72.36474059690777
UnripeApple,aug_0_6766.jpg,0.37486049107142855,bright,False,37.0283233598221
UnripeApple,aug_0_6769.jpg,0.1810028698979592,bright,False,49.46693567460266
UnripeApple,aug_0_6771.jpg,0.28798628826530615,dark,False,39.09458495289308
UnripeApple,aug_0_6774.jpg,0.26426977040816324,dark,False,54.10733497254774
UnripeApple,aug_0_6781.jpg,0.1553531568877551,bright,False,44.19516486627526
UnripeApple,aug_0_6782.jpg,0.14568718112244897,dark,False,50.28905697416328
UnripeApple,aug_0_6783.jpg,0.5627989477040817,dark,False,61.280528576412394
UnripeApple,aug_0_6789.jpg,0.43281648596938777,dark,False,50.37514223053632
UnripeApple,aug_0_679.jpg,0.305843431122449,dark,False,0.8489526160212484
UnripeApple,aug_0_6806.jpg,0.24802694515306123,dark,False,54.29721583188593
UnripeApple,aug_0_6811.jpg,0.5094268176020408,dark,False,61.19802594536063
UnripeApple,aug_0_6821.jpg,0.18191964285714285,bright,False,38.4967326776314
UnripeApple,aug_0_6825.jpg,0.2177734375,dark,False,49.2431762902708
UnripeApple,aug_0_6826.jpg,0.3768335459183674,bright,False,51.12938199818362
UnripeApple,aug_0_6828.jpg,0.2660634566326531,bright,False,69.12978767990836
UnripeApple,aug_0_6844.jpg,0.2517936862244898,dark,False,0.9661003229216863
UnripeApple,aug_0_6852.jpg,0.30911192602040816,dark,False,35.438143113727115
UnripeApple,aug_0_6853.jpg,0.5268455038265306,bright,False,38.62828056758763
UnripeApple,aug_0_6855.jpg,0.33077566964285715,bright,False,42.92308357271713
UnripeApple,aug_0_6865.jpg,0.22319435586734693,bright,False,33.527391763910714
UnripeApple,aug_0_687.jpg,0.1005062181122449,bright,False,35.38659901141668
UnripeApple,aug_0_6870.jpg,0.45934311224489793,bright,False,57.15078804193664
UnripeApple,aug_0_6871.jpg,0.455257493622449,bright,False,50.75017402693393
UnripeApple,aug_0_6887.jpg,0.3204719387755102,bright,False,39.32700177598162
UnripeApple,aug_0_689.jpg,0.26622289540816324,bright,False,43.336006612719636
UnripeApple,aug_0_6892.jpg,0.45469945790816324,dark,False,42.58054827831882
UnripeApple,aug_0_6893.jpg,0.0850406568877551,dark,False,59.2826113743071
UnripeApple,aug_0_6894.jpg,0.12559789540816327,bright,False,63.98795930260567
UnripeApple,aug_0_69.jpg,0.10518973214285714,dark,False,0.06455812412166335
UnripeApple,aug_0_6900.jpg,0.2754504145408163,dark,False,56.28068105998133
UnripeApple,aug_0_6901.jpg,0.6725924744897959,dark,False,49.752084135886356
UnripeApple,aug_0_6910.jpg,0.5935507015306123,dark,False,72.12385912677188
UnripeApple,aug_0_6923.jpg,0.5395208864795918,bright,False,62.61384703725046
UnripeApple,aug_0_6927.jpg,0.4445950255102041,dark,False,50.96175598324486
UnripeApple,aug_0_6936.jpg,0.24457908163265307,dark,False,17.052455342949603
UnripeApple,aug_0_6938.jpg,0.29783163265306123,dark,False,36.06527974117655
UnripeApple,aug_0_6941.jpg,0.3004623724489796,bright,False,31.219531942430134
UnripeApple,aug_0_6945.jpg,0.1719347895408163,dark,False,68.52468288124062
UnripeApple,aug_0_6948.jpg,0.24679129464285715,dark,False,3.0891931340427923
UnripeApple,aug_0_6951.jpg,0.35463169642857145,dark,False,36.44896284866356
UnripeApple,aug_0_6954.jpg,0.3862404336734694,bright,False,53.188817604840665
UnripeApple,aug_0_6962.jpg,0.36423788265306123,bright,False,70.88672569320748
UnripeApple,aug_0_6963.jpg,0.2259845344387755,dark,False,39.66799076558394
UnripeApple,aug_0_6979.jpg,0.5768096301020408,dark,False,78.12930357665387
UnripeApple,aug_0_6985.jpg,0.19959741709183673,dark,False,23.3854316049855
UnripeApple,aug_0_6989.jpg,0.37412308673469385,dark,False,46.76219281677077
UnripeApple,aug_0_6992.jpg,0.34145806760204084,dark,False,50.818095928611534
UnripeApple,aug_0_6994.jpg,0.4317203443877551,dark,False,26.146237649042124
UnripeApple,aug_0_6998.jpg,0.2802734375,dark,False,35.09165506050481
UnripeApple,aug_0_6999.jpg,0.6055484693877551,dark,False,44.235428678512115
UnripeApple,aug_0_7009.jpg,0.6636041135204082,bright,False,68.37635644548222
UnripeApple,aug_0_7013.jpg,0.15758529974489796,bright,False,60.68520828790708
UnripeApple,aug_0_7018.jpg,0.2294921875,dark,False,27.130095644895963
UnripeApple,aug_0_7020.jpg,0.4458107461734694,bright,False,61.454535599867256
UnripeApple,aug_0_7027.jpg,0.2502989477040816,bright,False,56.074084046595026
UnripeApple,aug_0_7045.jpg,0.37161192602040816,bright,False,44.16352488669718
UnripeApple,aug_0_7048.jpg,0.3648158482142857,dark,False,61.75487911396355
UnripeApple,aug_0_706.jpg,0.2013313137755102,bright,False,51.52843674722546
UnripeApple,aug_0_7063.jpg,0.291194993622449,bright,False,48.81983607415928
UnripeApple,aug_0_7065.jpg,0.12224968112244898,dark,False,107.52250424094528
UnripeApple,aug_0_7078.jpg,0.3333067602040816,dark,False,49.286353468476875
UnripeApple,aug_0_7081.jpg,0.48794244260204084,dark,False,30.748675686757025
UnripeApple,aug_0_7082.jpg,0.1758609693877551,dark,False,48.24879296932062
UnripeApple,aug_0_7084.jpg,0.4499362244897959,dark,False,57.59004855218438
UnripeApple,aug_0_7088.jpg,0.2741151147959184,bright,False,70.86594937773744
UnripeApple,aug_0_7093.jpg,0.23800223214285715,bright,False,11.36830149989803
UnripeApple,aug_0_7106.jpg,0.5046037946428571,bright,False,65.41591228817008
UnripeApple,aug_0_7107.jpg,0.3020567602040816,bright,False,37.42543174842087
UnripeApple,aug_0_711.jpg,0.2723812181122449,dark,False,7.188797172372393
UnripeApple,aug_0_7114.jpg,0.20910395408163265,dark,False,53.37603965710793
UnripeApple,aug_0_7119.jpg,0.4419044961734694,dark,False,51.26751766218798
UnripeApple,aug_0_7123.jpg,0.3191764987244898,dark,False,55.49513713825644
UnripeApple,aug_0_7126.jpg,0.3615872130102041,bright,False,57.47086300158687
UnripeApple,aug_0_7127.jpg,0.23505261479591838,dark,False,65.27928347774248
UnripeApple,aug_0_7135.jpg,0.2136280293367347,bright,False,52.034574461211264
UnripeApple,aug_0_714.jpg,0.07455755739795919,dark,False,32.057402231458894
UnripeApple,aug_0_7142.jpg,0.09845344387755102,bright,False,59.59723861521519
UnripeApple,aug_0_7144.jpg,0.16709183673469388,bright,False,52.207945782773585
UnripeApple,aug_0_7147.jpg,0.2557397959183674,bright,False,57.79117415911555
UnripeApple,aug_0_7150.jpg,0.2819674744897959,bright,False,56.434926772122886
UnripeApple,aug_0_7153.jpg,0.39650430484693877,dark,False,79.14585661687373
UnripeApple,aug_0_7159.jpg,0.2865513392857143,dark,False,56.10996811557163
UnripeApple,aug_0_7161.jpg,0.09492586096938775,bright,False,14.022171332908238
UnripeApple,aug_0_7163.jpg,0.4616549744897959,bright,False,47.8107290855671
UnripeApple,aug_0_7164.jpg,0.14853714923469388,bright,False,56.491368804487614
UnripeApple,aug_0_7172.jpg,0.6702407525510204,dark,False,62.27800561519058
UnripeApple,aug_0_7182.jpg,0.13095902423469388,bright,False,64.92507482621937
UnripeApple,aug_0_7189.jpg,0.31387515943877553,dark,False,0.9801421946079283
UnripeApple,aug_0_7191.jpg,0.29081632653061223,bright,False,71.61709731064907
UnripeApple,aug_0_7194.jpg,0.4803491709183674,bright,False,59.101391569646445
UnripeApple,aug_0_7197.jpg,0.21946747448979592,dark,False,43.67790549296259
UnripeApple,aug_0_7199.jpg,0.27584901147959184,bright,False,61.07745026122601
UnripeApple,aug_0_720.jpg,0.28772720025510207,dark,False,108.99527620125436
UnripeApple,aug_0_7204.jpg,0.22819674744897958,bright,False,53.65245389385149
UnripeApple,aug_0_7209.jpg,0.17827248086734693,bright,False,58.99110284248324
UnripeApple,aug_0_7213.jpg,0.2866709183673469,bright,False,45.41170737148611
UnripeApple,aug_0_7214.jpg,0.2731186224489796,dark,False,18.132145102451975
UnripeApple,aug_0_722.jpg,0.4085220025510204,dark,False,38.45066085071772
UnripeApple,aug_0_7241.jpg,0.29683514030612246,dark,False,19.413638163854714
UnripeApple,aug_0_7244.jpg,0.5050821109693877,dark,False,17.096635326217413
UnripeApple,aug_0_7249.jpg,0.4649633290816326,bright,False,26.605288376746852
UnripeApple,aug_0_725.jpg,0.19941804846938777,bright,False,60.8914733958793
UnripeApple,aug_0_7262.jpg,0.3062021683673469,dark,False,4.841078840653121
UnripeApple,aug_0_727.jpg,0.3979392538265306,bright,False,59.97923414364792
UnripeApple,aug_0_7271.jpg,0.21023995535714285,dark,False,28.07496489203729
UnripeApple,aug_0_7278.jpg,0.362484056122449,bright,False,70.48168519185074
UnripeApple,aug_0_7279.jpg,0.3989357461734694,bright,False,95.20396182437223
UnripeApple,aug_0_7283.jpg,0.10646524234693877,dark,False,46.569194212941575
UnripeApple,aug_0_7285.jpg,0.16087372448979592,bright,False,59.732046381547
UnripeApple,aug_0_7289.jpg,0.42709661989795916,dark,False,46.708070431752866
UnripeApple,aug_0_7298.jpg,0.6533402423469388,dark,False,35.25139317612281
UnripeApple,aug_0_7312.jpg,0.41135204081632654,dark,False,57.4495028534796
UnripeApple,aug_0_7313.jpg,0.29868861607142855,dark,False,69.21070671316288
UnripeApple,aug_0_7315.jpg,0.16587611607142858,dark,False,36.67466769867979
UnripeApple,aug_0_7325.jpg,0.49850526147959184,bright,False,50.8944994870695
UnripeApple,aug_0_7328.jpg,0.1914660395408163,dark,False,53.26367410073889
UnripeApple,aug_0_733.jpg,0.53125,bright,False,65.61138184610043
UnripeApple,aug_0_7336.jpg,0.14596619897959184,bright,False,64.64452396245302
UnripeApple,aug_0_7345.jpg,0.32425860969387754,dark,False,57.54315118845803
UnripeApple,aug_0_7349.jpg,0.5452008928571429,dark,False,51.57725227699361
UnripeApple,aug_0_7351.jpg,0.22247688137755103,bright,False,16.242353427181715
UnripeApple,aug_0_7354.jpg,0.26353236607142855,bright,False,44.27326701391528
UnripeApple,aug_0_7374.jpg,0.43785873724489793,dark,False,40.88546351555154
UnripeApple,aug_0_7381.jpg,0.5106026785714286,dark,False,54.49299286568927
UnripeApple,aug_0_7388.jpg,0.5474728954081632,bright,False,59.78642838550195
UnripeApple,aug_0_7391.jpg,0.2672592474489796,dark,False,54.86058051364926
UnripeApple,aug_0_7393.jpg,0.32296316964285715,bright,False,36.42323073455588
UnripeApple,aug_0_7396.jpg,0.6649992028061225,dark,False,87.76931500721496
UnripeApple,aug_0_7398.jpg,0.24043367346938777,bright,False,47.24963946217261
UnripeApple,aug_0_7405.jpg,0.30098054846938777,dark,False,42.07798880820466
UnripeApple,aug_0_7410.jpg,0.45055404974489793,bright,False,51.953615480904006
UnripeApple,aug_0_7416.jpg,0.35098453443877553,dark,False,61.01496453817567
UnripeApple,aug_0_7424.jpg,0.4178491709183674,bright,False,49.86412024828065
UnripeApple,aug_0_7425.jpg,0.6053890306122449,dark,False,40.171408073762265
UnripeApple,aug_0_7430.jpg,0.31269929846938777,dark,False,39.79773663568153
UnripeApple,aug_0_7431.jpg,0.4043765943877551,dark,False,43.37149543694999
UnripeApple,aug_0_7451.jpg,0.23828125,dark,False,16.12414869251276
UnripeApple,aug_0_7452.jpg,0.3044284119897959,bright,False,65.51546467838938
UnripeApple,aug_0_7454.jpg,0.44529257015306123,dark,False,44.55905095906908
UnripeApple,aug_0_7459.jpg,0.38709741709183676,dark,False,62.15576049185051
UnripeApple,aug_0_7461.jpg,0.2661033163265306,dark,False,24.144499268352785
UnripeApple,aug_0_747.jpg,0.7262236926020408,bright,False,50.23767673074119
UnripeApple,aug_0_7470.jpg,0.40890066964285715,dark,False,20.822988963967052
UnripeApple,aug_0_7473.jpg,0.27170360331632654,bright,False,44.160876174976615
UnripeApple,aug_0_7475.jpg,0.6257772640306123,bright,False,49.25426366532046
UnripeApple,aug_0_7480.jpg,0.31130420918367346,dark,False,31.19113683061291
UnripeApple,aug_0_7485.jpg,0.2121532206632653,dark,False,6.856642756013365
UnripeApple,aug_0_7487.jpg,0.4669164540816326,dark,False,59.79875168383148
UnripeApple,aug_0_749.jpg,0.46420599489795916,dark,False,62.30930230535057
UnripeApple,aug_0_7490.jpg,0.4338329081632653,dark,False,86.0412172830204
UnripeApple,aug_0_7494.jpg,0.2118542729591837,bright,False,53.65546063155943
UnripeApple,aug_0_7497.jpg,0.5332230548469388,bright,False,57.217909018348884
UnripeApple,aug_0_750.jpg,0.5456991390306123,dark,False,51.652802037411476
UnripeApple,aug_0_7500.jpg,0.06469228316326531,dark,False,42.572688364350284
UnripeApple,aug_0_7517.jpg,0.5172592474489796,bright,False,66.07599714589846
UnripeApple,aug_0_7525.jpg,0.512336575255102,bright,False,61.130316045906056
UnripeApple,aug_0_7527.jpg,0.46213329081632654,bright,False,41.00974563048154
UnripeApple,aug_0_7528.jpg,0.41049505739795916,bright,False,36.43327254502938
UnripeApple,aug_0_7529.jpg,0.4100366709183674,bright,False,83.50179770363631
UnripeApple,aug_0_7552.jpg,0.45529735331632654,bright,False,45.52769407558279
UnripeApple,aug_0_7553.jpg,0.6609933035714286,bright,False,64.00304311785476
UnripeApple,aug_0_7558.jpg,0.310367506377551,bright,False,25.85575951319326
UnripeApple,aug_0_7565.jpg,0.5136519451530612,dark,False,57.275183617952074
UnripeApple,aug_0_7570.jpg,0.42215401785714285,bright,False,44.000624354229934
UnripeApple,aug_0_7575.jpg,0.20308514030612246,dark,False,35.39539497141888
UnripeApple,aug_0_7590.jpg,0.3877551020408163,dark,False,43.49982582013529
UnripeApple,aug_0_76.jpg,0.5787228954081632,dark,False,75.85451715680948
UnripeApple,aug_0_7601.jpg,0.17596061862244897,bright,False,21.928328665211808
UnripeApple,aug_0_7605.jpg,0.3001235650510204,dark,False,67.14791563172706
UnripeApple,aug_0_7606.jpg,0.1714764030612245,dark,False,40.57767977672049
UnripeApple,aug_0_7618.jpg,0.38984773596938777,dark,False,45.96366706312724
UnripeApple,aug_0_7620.jpg,0.31857860331632654,dark,False,59.279436380977266
UnripeApple,aug_0_7625.jpg,0.2373046875,dark,False,72.72667734701702
UnripeApple,aug_0_7627.jpg,0.5275629783163265,dark,False,47.52633220483491
UnripeApple,aug_0_7631.jpg,0.3555285395408163,dark,False,84.64730087908605
UnripeApple,aug_0_7633.jpg,0.5924545599489796,dark,False,34.35028448413591
UnripeApple,aug_0_7634.jpg,0.4305843431122449,bright,False,72.68058334393004
UnripeApple,aug_0_7635.jpg,0.43991151147959184,dark,False,67.4193082050894
UnripeApple,aug_0_7637.jpg,0.35128348214285715,bright,False,31.987437918881042
UnripeApple,aug_0_7641.jpg,0.05153858418367347,dark,False,40.23639178411543
UnripeApple,aug_0_765.jpg,0.2098014987244898,bright,False,42.770534897341385
UnripeApple,aug_0_7650.jpg,0.4217554209183674,dark,False,43.899942869046534
UnripeApple,aug_0_7658.jpg,0.20085299744897958,dark,False,62.585928230397634
UnripeApple,aug_0_7660.jpg,0.6367586096938775,bright,False,52.74545700637089
UnripeApple,aug_0_7661.jpg,0.2756895727040816,dark,False,51.41148892174656
UnripeApple,aug_0_7667.jpg,0.4389150191326531,dark,False,46.51630679946439
UnripeApple,aug_0_7670.jpg,0.45982142857142855,bright,False,39.00951632181421
UnripeApple,aug_0_7677.jpg,0.267398756377551,dark,False,60.76655407780812
UnripeApple,aug_0_7683.jpg,0.44314014668367346,bright,False,69.63102235776898
UnripeApple,aug_0_7688.jpg,0.1843311543367347,dark,False,56.07833058021496
UnripeApple,aug_0_7690.jpg,0.2808314732142857,dark,False,0.336882247056929
UnripeApple,aug_0_7692.jpg,0.6377152423469388,bright,False,51.67398012630887
UnripeApple,aug_0_7694.jpg,0.39076450892857145,dark,False,29.440074141860922
UnripeApple,aug_0_7699.jpg,0.12187101403061225,bright,False,56.38201594717748
UnripeApple,aug_0_770.jpg,0.2052375637755102,dark,False,54.47215569980464
UnripeApple,aug_0_7705.jpg,0.24378188775510204,bright,False,19.742414357380095
UnripeApple,aug_0_7707.jpg,0.6174465880102041,bright,False,36.77276205820214
UnripeApple,aug_0_7708.jpg,0.28404017857142855,dark,False,49.107298921140845
UnripeApple,aug_0_7709.jpg,0.1944156568877551,bright,False,38.74534035934794
UnripeApple,aug_0_771.jpg,0.26283482142857145,dark,False,38.96856904645474
UnripeApple,aug_0_7711.jpg,0.1022201849489796,dark,False,50.49058613205909
UnripeApple,aug_0_7712.jpg,0.20475924744897958,dark,False,15.397907102711267
UnripeApple,aug_0_7715.jpg,0.1912468112244898,dark,False,8.281343314575718
UnripeApple,aug_0_7718.jpg,0.28005420918367346,dark,False,1.3496295941083976
UnripeApple,aug_0_7719.jpg,0.15581154336734693,dark,False,46.40179457286308
UnripeApple,aug_0_772.jpg,0.7416892538265306,bright,False,57.49802441582225
UnripeApple,aug_0_7720.jpg,0.14668367346938777,dark,False,57.528409543220846
UnripeApple,aug_0_7739.jpg,0.13669882015306123,bright,False,45.55099811974708
UnripeApple,aug_0_7742.jpg,0.3501674107142857,dark,False,64.58654240637685
UnripeApple,aug_0_7744.jpg,0.13113839285714285,dark,False,45.37033065217209
UnripeApple,aug_0_7751.jpg,0.15168606505102042,dark,False,63.247909012726204
UnripeApple,aug_0_7755.jpg,0.05255500637755102,dark,False,46.116245454056525
UnripeApple,aug_0_7767.jpg,0.12091438137755102,bright,False,57.16900917114811
UnripeApple,aug_0_7770.jpg,0.289859693877551,bright,False,51.30287372553554
UnripeApple,aug_0_7771.jpg,0.6077407525510204,dark,False,73.82103283757043
UnripeApple,aug_0_7772.jpg,0.2548828125,dark,False,14.563166286778204
UnripeApple,aug_0_7774.jpg,0.12984295280612246,dark,False,58.72592013180409
UnripeApple,aug_0_7778.jpg,0.5109813456632653,dark,False,62.509904600657194
UnripeApple,aug_0_7779.jpg,0.5469945790816326,dark,False,47.15038173944068
UnripeApple,aug_0_7786.jpg,0.10706313775510204,bright,False,62.578601047264776
UnripeApple,aug_0_7790.jpg,0.30283402423469385,bright,False,46.243063127113885
UnripeApple,aug_0_7791.jpg,0.37850765306122447,dark,False,61.247051594755696
UnripeApple,aug_0_7794.jpg,0.8022361288265306,dark,False,55.97304420722703
UnripeApple,aug_0_7795.jpg,0.6511280293367347,bright,False,58.31885206964256
UnripeApple,aug_0_7809.jpg,0.3346420599489796,bright,False,67.86696016618664
UnripeApple,aug_0_781.jpg,0.31357621173469385,dark,False,24.62274022307157
UnripeApple,aug_0_7813.jpg,0.3840880102040816,bright,False,77.91391699045609
UnripeApple,aug_0_7819.jpg,0.29976482780612246,bright,False,61.032241029665954
UnripeApple,aug_0_7828.jpg,0.2791772959183674,dark,False,33.95129380945734
UnripeApple,aug_0_7830.jpg,0.5228595344387755,dark,False,42.42965280768609
UnripeApple,aug_0_7831.jpg,0.7162587691326531,dark,False,29.203710448558848
UnripeApple,aug_0_7835.jpg,0.3644969706632653,dark,False,33.611047096526285
UnripeApple,aug_0_7838.jpg,0.18080357142857142,dark,False,58.70319722560421
UnripeApple,aug_0_7842.jpg,0.24170918367346939,dark,False,52.62754956627003
UnripeApple,aug_0_7845.jpg,0.1885363520408163,dark,False,57.86377472978438
UnripeApple,aug_0_7847.jpg,0.6456871811224489,bright,False,65.65229392526714
UnripeApple,aug_0_7848.jpg,0.2149234693877551,bright,False,37.24578676112375
UnripeApple,aug_0_7851.jpg,0.6053890306122449,bright,False,58.097343652506055
UnripeApple,aug_0_7854.jpg,0.5005779655612245,bright,False,59.01441985093052
UnripeApple,aug_0_7856.jpg,0.27341757015306123,dark,False,0.5189375768332719
UnripeApple,aug_0_7889.jpg,0.2844188456632653,bright,False,61.855836325537986
UnripeApple,aug_0_7898.jpg,0.44126674107142855,dark,False,48.17459121705005
UnripeApple,aug_0_7902.jpg,0.376773756377551,bright,False,33.332875219586974
UnripeApple,aug_0_7904.jpg,0.09072066326530612,dark,False,71.36349255115869
UnripeApple,aug_0_7912.jpg,0.4006297831632653,dark,False,42.91796437201981
UnripeApple,aug_0_7913.jpg,0.6266541772959183,dark,False,63.132222533359915
UnripeApple,aug_0_7925.jpg,0.3976203762755102,bright,False,46.309476758219326
UnripeApple,aug_0_7939.jpg,0.3042689732142857,dark,False,18.113775738808567
UnripeApple,aug_0_7947.jpg,0.18574617346938777,dark,False,21.487343369580802
UnripeApple,aug_0_7950.jpg,0.2711654974489796,bright,False,45.64491769658388
UnripeApple,aug_0_7953.jpg,0.12348533163265306,dark,False,31.642974374332766
UnripeApple,aug_0_7954.jpg,0.40427694515306123,bright,False,56.03088837392372
UnripeApple,aug_0_7966.jpg,0.0690170599489796,dark,False,13.535518377343147
UnripeApple,aug_0_7972.jpg,0.44571109693877553,bright,False,31.317679198212947
UnripeApple,aug_0_7974.jpg,0.6637236926020408,dark,False,90.38991898613642
UnripeApple,aug_0_7977.jpg,0.0813735650510204,dark,False,41.32000583580272
UnripeApple,aug_0_7982.jpg,0.389469068877551,dark,False,62.05991996480579
UnripeApple,aug_0_7984.jpg,0.20838647959183673,bright,False,46.60816579048873
UnripeApple,aug_0_7988.jpg,0.20567602040816327,bright,False,22.168457868517127
UnripeApple,aug_0_7993.jpg,0.28031329719387754,bright,False,55.17988523506833
UnripeApple,aug_0_7997.jpg,0.15230389030612246,dark,False,74.31156960801256
UnripeApple,aug_0_8.jpg,0.34084024234693877,dark,False,67.67867254621517
UnripeApple,aug_0_8006.jpg,0.21934789540816327,dark,False,63.00521413914521
UnripeApple,aug_0_8007.jpg,0.4405094068877551,dark,False,51.098447899368786
UnripeApple,aug_0_8008.jpg,0.12990274234693877,bright,False,49.12062877997531
UnripeApple,aug_0_8014.jpg,0.15497448979591838,bright,False,69.14830055376235
UnripeApple,aug_0_8018.jpg,0.41713169642857145,bright,False,27.431911290318
UnripeApple,aug_0_8031.jpg,0.43221859056122447,dark,False,66.88439194902013
UnripeApple,aug_0_8035.jpg,0.2924705038265306,bright,False,32.87018503198946
UnripeApple,aug_0_8036.jpg,0.38707748724489793,bright,False,55.5998835734058
UnripeApple,aug_0_8038.jpg,0.5300741390306123,bright,False,41.90319836655689
UnripeApple,aug_0_8042.jpg,0.28398038903061223,dark,False,46.52242389256497
UnripeApple,aug_0_8045.jpg,0.35664461096938777,dark,False,64.70752902954277
UnripeApple,aug_0_8048.jpg,0.053053252551020405,dark,False,41.482929127866264
UnripeApple,aug_0_8049.jpg,0.43056441326530615,bright,False,49.463143348073125
UnripeApple,aug_0_8050.jpg,0.28453842474489793,dark,False,38.30839568188909
UnripeApple,aug_0_8052.jpg,0.19064891581632654,bright,False,44.22335581331115
UnripeApple,aug_0_8053.jpg,0.20228794642857142,bright,False,41.73466017268843
UnripeApple,aug_0_8055.jpg,0.3704360650510204,dark,False,38.33097722484328
UnripeApple,aug_0_8056.jpg,0.03732860331632653,dark,True,21.24769997712389
UnripeApple,aug_0_8058.jpg,0.17914939413265307,bright,False,76.03374859925107
UnripeApple,aug_0_8059.jpg,0.4719387755102041,bright,False,46.5881376728388
UnripeApple,aug_0_8060.jpg,0.520149075255102,bright,False,71.4291496096117
UnripeApple,aug_0_8063.jpg,0.2516342474489796,bright,False,84.64334789460601
UnripeApple,aug_0_8065.jpg,0.5355747767857143,dark,False,43.10540959517644
UnripeApple,aug_0_8075.jpg,0.4234095982142857,bright,False,68.60718235046215
UnripeApple,aug_0_8076.jpg,0.20330436862244897,bright,False,55.83158197748716
UnripeApple,aug_0_8085.jpg,0.5017737563775511,bright,False,42.75749405862427
UnripeApple,aug_0_8088.jpg,0.28079161352040816,dark,False,32.91254514427545
UnripeApple,aug_0_8091.jpg,0.2244499362244898,bright,False,28.434123294002294
UnripeApple,aug_0_8095.jpg,0.4770607461734694,bright,False,53.60921458025629
UnripeApple,aug_0_81.jpg,0.17257254464285715,dark,False,64.09162171457153
UnripeApple,aug_0_8102.jpg,0.42422672193877553,dark,False,64.6797870288275
UnripeApple,aug_0_8105.jpg,0.5267458545918368,dark,False,59.13137401065561
UnripeApple,aug_0_811.jpg,0.3969826211734694,dark,False,44.32685679815836
UnripeApple,aug_0_8111.jpg,0.5444236288265306,bright,False,43.338058324101375
UnripeApple,aug_0_8113.jpg,0.4003109056122449,bright,False,63.93190546976145
UnripeApple,aug_0_8117.jpg,0.42578125,bright,False,36.55063630711184
UnripeApple,aug_0_8120.jpg,0.25027901785714285,dark,False,54.47149719755384
UnripeApple,aug_0_8125.jpg,0.3140146683673469,dark,False,5.690405727315144
UnripeApple,aug_0_813.jpg,0.4200015943877551,dark,False,48.80501749521208
UnripeApple,aug_0_8133.jpg,0.09540417729591837,dark,False,53.28742178618406
UnripeApple,aug_0_8134.jpg,0.34215561224489793,dark,False,64.98731594495274
UnripeApple,aug_0_8140.jpg,0.2900988520408163,dark,False,61.74542773948297
UnripeApple,aug_0_8143.jpg,0.11559311224489796,bright,False,64.17095313428354
UnripeApple,aug_0_8145.jpg,0.43251753826530615,bright,False,28.83171266410457
UnripeApple,aug_0_8151.jpg,0.13542330994897958,bright,False,55.965879885934406
UnripeApple,aug_0_8154.jpg,0.33653539540816324,bright,False,65.24304907854115
UnripeApple,aug_0_8155.jpg,0.18482940051020408,bright,False,41.71219878898556
UnripeApple,aug_0_8157.jpg,0.22301498724489796,dark,False,8.711761288938895
UnripeApple,aug_0_8158.jpg,0.27967554209183676,dark,False,15.205810382734933
UnripeApple,aug_0_8161.jpg,0.17057955994897958,dark,False,55.327107687446414
UnripeApple,aug_0_8165.jpg,0.2735172193877551,bright,False,43.85102492816798
UnripeApple,aug_0_8176.jpg,0.3290417729591837,dark,False,52.30563134688499
UnripeApple,aug_0_8178.jpg,0.5326251594387755,dark,False,63.80829990421665
UnripeApple,aug_0_818.jpg,0.15513392857142858,dark,False,22.079766395183622
UnripeApple,aug_0_8189.jpg,0.2796157525510204,dark,False,61.66845186044835
UnripeApple,aug_0_8192.jpg,0.4108737244897959,dark,False,35.152427347091226
UnripeApple,aug_0_8195.jpg,0.19891980229591838,bright,False,65.79621813674608
UnripeApple,aug_0_8198.jpg,0.3671077806122449,bright,False,54.533889789690534
UnripeApple,aug_0_8203.jpg,0.49380181760204084,dark,False,69.29489075787764
UnripeApple,aug_0_8204.jpg,0.1853077168367347,dark,False,44.0730158720273
UnripeApple,aug_0_8205.jpg,0.5468351403061225,bright,False,70.68003245834534
UnripeApple,aug_0_8224.jpg,0.4979272959183674,bright,False,55.00504979399815
UnripeApple,aug_0_8237.jpg,0.40927933673469385,dark,False,58.150190539030234
UnripeApple,aug_0_8245.jpg,0.4385961415816326,dark,False,48.87502210972948
UnripeApple,aug_0_8254.jpg,0.4362643494897959,bright,False,46.854049794906864
UnripeApple,aug_0_8262.jpg,0.25508211096938777,dark,False,51.79355513143681
UnripeApple,aug_0_8264.jpg,0.24003507653061223,bright,False,52.52764170511471
UnripeApple,aug_0_827.jpg,0.10411352040816327,dark,False,30.316191939236518
UnripeApple,aug_0_8279.jpg,0.2393375318877551,dark,False,53.491470037675896
UnripeApple,aug_0_828.jpg,0.4404296875,dark,False,45.84674530421813
UnripeApple,aug_0_8281.jpg,0.3865593112244898,dark,False,48.463553275782694
UnripeApple,aug_0_8282.jpg,0.38863201530612246,dark,False,50.51819724616673
UnripeApple,aug_0_8285.jpg,0.26405054209183676,dark,False,72.7160270645364
UnripeApple,aug_0_8295.jpg,0.24041374362244897,dark,False,5.538516242860304
UnripeApple,aug_0_83.jpg,0.061204559948979595,dark,False,60.20928163491603
UnripeApple,aug_0_8300.jpg,0.4866470025510204,bright,False,58.781237746091136
UnripeApple,aug_0_8311.jpg,0.4300063775510204,bright,False,65.67319934046587
UnripeApple,aug_0_8312.jpg,0.2705875318877551,bright,False,38.2168182499122
UnripeApple,aug_0_8317.jpg,0.18317522321428573,dark,False,66.13759573631552
UnripeApple,aug_0_8326.jpg,0.17725605867346939,bright,False,59.4527759293899
UnripeApple,aug_0_8329.jpg,0.40262276785714285,bright,False,50.74160471346837
UnripeApple,aug_0_8334.jpg,0.4538624043367347,dark,False,39.89457519653934
UnripeApple,aug_0_8344.jpg,0.1716358418367347,dark,False,6.292194669131607
UnripeApple,aug_0_8355.jpg,0.1896125637755102,dark,False,63.52436102763384
UnripeApple,aug_0_8357.jpg,0.3956273915816326,bright,False,50.37439280426213
UnripeApple,aug_0_836.jpg,0.45370296556122447,dark,False,47.73465426841756
UnripeApple,aug_0_8380.jpg,0.43949298469387754,dark,False,69.80382219219813
UnripeApple,aug_0_8381.jpg,0.26038345025510207,bright,False,46.31858134173404
UnripeApple,aug_0_8382.jpg,0.30058195153061223,dark,False,58.064742368248865
UnripeApple,aug_0_8388.jpg,0.32539461096938777,bright,False,46.18201110767844
UnripeApple,aug_0_8412.jpg,0.07814492984693877,bright,False,14.06504184764583
UnripeApple,aug_0_8416.jpg,0.09544403698979592,bright,False,33.32920884279836
UnripeApple,aug_0_8423.jpg,0.3614078443877551,dark,False,39.179879210313395
UnripeApple,aug_0_8430.jpg,0.6966677295918368,dark,False,53.11797894185626
UnripeApple,aug_0_8436.jpg,0.5102240114795918,dark,False,50.9847716898041
UnripeApple,aug_0_8443.jpg,0.3767936862244898,bright,False,68.46238883538409
UnripeApple,aug_0_8454.jpg,0.5085299744897959,dark,False,54.183305656891406
UnripeApple,aug_0_8456.jpg,0.4389748086734694,bright,False,66.1731713314494
UnripeApple,aug_0_8459.jpg,0.3625637755102041,bright,False,49.9067901866373
UnripeApple,aug_0_8466.jpg,0.5113201530612245,dark,False,47.2184463399092
UnripeApple,aug_0_8470.jpg,0.25631776147959184,bright,False,66.0065490446172
UnripeApple,aug_0_8474.jpg,0.3175422512755102,dark,False,20.977644050753295
UnripeApple,aug_0_8475.jpg,0.30117984693877553,bright,False,35.22978264233763
UnripeApple,aug_0_8490.jpg,0.34199617346938777,dark,False,53.87232924030798
UnripeApple,aug_0_8495.jpg,0.47652264030612246,bright,False,67.52634596718936
UnripeApple,aug_0_8496.jpg,0.18640385841836735,bright,False,69.74609296559538
UnripeApple,aug_0_8503.jpg,0.1956513073979592,dark,False,56.69588552077559
UnripeApple,aug_0_8511.jpg,0.3152702487244898,dark,False,43.83621822266323
UnripeApple,aug_0_8518.jpg,0.2981505102040816,dark,False,73.96679267534795
UnripeApple,aug_0_8529.jpg,0.27871890943877553,dark,False,52.19883170535792
UnripeApple,aug_0_8530.jpg,0.5321468431122449,dark,False,92.27992268680914
UnripeApple,aug_0_854.jpg,0.48971619897959184,bright,False,73.16117621450569
UnripeApple,aug_0_8543.jpg,0.06297831632653061,dark,False,46.896126739524554
UnripeApple,aug_0_8546.jpg,0.3405213647959184,bright,False,31.014471224315574
UnripeApple,aug_0_8549.jpg,0.2409717793367347,dark,False,41.00912880106575
UnripeApple,aug_0_8550.jpg,0.4268773915816326,dark,False,53.43241697747296
UnripeApple,aug_0_8562.jpg,0.15318080357142858,dark,False,67.36496485844937
UnripeApple,aug_0_8566.jpg,0.1758609693877551,dark,False,68.97251921738614
UnripeApple,aug_0_8571.jpg,0.4143813775510204,bright,False,52.308006760158094
UnripeApple,aug_0_8574.jpg,0.28111049107142855,bright,False,70.02350002473554
UnripeApple,aug_0_8578.jpg,0.4526865433673469,bright,False,55.71003878521005
UnripeApple,aug_0_8591.jpg,0.16123246173469388,dark,False,42.0988136013944
UnripeApple,aug_0_86.jpg,0.371890943877551,dark,False,33.63490992711745
UnripeApple,aug_0_860.jpg,0.370296556122449,dark,False,64.84103264540632
UnripeApple,aug_0_8602.jpg,0.47335379464285715,bright,False,65.923699345782
UnripeApple,aug_0_8605.jpg,0.5242745535714286,bright,False,58.617594705186896
UnripeApple,aug_0_8609.jpg,0.37209024234693877,dark,False,1.8659440412441288
UnripeApple,aug_0_861.jpg,0.17889030612244897,bright,False,54.55406257451153
UnripeApple,aug_0_8611.jpg,0.6066844706632653,dark,False,76.13061082845773
UnripeApple,aug_0_8621.jpg,0.5573182397959183,dark,False,55.27385678091279
UnripeApple,aug_0_8624.jpg,0.43552694515306123,dark,False,52.3241001710475
UnripeApple,aug_0_864.jpg,0.1880779655612245,dark,False,109.02638485950592
UnripeApple,aug_0_8644.jpg,0.26151945153061223,bright,False,49.08237701621084
UnripeApple,aug_0_8647.jpg,0.6493941326530612,dark,False,39.44073933199045
UnripeApple,aug_0_865.jpg,0.46079799107142855,bright,False,42.28949876618892
UnripeApple,aug_0_8658.jpg,0.32694913903061223,bright,False,58.0509909835234
UnripeApple,aug_0_8659.jpg,0.5210259885204082,bright,False,76.28629824351368
UnripeApple,aug_0_8660.jpg,0.29115513392857145,bright,False,46.76809934093395
UnripeApple,aug_0_8668.jpg,0.2860730229591837,bright,False,80.34410486375846
UnripeApple,aug_0_867.jpg,0.3960658482142857,bright,False,54.333478833814375
UnripeApple,aug_0_8673.jpg,0.5477718431122449,dark,False,56.25682344058612
UnripeApple,aug_0_8674.jpg,0.25801179846938777,bright,False,44.70636938706297
UnripeApple,aug_0_8683.jpg,0.40238360969387754,bright,False,46.08003816738901
UnripeApple,aug_0_8685.jpg,0.5865951849489796,dark,False,53.98260240025528
UnripeApple,aug_0_8686.jpg,0.28316326530612246,bright,False,62.54710815595545
UnripeApple,aug_0_8689.jpg,0.3435108418367347,bright,False,67.26073081053734
UnripeApple,aug_0_8691.jpg,0.5064971301020408,dark,False,59.85190450941146
UnripeApple,aug_0_8694.jpg,0.2206234056122449,dark,False,119.43742366919336
UnripeApple,aug_0_8698.jpg,0.16605548469387754,dark,False,66.61051401166463
UnripeApple,aug_0_8699.jpg,0.3875358737244898,bright,False,36.96351584638131
UnripeApple,aug_0_8700.jpg,0.25524154974489793,bright,False,46.42640156486016
UnripeApple,aug_0_8701.jpg,0.34703842474489793,dark,False,54.10621868728786
UnripeApple,aug_0_8703.jpg,0.38821348852040816,bright,False,44.081199655733464
UnripeApple,aug_0_8705.jpg,0.41964285714285715,bright,False,55.39405357358498
UnripeApple,aug_0_8706.jpg,0.5547472895408163,dark,False,56.670863722687045
UnripeApple,aug_0_8708.jpg,0.33555883290816324,bright,False,53.14531947707295
UnripeApple,aug_0_8711.jpg,0.5693757971938775,dark,False,52.76329547117342
UnripeApple,aug_0_8713.jpg,0.32627152423469385,dark,False,43.99476919707431
UnripeApple,aug_0_8721.jpg,0.22211814413265307,dark,False,17.69293592648961
UnripeApple,aug_0_8732.jpg,0.5117785395408163,dark,False,56.58583611652403
UnripeApple,aug_0_8738.jpg,0.22393176020408162,bright,False,54.419664996502085
UnripeApple,aug_0_8739.jpg,0.32631138392857145,bright,False,54.73839087684579
UnripeApple,aug_0_8746.jpg,0.4899952168367347,bright,False,42.93138504966683
UnripeApple,aug_0_8748.jpg,0.24370216836734693,dark,False,57.18785011274061
UnripeApple,aug_0_875.jpg,0.2073700573979592,bright,False,45.88876520584421
UnripeApple,aug_0_8751.jpg,0.41149154974489793,dark,False,69.7383528044122
UnripeApple,aug_0_8752.jpg,0.27670599489795916,dark,False,46.78262877736347
UnripeApple,aug_0_8762.jpg,0.11670918367346939,dark,False,51.42622175211568
UnripeApple,aug_0_8765.jpg,0.32523517219387754,dark,False,44.33085249685283
UnripeApple,aug_0_8783.jpg,0.19610969387755103,dark,False,23.16602591177244
UnripeApple,aug_0_8787.jpg,0.4936623086734694,bright,False,62.718934037962384
UnripeApple,aug_0_8788.jpg,0.5253109056122449,dark,False,55.77235102054693
UnripeApple,aug_0_8798.jpg,0.29195232780612246,bright,False,65.09889340760242
UnripeApple,aug_0_8802.jpg,0.2674186862244898,bright,False,39.96522909042985
UnripeApple,aug_0_8803.jpg,0.3295400191326531,bright,False,68.19513582427031
UnripeApple,aug_0_8808.jpg,0.22415098852040816,dark,False,57.421401254331506
UnripeApple,aug_0_8809.jpg,0.44583067602040816,bright,False,51.320464941854276
UnripeApple,aug_0_8814.jpg,0.16296635841836735,bright,False,48.946209131172964
UnripeApple,aug_0_8815.jpg,0.26395089285714285,dark,False,70.63993281073256
UnripeApple,aug_0_882.jpg,0.07535475127551021,dark,False,38.03996053194903
UnripeApple,aug_0_8825.jpg,0.24214764030612246,bright,False,65.267670625845
UnripeApple,aug_0_8828.jpg,0.5467354910714286,bright,False,57.61004761715002
UnripeApple,aug_0_8843.jpg,0.3493702168367347,bright,False,51.999506810943465
UnripeApple,aug_0_8847.jpg,0.2562978316326531,bright,False,35.64135818490942
UnripeApple,aug_0_8849.jpg,0.27004942602040816,dark,False,87.4290714168323
UnripeApple,aug_0_8856.jpg,0.40981744260204084,bright,False,46.61904511279791
UnripeApple,aug_0_8862.jpg,0.3200534119897959,bright,False,75.84715170711127
UnripeApple,aug_0_8866.jpg,0.46071827168367346,dark,False,32.568083458182464
UnripeApple,aug_0_8870.jpg,0.36063058035714285,bright,False,42.85198513312929
UnripeApple,aug_0_8873.jpg,0.32236527423469385,bright,False,70.82077350098236
UnripeApple,aug_0_8875.jpg,0.3534558354591837,bright,False,37.12437468875198
UnripeApple,aug_0_8877.jpg,0.2059749681122449,bright,False,51.84256123253963
UnripeApple,aug_0_8884.jpg,0.5243742028061225,dark,False,50.22244962313502
UnripeApple,aug_0_8889.jpg,0.2692123724489796,bright,False,48.86453345166647
UnripeApple,aug_0_8899.jpg,0.27993463010204084,bright,False,33.801641586679956
UnripeApple,aug_0_8901.jpg,0.6677295918367347,dark,False,56.38956816862731
UnripeApple,aug_0_8905.jpg,0.5691764987244898,bright,False,65.19696996401338
UnripeApple,aug_0_8906.jpg,0.24404097576530612,dark,False,46.24260732888262
UnripeApple,aug_0_8907.jpg,0.5303531568877551,bright,False,63.813752570272975
UnripeApple,aug_0_8910.jpg,0.1662547831632653,bright,False,59.56438010296127
UnripeApple,aug_0_8916.jpg,0.04998405612244898,dark,True,17.384862482530405
UnripeApple,aug_0_8922.jpg,0.23726482780612246,dark,False,31.56626480739189
UnripeApple,aug_0_8923.jpg,0.3003427933673469,dark,False,65.59340680996527
UnripeApple,aug_0_8927.jpg,0.4722377232142857,dark,False,41.82138467128666
UnripeApple,aug_0_8928.jpg,0.1471221301020408,dark,False,40.12608216366305
UnripeApple,aug_0_8929.jpg,0.22967155612244897,dark,False,18.215056648407273
UnripeApple,aug_0_8931.jpg,0.38050063775510207,dark,False,0.6917095318120965
UnripeApple,aug_0_8936.jpg,0.11776546556122448,dark,False,52.01264872345369
UnripeApple,aug_0_8937.jpg,0.38643973214285715,bright,False,33.33221274073182
UnripeApple,aug_0_8939.jpg,0.15068957270408162,dark,False,56.94065274368765
UnripeApple,aug_0_894.jpg,0.4653220663265306,dark,False,56.03169687849418
UnripeApple,aug_0_8946.jpg,0.07469706632653061,dark,False,14.86764281128677
UnripeApple,aug_0_8947.jpg,0.2977319834183674,dark,False,42.34830473619588
UnripeApple,aug_0_8952.jpg,0.4071667729591837,dark,False,59.05083906159322
UnripeApple,aug_0_8959.jpg,0.24386160714285715,dark,False,66.02789142047057
UnripeApple,aug_0_896.jpg,0.16978236607142858,bright,False,62.42575150815205
UnripeApple,aug_0_8963.jpg,0.24832589285714285,bright,False,14.625603081159099
UnripeApple,aug_0_8964.jpg,0.4586854272959184,bright,False,40.526420726112356
UnripeApple,aug_0_8971.jpg,0.33352598852040816,dark,False,41.649897225084864
UnripeApple,aug_0_8979.jpg,0.36509486607142855,dark,False,50.89319753816972
UnripeApple,aug_0_898.jpg,0.5117984693877551,bright,False,67.211490999209
UnripeApple,aug_0_8980.jpg,0.18389269770408162,bright,False,48.40953454991192
UnripeApple,aug_0_8981.jpg,0.5949657206632653,dark,False,30.88778425278457
UnripeApple,aug_0_8982.jpg,0.24738919005102042,bright,False,43.72439808850433
UnripeApple,aug_0_8983.jpg,0.24711017219387754,bright,False,52.62996572623448
UnripeApple,aug_0_899.jpg,0.28184789540816324,dark,False,63.66420328643303
UnripeApple,aug_0_8990.jpg,0.23664700255102042,bright,False,38.96698275920745
UnripeApple,aug_0_8991.jpg,0.2903380102040816,dark,False,44.51658904066914
UnripeApple,aug_0_9000.jpg,0.5617426658163265,bright,False,61.21352257406278
UnripeApple,aug_0_9014.jpg,0.09701849489795919,dark,False,53.19996719769648
UnripeApple,aug_0_9016.jpg,0.3383689413265306,bright,False,57.4111627630748
UnripeApple,aug_0_902.jpg,0.3002431441326531,bright,False,51.84379860059173
UnripeApple,aug_0_9025.jpg,0.08125398596938775,dark,False,45.52558488712591
UnripeApple,aug_0_9029.jpg,0.4659000318877551,bright,False,42.38759749457768
UnripeApple,aug_0_9037.jpg,0.4377590880102041,dark,False,13.709028053444172
UnripeApple,aug_0_9044.jpg,0.3356784119897959,dark,False,58.14562710807854
UnripeApple,aug_0_9046.jpg,0.6762396364795918,bright,False,58.087610790780104
UnripeApple,aug_0_9047.jpg,0.2719626913265306,dark,False,18.953064594411064
UnripeApple,aug_0_905.jpg,0.24306441326530612,bright,False,48.75938741777008
UnripeApple,aug_0_9050.jpg,0.16924426020408162,dark,False,64.06264999045476
UnripeApple,aug_0_9057.jpg,0.08418367346938775,dark,False,70.34434516688103
UnripeApple,aug_0_9059.jpg,0.43502869897959184,dark,False,80.1510725565646
UnripeApple,aug_0_906.jpg,0.6544164540816326,dark,False,56.74675100205093
UnripeApple,aug_0_9060.jpg,0.27309869260204084,dark,False,66.45690744318473
UnripeApple,aug_0_9062.jpg,0.6075613839285714,dark,False,38.59497999891681
UnripeApple,aug_0_9066.jpg,0.4962531887755102,dark,False,41.298501281371436
UnripeApple,aug_0_9071.jpg,0.15644929846938777,bright,False,24.83321528363743
UnripeApple,aug_0_9074.jpg,0.15106823979591838,bright,False,64.80300786298552
UnripeApple,aug_0_908.jpg,0.371273118622449,dark,False,33.78489796629277
UnripeApple,aug_0_9081.jpg,0.3677455357142857,bright,False,61.19082183344036
UnripeApple,aug_0_9086.jpg,0.5016940369897959,bright,False,52.049463759919355
UnripeApple,aug_0_9099.jpg,0.4612563775510204,bright,False,44.57006430388733
UnripeApple,aug_0_9112.jpg,0.4893773915816326,bright,False,58.668419327839736
UnripeApple,aug_0_9115.jpg,0.358577806122449,dark,False,65.39174170273121
UnripeApple,aug_0_9120.jpg,0.08635602678571429,dark,False,48.79021469698488
UnripeApple,aug_0_9121.jpg,0.11172672193877552,dark,False,17.13231446068058
UnripeApple,aug_0_9124.jpg,0.17771444515306123,dark,False,47.05322883971963
UnripeApple,aug_0_9129.jpg,0.3149513711734694,dark,False,56.92492370997369
UnripeApple,aug_0_9131.jpg,0.4302455357142857,bright,False,38.0922544093708
UnripeApple,aug_0_9133.jpg,0.20007573341836735,bright,False,49.19163160437631
UnripeApple,aug_0_9138.jpg,0.7145448022959183,dark,False,58.7996942383029
UnripeApple,aug_0_9141.jpg,0.13996731505102042,bright,False,47.18796229263622
UnripeApple,aug_0_9156.jpg,0.4537826849489796,dark,False,48.07438004310794
UnripeApple,aug_0_9165.jpg,0.3926977040816326,dark,False,79.97891539008002
UnripeApple,aug_0_9166.jpg,0.3969826211734694,bright,False,51.937697917847096
UnripeApple,aug_0_9167.jpg,0.33314732142857145,bright,False,37.50805597746808
UnripeApple,aug_0_9168.jpg,0.16388313137755103,bright,False,56.94459309888678
UnripeApple,aug_0_9172.jpg,0.3394252232142857,dark,False,0.6480155017215092
UnripeApple,aug_0_9182.jpg,0.1738879145408163,bright,False,37.456715789204736
UnripeApple,aug_0_9183.jpg,0.4213368941326531,dark,False,58.58890456991907
UnripeApple,aug_0_9190.jpg,0.4281728316326531,dark,False,33.77405331055578
UnripeApple,aug_0_9195.jpg,0.07655054209183673,bright,False,39.69274095305736
UnripeApple,aug_0_9199.jpg,0.45675223214285715,bright,False,43.84770042099439
UnripeApple,aug_0_920.jpg,0.34500558035714285,dark,False,46.429009298666415
UnripeApple,aug_0_921.jpg,0.4536830357142857,bright,False,46.270822003666105
UnripeApple,aug_0_9212.jpg,0.2168566645408163,bright,False,33.127101510563584
UnripeApple,aug_0_9213.jpg,0.40644929846938777,bright,False,53.58822476688257
UnripeApple,aug_0_9215.jpg,0.39333545918367346,dark,False,64.4480118728933
UnripeApple,aug_0_9216.jpg,0.2560985331632653,bright,False,53.02788976502536
UnripeApple,aug_0_923.jpg,0.2993064413265306,dark,False,66.80632554039055
UnripeApple,aug_0_9237.jpg,0.38632015306122447,dark,False,42.48734025820931
UnripeApple,aug_0_9239.jpg,0.258609693877551,dark,False,34.816179286033424
UnripeApple,aug_0_9246.jpg,0.5066764987244898,bright,False,58.03133614555665
UnripeApple,aug_0_9251.jpg,0.4171117665816326,dark,False,56.2117116915473
UnripeApple,aug_0_9255.jpg,0.1545360331632653,bright,False,61.8904573491018
UnripeApple,aug_0_9257.jpg,0.21739477040816327,dark,False,26.410039227652124
UnripeApple,aug_0_9259.jpg,0.46787308673469385,dark,False,67.50247614057209
UnripeApple,aug_0_926.jpg,0.48222257653061223,dark,False,63.4359721940175
UnripeApple,aug_0_9261.jpg,0.1990593112244898,bright,False,45.20042592852798
UnripeApple,aug_0_9269.jpg,0.49447943239795916,bright,False,61.81730917655775
UnripeApple,aug_0_9273.jpg,0.2414500956632653,dark,False,40.94627693313256
UnripeApple,aug_0_9278.jpg,0.40475526147959184,dark,False,36.103814477235936
UnripeApple,aug_0_9285.jpg,0.33067602040816324,bright,False,61.20349708790675
UnripeApple,aug_0_9286.jpg,0.525390625,bright,False,41.77042993957864
UnripeApple,aug_0_9287.jpg,0.2975526147959184,bright,False,54.85071891828655
UnripeApple,aug_0_929.jpg,0.16318558673469388,bright,False,66.92304926032365
UnripeApple,aug_0_9293.jpg,0.27030851403061223,bright,False,57.02051718177742
UnripeApple,aug_0_9296.jpg,0.1764190051020408,bright,False,57.5337935420757
UnripeApple,aug_0_9297.jpg,0.274234693877551,bright,False,44.70956053602564
UnripeApple,aug_0_9299.jpg,0.2838608099489796,bright,False,72.02672197671794
UnripeApple,aug_0_9303.jpg,0.5562220982142857,bright,False,45.18747655428658
UnripeApple,aug_0_9308.jpg,0.3946109693877551,bright,False,38.44896335892787
UnripeApple,aug_0_931.jpg,0.2490234375,bright,False,51.8039824658689
UnripeApple,aug_0_9311.jpg,0.3798030931122449,bright,False,25.72715149313673
UnripeApple,aug_0_9313.jpg,0.5568797831632653,dark,False,56.42471955289444
UnripeApple,aug_0_9320.jpg,0.40684789540816324,dark,False,54.12912749927608
UnripeApple,aug_0_9324.jpg,0.3453842474489796,dark,False,48.71273719970363
UnripeApple,aug_0_9328.jpg,0.5894052933673469,bright,False,61.477822830202335
UnripeApple,aug_0_9330.jpg,0.436344068877551,bright,False,39.84185631904265
UnripeApple,aug_0_9335.jpg,0.3077367665816326,dark,False,45.69758304752773
UnripeApple,aug_0_935.jpg,0.6557517538265306,bright,False,49.534524139540146
UnripeApple,aug_0_9354.jpg,0.27505181760204084,dark,False,17.472731073690497
UnripeApple,aug_0_9357.jpg,0.5191127232142857,bright,False,59.73601499734516
UnripeApple,aug_0_9381.jpg,0.6940369897959183,bright,False,60.683166236202254
UnripeApple,aug_0_9396.jpg,0.43907445790816324,bright,False,54.16438202261668
UnripeApple,aug_0_9398.jpg,0.6361607142857143,bright,False,56.77423723321153
UnripeApple,aug_0_9401.jpg,0.32455755739795916,dark,False,31.58903452335952
UnripeApple,aug_0_9411.jpg,0.23026945153061223,dark,False,49.552324872904954
UnripeApple,aug_0_9413.jpg,0.1642219387755102,dark,False,55.27927910227154
UnripeApple,aug_0_9425.jpg,0.2271404655612245,bright,False,57.69360917630858
UnripeApple,aug_0_9426.jpg,0.3237802933673469,bright,False,37.330800135349925
UnripeApple,aug_0_9428.jpg,0.2604233099489796,bright,False,55.72804092670111
UnripeApple,aug_0_9454.jpg,0.22277582908163265,dark,False,0.8312114147803035
UnripeApple,aug_0_9456.jpg,0.36854272959183676,dark,False,34.7629381384486
UnripeApple,aug_0_9457.jpg,0.1864636479591837,bright,False,59.86519864259608
UnripeApple,aug_0_9458.jpg,0.17566167091836735,dark,False,32.37860997299202
UnripeApple,aug_0_9473.jpg,0.47716039540816324,bright,False,39.22876296021916
UnripeApple,aug_0_9477.jpg,0.4180484693877551,dark,False,59.231942790542064
UnripeApple,aug_0_9479.jpg,0.1640027104591837,bright,False,47.20341206250066
UnripeApple,aug_0_9480.jpg,0.4452527104591837,bright,False,51.13345996548912
UnripeApple,aug_0_9482.jpg,0.09173708545918367,bright,False,55.36834694037083
UnripeApple,aug_0_9484.jpg,0.1637236926020408,bright,False,62.41541054326327
UnripeApple,aug_0_9485.jpg,0.29880819515306123,dark,False,47.010238514035954
UnripeApple,aug_0_9488.jpg,0.3313536352040816,dark,False,58.11687243096916
UnripeApple,aug_0_949.jpg,0.5067362882653061,dark,False,42.460058753575325
UnripeApple,aug_0_9490.jpg,0.20818718112244897,bright,False,48.015341810766195
UnripeApple,aug_0_9494.jpg,0.35024713010204084,dark,False,58.271165674697535
UnripeApple,aug_0_9496.jpg,0.3194156568877551,bright,False,62.23822401960569
UnripeApple,aug_0_9511.jpg,0.33310746173469385,dark,False,54.065735629992844
UnripeApple,aug_0_9543.jpg,0.4876235650510204,bright,False,49.02361818533894
UnripeApple,aug_0_9546.jpg,0.34121890943877553,dark,False,45.286102698101956
UnripeApple,aug_0_9551.jpg,0.23622847576530612,dark,False,50.267260473528445
UnripeApple,aug_0_9557.jpg,0.2531688456632653,dark,False,63.91750629785102
UnripeApple,aug_0_9576.jpg,0.0745376275510204,dark,False,52.66141651399641
UnripeApple,aug_0_9578.jpg,0.47163982780612246,bright,False,41.58343383026021
UnripeApple,aug_0_9584.jpg,0.38783482142857145,dark,False,54.63271220057766
UnripeApple,aug_0_9591.jpg,0.3344826211734694,dark,False,56.10537750392592
UnripeApple,aug_0_9597.jpg,0.28772720025510207,bright,False,69.05918844720748
UnripeApple,aug_0_9611.jpg,0.29374601403061223,dark,False,50.79288236350476
UnripeApple,aug_0_9617.jpg,0.6045719068877551,dark,False,77.9320408054772
UnripeApple,aug_0_962.jpg,0.5517777423469388,dark,False,50.34246813397974
UnripeApple,aug_0_9620.jpg,0.4919284119897959,bright,False,49.049705760355266
UnripeApple,aug_0_9621.jpg,0.23686623086734693,bright,False,39.52961814737869
UnripeApple,aug_0_9625.jpg,0.4036391900510204,bright,False,51.208263054471324
UnripeApple,aug_0_9630.jpg,0.26209741709183676,bright,False,47.83695332983513
UnripeApple,aug_0_9635.jpg,0.08801020408163265,bright,False,14.150700786246299
UnripeApple,aug_0_9640.jpg,0.10801977040816327,bright,False,45.719813217109625
UnripeApple,aug_0_9643.jpg,0.2957389987244898,bright,False,41.61635355130199
UnripeApple,aug_0_9655.jpg,0.24216757015306123,bright,False,45.83815946035653
UnripeApple,aug_0_9657.jpg,0.1527423469387755,bright,False,49.522199432867545
UnripeApple,aug_0_9663.jpg,0.45689174107142855,dark,False,44.08736884997597
UnripeApple,aug_0_9672.jpg,0.5565409757653061,bright,False,64.97510851480148
UnripeApple,aug_0_9677.jpg,0.41914461096938777,dark,False,61.90612483719989
UnripeApple,aug_0_9680.jpg,0.13713727678571427,bright,False,44.901969991064675
UnripeApple,aug_0_9681.jpg,0.18443080357142858,dark,False,71.52736683125977
UnripeApple,aug_0_9683.jpg,0.3452048788265306,bright,False,62.70098808962371
UnripeApple,aug_0_9695.jpg,0.5301139987244898,bright,False,57.09780726788809
UnripeApple,aug_0_9699.jpg,0.3329480229591837,bright,False,64.61507119036732
UnripeApple,aug_0_97.jpg,0.5358537946428571,bright,False,61.251677849444526
UnripeApple,aug_0_9704.jpg,0.26381138392857145,dark,False,48.0845988614162
UnripeApple,aug_0_9707.jpg,0.39237882653061223,bright,False,58.99165562135935
UnripeApple,aug_0_971.jpg,0.17801339285714285,bright,False,50.18824117165274
UnripeApple,aug_0_9714.jpg,0.37675382653061223,dark,False,51.86905835089018
UnripeApple,aug_0_9719.jpg,0.06947544642857142,dark,False,71.28673741218033
UnripeApple,aug_0_972.jpg,0.4655612244897959,bright,False,55.229185476084865
UnripeApple,aug_0_9721.jpg,0.19365832270408162,dark,False,79.03621799426388
UnripeApple,aug_0_9724.jpg,0.33627630739795916,bright,False,61.56536183466761
UnripeApple,aug_0_9728.jpg,0.21815210459183673,dark,False,61.165444728776684
UnripeApple,aug_0_973.jpg,0.3386280293367347,dark,False,50.23540798794206
UnripeApple,aug_0_9731.jpg,0.26424984056122447,bright,False,49.04132061644405
UnripeApple,aug_0_9735.jpg,0.32810507015306123,bright,False,53.55564101642639
UnripeApple,aug_0_974.jpg,0.3010403380102041,bright,False,58.216073665461174
UnripeApple,aug_0_9743.jpg,0.30068160076530615,bright,False,62.47322882726517
UnripeApple,aug_0_9751.jpg,0.44272161989795916,bright,False,37.98264192097393
UnripeApple,aug_0_9754.jpg,0.435726243622449,bright,False,59.906847941016416
UnripeApple,aug_0_9755.jpg,0.5578364158163265,dark,False,52.378054568544705
UnripeApple,aug_0_9761.jpg,0.44591039540816324,bright,False,49.98594932322646
UnripeApple,aug_0_9766.jpg,0.2829440369897959,bright,False,24.01608289354914
UnripeApple,aug_0_9768.jpg,0.4290298150510204,dark,False,56.80838208168086
UnripeApple,aug_0_9776.jpg,0.17729591836734693,dark,False,67.57447878566238
UnripeApple,aug_0_9789.jpg,0.1564891581632653,dark,False,63.73438107535848
UnripeApple,aug_0_9795.jpg,0.22979113520408162,dark,False,33.09151339683477
UnripeApple,aug_0_9799.jpg,0.08462213010204081,dark,False,68.42555363242002
UnripeApple,aug_0_98.jpg,0.31018813775510207,dark,False,54.373235752065135
UnripeApple,aug_0_9818.jpg,0.3288624043367347,bright,False,47.892044593962105
UnripeApple,aug_0_982.jpg,0.4315609056122449,dark,False,73.53201825841928
UnripeApple,aug_0_9829.jpg,0.2621572066326531,dark,False,26.14324612039592
UnripeApple,aug_0_9830.jpg,0.12384406887755102,bright,False,55.75604451681886
UnripeApple,aug_0_9832.jpg,0.39271763392857145,bright,False,32.30441489031867
UnripeApple,aug_0_9833.jpg,0.43861607142857145,dark,False,31.31208470843836
UnripeApple,aug_0_984.jpg,0.4211575255102041,bright,False,39.82480821923557
UnripeApple,aug_0_9840.jpg,0.2174346301020408,dark,False,47.2594238928292
UnripeApple,aug_0_9842.jpg,0.42873086734693877,bright,False,50.74569188785646
UnripeApple,aug_0_9844.jpg,0.3596141581632653,bright,False,49.7260024829163
UnripeApple,aug_0_985.jpg,0.22516741071428573,bright,False,65.51943847316996
UnripeApple,aug_0_9856.jpg,0.3100685586734694,dark,False,46.97204487890972
UnripeApple,aug_0_9858.jpg,0.4907924107142857,bright,False,64.20332917247923
UnripeApple,aug_0_9865.jpg,0.42576132015306123,dark,False,54.60696938045432
UnripeApple,aug_0_9867.jpg,0.36356026785714285,bright,False,45.402304368509
UnripeApple,aug_0_9870.jpg,0.1604950573979592,dark,False,0.1377477815013882
UnripeApple,aug_0_9879.jpg,0.34432796556122447,dark,False,46.71739725633742
UnripeApple,aug_0_9883.jpg,0.09155771683673469,dark,False,54.86865398115373
UnripeApple,aug_0_9884.jpg,0.15357940051020408,bright,False,55.62364842654751
UnripeApple,aug_0_9885.jpg,0.2865712691326531,dark,False,22.165615361770737
UnripeApple,aug_0_9886.jpg,0.14243861607142858,dark,False,9.324818011468107
UnripeApple,aug_0_9892.jpg,0.08011798469387756,bright,False,45.67956545687477
UnripeApple,aug_0_9901.jpg,0.19192442602040816,dark,False,35.9858586907122
UnripeApple,aug_0_9902.jpg,0.5434271364795918,bright,False,53.531558971217265
UnripeApple,aug_0_991.jpg,0.26967075892857145,bright,False,43.996393652898384
UnripeApple,aug_0_9911.jpg,0.4151586415816326,dark,False,22.811292673192245
UnripeApple,aug_0_9914.jpg,0.2895408163265306,bright,False,51.74151138848601
UnripeApple,aug_0_9917.jpg,0.19917889030612246,bright,False,39.99785427201192
UnripeApple,aug_0_9920.jpg,0.3842673788265306,bright,False,37.253076148643565
UnripeApple,aug_0_9921.jpg,0.13508450255102042,dark,False,74.23759535590916
UnripeApple,aug_0_9925.jpg,0.2474689094387755,dark,False,65.38249759444739
UnripeApple,aug_0_9926.jpg,0.47219786352040816,bright,False,45.82267539188198
UnripeApple,aug_0_9928.jpg,0.38968829719387754,dark,False,61.91810763713615
UnripeApple,aug_0_9935.jpg,0.1719347895408163,dark,False,47.15961175990531
UnripeApple,aug_0_9939.jpg,0.33900669642857145,dark,False,53.504937440078514
UnripeApple,aug_0_9945.jpg,0.9416254783163265,bright,False,52.23074034306126
UnripeApple,aug_0_9948.jpg,0.23307955994897958,bright,False,56.16741090299596
UnripeApple,aug_0_9951.jpg,0.06210140306122449,dark,False,50.524279552268204
UnripeApple,aug_0_9957.jpg,0.3823341836734694,bright,False,58.77152292803239
UnripeApple,aug_0_996.jpg,0.15491470025510204,bright,False,68.18543398920654
UnripeApple,aug_0_9965.jpg,0.31825972576530615,bright,False,35.84905738568925
UnripeApple,aug_0_9971.jpg,0.3037109375,dark,False,3.941348833323533
UnripeApple,aug_0_9973.jpg,0.22303491709183673,bright,False,32.609993848260935
UnripeApple,aug_0_998.jpg,0.325374681122449,dark,False,59.36871361575411
UnripeApple,aug_0_9989.jpg,0.23846061862244897,bright,False,37.27937808051286
UnripeApple,aug_0_9991.jpg,0.3332669005102041,bright,False,39.47648389495189
UnripeApple,aug_0_9996.jpg,0.2461535395408163,bright,False,41.90785067620599
RipeApple,rotated_by_15_Screen Shot 2018-06-08 at 4.59.36 PM.png,0.3053651147959184,dark,False,122.96705766941687
RipeApple,rotated_by_15_Screen Shot 2018-06-08 at 4.59.44 PM.png,0.08135363520408163,dark,False,120.61088799984879
RipeApple,rotated_by_15_Screen Shot 2018-06-08 at 4.59.57 PM.png,0.9004703443877551,bright,False,119.25222518974927
RipeApple,rotated_by_15_Screen Shot 2018-06-08 at 5.00.03 PM.png,0.8999920280612245,bright,False,123.99463816866593
RipeApple,rotated_by_15_Screen Shot 2018-06-08 at 5.00.12 PM.png,0.8980389030612245,bright,False,119.18689477191951
RipeApple,rotated_by_15_Screen Shot 2018-06-08 at 5.00.18 PM.png,0.8925980548469388,bright,False,120.79110426598754
RipeApple,rotated_by_15_Screen Shot 2018-06-08 at 5.00.26 PM.png,0.05149872448979592,dark,False,124.35684052516638
RipeApple,rotated_by_15_Screen Shot 2018-06-08 at 5.00.50 PM.png,0.1714764030612245,dark,False,121.64444944767884
RipeApple,rotated_by_15_Screen Shot 2018-06-08 at 5.01.08 PM.png,0.36575255102040816,dark,False,119.01680315933284
RipeApple,rotated_by_15_Screen Shot 2018-06-08 at 5.01.15 PM.png,0.8977598852040817,bright,False,122.81724584998067
RipeApple,rotated_by_15_Screen Shot 2018-06-08 at 5.01.22 PM.png,0.8995336415816326,bright,False,124.79277053336085
RipeApple,rotated_by_15_Screen Shot 2018-06-08 at 5.01.29 PM.png,0.07230548469387756,dark,False,123.83527674012514
RipeApple,rotated_by_15_Screen Shot 2018-06-08 at 5.01.34 PM.png,0.8991350446428571,bright,False,124.97127617287676
RipeApple,rotated_by_15_Screen Shot 2018-06-08 at 5.01.41 PM.png,0.9001913265306123,bright,False,123.12030281041422
RipeApple,rotated_by_15_Screen Shot 2018-06-08 at 5.02.24 PM.png,0.9005500637755102,bright,False,124.69745422254489
RipeApple,rotated_by_15_Screen Shot 2018-06-08 at 5.02.31 PM.png,0.8995336415816326,bright,False,124.50755347395051
RipeApple,rotated_by_15_Screen Shot 2018-06-08 at 5.02.38 PM.png,0.8983777104591837,bright,False,124.76122731934838
RipeApple,rotated_by_15_Screen Shot 2018-06-08 at 5.02.43 PM.png,0.1512874681122449,dark,False,123.40375294561697
RipeApple,rotated_by_15_Screen Shot 2018-06-08 at 5.02.48 PM.png,0.2142657844387755,dark,False,119.40167103354439
RipeApple,rotated_by_15_Screen Shot 2018-06-08 at 5.03.05 PM.png,0.8991749043367347,bright,False,111.47768028259107
RipeApple,rotated_by_15_Screen Shot 2018-06-08 at 5.03.10 PM.png,0.8994140625,bright,False,124.43405801871387
RipeApple,rotated_by_15_Screen Shot 2018-06-08 at 5.03.17 PM.png,0.3806999362244898,dark,False,118.97708448598691
RipeApple,rotated_by_15_Screen Shot 2018-06-08 at 5.03.26 PM.png,0.8966039540816326,bright,False,120.19452967805351
RipeApple,rotated_by_15_Screen Shot 2018-06-08 at 5.03.34 PM.png,0.05444834183673469,dark,False,121.25019801867585
RipeApple,rotated_by_15_Screen Shot 2018-06-08 at 5.03.40 PM.png,0.8999720982142857,bright,False,122.29194528668053
RipeApple,rotated_by_15_Screen Shot 2018-06-08 at 5.03.59 PM.png,0.09612165178571429,dark,False,123.30337406692428
RipeApple,rotated_by_15_Screen Shot 2018-06-08 at 5.04.05 PM.png,0.9003507653061225,bright,False,120.71729274508324
RipeApple,rotated_by_15_Screen Shot 2018-06-08 at 5.04.11 PM.png,0.3536352040816326,dark,False,125.20763138621594
RipeApple,rotated_by_15_Screen Shot 2018-06-08 at 5.04.16 PM.png,0.2425860969387755,dark,False,125.29647557035588
RipeApple,rotated_by_15_Screen Shot 2018-06-08 at 5.04.24 PM.png,0.3247568558673469,dark,False,125.3692335914681
RipeApple,rotated_by_15_Screen Shot 2018-06-08 at 5.04.31 PM.png,0.19294084821428573,dark,False,120.32002554568028
RipeApple,rotated_by_15_Screen Shot 2018-06-08 at 5.04.48 PM.png,0.8959462691326531,bright,False,122.20948743854159
RipeApple,rotated_by_15_Screen Shot 2018-06-08 at 5.05.06 PM.png,0.8968231823979592,bright,False,119.50591801473867
RipeApple,rotated_by_15_Screen Shot 2018-06-08 at 5.05.12 PM.png,0.09962930484693877,dark,False,122.11989851962583
RipeApple,rotated_by_15_Screen Shot 2018-06-08 at 5.05.18 PM.png,0.07384008290816327,dark,False,123.03045555149924
RipeApple,rotated_by_15_Screen Shot 2018-06-08 at 5.05.27 PM.png,0.8995735012755102,bright,False,123.53945749551337
RipeApple,rotated_by_15_Screen Shot 2018-06-08 at 5.05.34 PM.png,0.8995535714285714,bright,False,120.89149548434102
RipeApple,rotated_by_15_Screen Shot 2018-06-08 at 5.05.41 PM.png,0.8975207270408163,bright,False,121.13410015470309
RipeApple,rotated_by_15_Screen Shot 2018-06-08 at 5.05.48 PM.png,0.07627152423469388,dark,False,122.87101387649791
RipeApple,rotated_by_15_Screen Shot 2018-06-08 at 5.06.10 PM.png,0.8987763073979592,bright,False,121.92487439261377
RipeApple,rotated_by_15_Screen Shot 2018-06-08 at 5.06.19 PM.png,0.894889987244898,bright,False,121.818660151953
RipeApple,rotated_by_15_Screen Shot 2018-06-08 at 5.06.33 PM.png,0.8926777742346939,bright,False,117.73172054226522
RipeApple,rotated_by_15_Screen Shot 2018-06-08 at 5.06.40 PM.png,0.9000916772959183,bright,False,118.4623495730962
RipeApple,rotated_by_15_Screen Shot 2018-06-08 at 5.06.47 PM.png,0.8999123086734694,bright,False,122.36183834473466
RipeApple,rotated_by_15_Screen Shot 2018-06-08 at 5.06.54 PM.png,0.8985570790816326,bright,False,117.71048565194094
RipeApple,rotated_by_15_Screen Shot 2018-06-08 at 5.07.18 PM.png,0.1455875318877551,dark,False,119.06588138195197
RipeApple,rotated_by_15_Screen Shot 2018-06-08 at 5.07.26 PM.png,0.12872688137755103,dark,False,120.41394538418217
RipeApple,rotated_by_15_Screen Shot 2018-06-08 at 5.07.32 PM.png,0.3853236607142857,dark,False,120.97545342226972
RipeApple,rotated_by_15_Screen Shot 2018-06-08 at 5.08.37 PM.png,0.21097735969387754,dark,False,117.4307684906858
RipeApple,rotated_by_15_Screen Shot 2018-06-08 at 5.08.52 PM.png,0.8999322385204082,bright,False,124.7856072600527
RipeApple,rotated_by_15_Screen Shot 2018-06-08 at 5.08.58 PM.png,0.8994140625,bright,False,123.47290083111064
RipeApple,rotated_by_15_Screen Shot 2018-06-08 at 5.09.03 PM.png,0.4526466836734694,dark,False,120.80345174199219
RipeApple,rotated_by_15_Screen Shot 2018-06-08 at 5.09.10 PM.png,0.30781648596938777,dark,False,124.1714699377962
RipeApple,rotated_by_15_Screen Shot 2018-06-08 at 5.09.17 PM.png,0.900031887755102,bright,False,123.48859780041505
RipeApple,rotated_by_15_Screen Shot 2018-06-08 at 5.09.25 PM.png,0.25452407525510207,dark,False,122.52937300769906
RipeApple,rotated_by_15_Screen Shot 2018-06-08 at 5.09.31 PM.png,0.9005301339285714,bright,False,122.53612688522004
RipeApple,rotated_by_15_Screen Shot 2018-06-08 at 5.09.47 PM.png,0.8977598852040817,bright,False,119.96065044906088
RipeApple,rotated_by_15_Screen Shot 2018-06-08 at 5.09.54 PM.png,0.8996332908163265,bright,False,121.45172125494018
RipeApple,rotated_by_15_Screen Shot 2018-06-08 at 5.10.03 PM.png,0.2522520727040816,dark,False,121.97709118823722
RipeApple,rotated_by_15_Screen Shot 2018-06-08 at 5.10.11 PM.png,0.8983179209183674,bright,False,119.02085879502049
RipeApple,rotated_by_15_Screen Shot 2018-06-08 at 5.10.21 PM.png,0.44349888392857145,dark,False,123.88859465658287
RipeApple,rotated_by_15_Screen Shot 2018-06-08 at 5.10.37 PM.png,0.899772799744898,bright,False,124.11038135470965
RipeApple,rotated_by_15_Screen Shot 2018-06-08 at 5.10.43 PM.png,0.8994339923469388,bright,False,120.08346646438271
RipeApple,rotated_by_15_Screen Shot 2018-06-08 at 5.10.53 PM.png,0.8996731505102041,bright,False,121.41719020812606
RipeApple,rotated_by_15_Screen Shot 2018-06-08 at 5.11.08 PM.png,0.8998724489795918,bright,False,121.9181271832021
RipeApple,rotated_by_15_Screen Shot 2018-06-08 at 5.11.16 PM.png,0.38143734056122447,dark,False,122.9951929268264
RipeApple,rotated_by_15_Screen Shot 2018-06-08 at 5.11.24 PM.png,0.42532286352040816,dark,False,118.12060766843764
RipeApple,rotated_by_15_Screen Shot 2018-06-08 at 5.11.35 PM.png,0.22016501913265307,dark,False,124.15843866387662
RipeApple,rotated_by_15_Screen Shot 2018-06-08 at 5.11.41 PM.png,0.41426179846938777,dark,False,118.75427931897734
RipeApple,rotated_by_15_Screen Shot 2018-06-08 at 5.11.52 PM.png,0.3005221619897959,dark,False,122.08428246105429
RipeApple,rotated_by_15_Screen Shot 2018-06-08 at 5.11.59 PM.png,0.3960459183673469,dark,False,122.39352685934212
RipeApple,rotated_by_15_Screen Shot 2018-06-08 at 5.12.14 PM.png,0.8990154655612245,bright,False,120.38782352456253
RipeApple,rotated_by_15_Screen Shot 2018-06-08 at 5.12.20 PM.png,0.3785873724489796,dark,False,101.682482416153
RipeApple,rotated_by_15_Screen Shot 2018-06-08 at 5.12.29 PM.png,0.8988560267857143,bright,False,125.07638052288598
RipeApple,rotated_by_15_Screen Shot 2018-06-08 at 5.12.34 PM.png,0.900031887755102,bright,False,122.6954576004566
RipeApple,rotated_by_15_Screen Shot 2018-06-08 at 5.12.41 PM.png,0.057298309948979595,dark,False,121.43819051149354
RipeApple,rotated_by_15_Screen Shot 2018-06-08 at 5.12.47 PM.png,0.8992346938775511,bright,False,121.86454119374055
RipeApple,rotated_by_15_Screen Shot 2018-06-08 at 5.12.56 PM.png,0.8984375,bright,False,121.99588053162655
RipeApple,rotated_by_15_Screen Shot 2018-06-08 at 5.13.02 PM.png,0.4702048788265306,dark,False,116.7021097033123
RipeApple,rotated_by_15_Screen Shot 2018-06-08 at 5.13.10 PM.png,0.8997329400510204,bright,False,125.00904082512841
RipeApple,rotated_by_15_Screen Shot 2018-06-08 at 5.13.18 PM.png,0.8995336415816326,bright,False,125.33473452486736
RipeApple,rotated_by_15_Screen Shot 2018-06-08 at 5.13.25 PM.png,0.899772799744898,bright,False,123.5215384337747
RipeApple,rotated_by_15_Screen Shot 2018-06-08 at 5.13.31 PM.png,0.898078762755102,bright,False,124.18240141504845
RipeApple,rotated_by_15_Screen Shot 2018-06-08 at 5.13.40 PM.png,0.05759725765306122,dark,False,120.26051804273065
RipeApple,rotated_by_15_Screen Shot 2018-06-08 at 5.13.45 PM.png,0.3776307397959184,dark,False,120.51315558793802
RipeApple,rotated_by_15_Screen Shot 2018-06-08 at 5.13.54 PM.png,0.8997130102040817,bright,False,124.1748410363143
RipeApple,rotated_by_15_Screen Shot 2018-06-08 at 5.14.01 PM.png,0.9004902742346939,bright,False,124.12953995680773
RipeApple,rotated_by_15_Screen Shot 2018-06-08 at 5.14.07 PM.png,0.07346141581632654,dark,False,120.45860934489171
RipeApple,rotated_by_15_Screen Shot 2018-06-08 at 5.14.44 PM.png,0.37521922831632654,dark,False,124.89144751504136
RipeApple,rotated_by_15_Screen Shot 2018-06-08 at 5.14.56 PM.png,0.07106983418367346,dark,False,125.07606668513517
RipeApple,rotated_by_15_Screen Shot 2018-06-08 at 5.15.01 PM.png,0.29982461734693877,dark,False,118.04518824673893
RipeApple,rotated_by_15_Screen Shot 2018-06-08 at 5.15.09 PM.png,0.8999322385204082,bright,False,122.44324275819754
RipeApple,rotated_by_15_Screen Shot 2018-06-08 at 5.15.14 PM.png,0.5381257971938775,dark,False,122.1246614807575
RipeApple,rotated_by_15_Screen Shot 2018-06-08 at 5.15.21 PM.png,0.16458067602040816,dark,False,119.61609987864428
RipeApple,rotated_by_15_Screen Shot 2018-06-08 at 5.15.28 PM.png,0.06760204081632654,dark,False,123.59784457599267
RipeApple,rotated_by_15_Screen Shot 2018-06-08 at 5.15.34 PM.png,0.900031887755102,bright,False,123.68765997719879
RipeApple,rotated_by_15_Screen Shot 2018-06-08 at 5.15.39 PM.png,0.4879623724489796,dark,False,122.27187913054053
RipeApple,rotated_by_15_Screen Shot 2018-06-08 at 5.15.45 PM.png,0.8990353954081632,bright,False,122.75421523794682
RipeApple,rotated_by_15_Screen Shot 2018-06-08 at 5.15.52 PM.png,0.23479352678571427,dark,False,124.01287209630459
RipeApple,rotated_by_15_Screen Shot 2018-06-08 at 5.16.06 PM.png,0.11778539540816327,dark,False,117.84549000927937
RipeApple,rotated_by_15_Screen Shot 2018-06-08 at 5.16.16 PM.png,0.8997130102040817,bright,False,124.61251209662355
RipeApple,rotated_by_15_Screen Shot 2018-06-08 at 5.16.28 PM.png,0.8979193239795918,bright,False,125.39259600246135
RipeApple,rotated_by_15_Screen Shot 2018-06-08 at 5.16.33 PM.png,0.08950494260204081,dark,False,123.90252314634533
RipeApple,rotated_by_15_Screen Shot 2018-06-08 at 5.16.37 PM.png,0.8991948341836735,bright,False,121.2205544548916
RipeApple,rotated_by_15_Screen Shot 2018-06-08 at 5.16.44 PM.png,0.46914859693877553,dark,False,119.0332028055807
RipeApple,rotated_by_15_Screen Shot 2018-06-08 at 5.16.49 PM.png,0.15425701530612246,dark,False,122.13196328407116
RipeApple,rotated_by_15_Screen Shot 2018-06-08 at 5.16.57 PM.png,0.8943319515306123,bright,False,119.01469510997288
RipeApple,rotated_by_15_Screen Shot 2018-06-08 at 5.17.10 PM.png,0.055185746173469385,dark,False,119.46462279802161
RipeApple,rotated_by_15_Screen Shot 2018-06-08 at 5.17.22 PM.png,0.9006297831632653,bright,False,125.4074739578623
RipeApple,rotated_by_15_Screen Shot 2018-06-08 at 5.17.34 PM.png,0.9003507653061225,bright,False,120.61358766707197
RipeApple,rotated_by_15_Screen Shot 2018-06-08 at 5.17.42 PM.png,0.07372050382653061,dark,False,115.97137443380012
RipeApple,rotated_by_15_Screen Shot 2018-06-08 at 5.18.12 PM.png,0.28603316326530615,dark,False,121.03944290355923
RipeApple,rotated_by_15_Screen Shot 2018-06-08 at 5.18.16 PM.png,0.8990951849489796,bright,False,119.50737065123671
RipeApple,rotated_by_15_Screen Shot 2018-06-08 at 5.18.26 PM.png,0.4258609693877551,dark,False,122.16747054297825
RipeApple,rotated_by_15_Screen Shot 2018-06-08 at 5.18.42 PM.png,0.8963050063775511,bright,False,122.28198941980143
RipeApple,rotated_by_15_Screen Shot 2018-06-08 at 5.18.51 PM.png,0.8786471619897959,bright,False,120.87094496698798
RipeApple,rotated_by_15_Screen Shot 2018-06-08 at 5.18.58 PM.png,0.8923788265306123,bright,False,110.39357224315684
RipeApple,rotated_by_15_Screen Shot 2018-06-08 at 5.19.15 PM.png,0.5912388392857143,dark,False,124.55827903486706
RipeApple,rotated_by_15_Screen Shot 2018-06-08 at 5.19.28 PM.png,0.21946747448979592,bright,False,116.2340737443139
RipeApple,rotated_by_15_Screen Shot 2018-06-08 at 5.19.35 PM.png,0.8993742028061225,bright,False,120.3170805603652
RipeApple,rotated_by_15_Screen Shot 2018-06-08 at 5.19.47 PM.png,0.4112922512755102,dark,False,121.6195750745815
RipeApple,rotated_by_15_Screen Shot 2018-06-08 at 5.19.58 PM.png,0.8636599170918368,bright,False,121.62457071432034
RipeApple,rotated_by_15_Screen Shot 2018-06-08 at 5.20.08 PM.png,0.3756576849489796,dark,False,121.77151830417444
RipeApple,rotated_by_15_Screen Shot 2018-06-08 at 5.20.17 PM.png,0.8969029017857143,bright,False,117.74227291910286
RipeApple,rotated_by_15_Screen Shot 2018-06-08 at 5.20.26 PM.png,0.8995735012755102,bright,False,121.52598702348833
RipeApple,rotated_by_15_Screen Shot 2018-06-08 at 5.20.32 PM.png,0.14861686862244897,dark,False,124.24950273985382
RipeApple,rotated_by_15_Screen Shot 2018-06-08 at 5.20.51 PM.png,0.8993343431122449,bright,False,121.55940507081986
RipeApple,rotated_by_15_Screen Shot 2018-06-08 at 5.20.56 PM.png,0.4051538584183674,dark,False,117.85286271628884
RipeApple,rotated_by_15_Screen Shot 2018-06-08 at 5.21.06 PM.png,0.8979591836734694,bright,False,123.75779211067214
RipeApple,rotated_by_15_Screen Shot 2018-06-08 at 5.21.22 PM.png,0.8934351084183674,bright,False,122.75078648997753
RipeApple,rotated_by_15_Screen Shot 2018-06-08 at 5.21.31 PM.png,0.8995735012755102,bright,False,123.40732348413917
RipeApple,rotated_by_15_Screen Shot 2018-06-08 at 5.21.40 PM.png,0.8836495535714286,bright,False,121.28490144946058
RipeApple,rotated_by_15_Screen Shot 2018-06-08 at 5.21.44 PM.png,0.09769610969387756,dark,False,120.06931042713519
RipeApple,rotated_by_15_Screen Shot 2018-06-08 at 5.21.51 PM.png,0.06455277423469388,dark,False,121.9123966036293
RipeApple,rotated_by_15_Screen Shot 2018-06-08 at 5.21.56 PM.png,0.0643734056122449,dark,False,122.32462184121077
RipeApple,rotated_by_15_Screen Shot 2018-06-08 at 5.22.15 PM.png,0.8977000956632653,bright,False,121.78095408003996
RipeApple,rotated_by_15_Screen Shot 2018-06-08 at 5.22.20 PM.png,0.8936742665816326,bright,False,113.29702485962291
RipeApple,rotated_by_15_Screen Shot 2018-06-08 at 5.22.27 PM.png,0.8985371492346939,bright,False,114.15706234950899
RipeApple,rotated_by_15_Screen Shot 2018-06-08 at 5.22.35 PM.png,0.8972018494897959,bright,False,122.10418755866208
RipeApple,rotated_by_15_Screen Shot 2018-06-08 at 5.22.48 PM.png,0.12392378826530612,dark,False,73.60546674398732
RipeApple,rotated_by_15_Screen Shot 2018-06-08 at 5.22.58 PM.png,0.9009486607142857,bright,False,123.43494792818926
RipeApple,rotated_by_15_Screen Shot 2018-06-08 at 5.23.07 PM.png,0.8979193239795918,bright,False,122.07614812616062
RipeApple,rotated_by_15_Screen Shot 2018-06-08 at 5.23.14 PM.png,0.9005301339285714,bright,False,122.41091311550292
RipeApple,rotated_by_15_Screen Shot 2018-06-08 at 5.23.23 PM.png,0.8991948341836735,bright,False,122.23431549680242
RipeApple,rotated_by_15_Screen Shot 2018-06-08 at 5.23.26 PM.png,0.8963448660714286,bright,False,122.61562237471962
RipeApple,rotated_by_15_Screen Shot 2018-06-08 at 5.23.31 PM.png,0.8994339923469388,bright,False,122.67888424610408
RipeApple,rotated_by_15_Screen Shot 2018-06-08 at 5.23.51 PM.png,0.7096619897959183,bright,False,47.90586287613954
RipeApple,rotated_by_15_Screen Shot 2018-06-08 at 5.24.12 PM.png,0.09107940051020408,dark,False,118.02882411091082
RipeApple,rotated_by_15_Screen Shot 2018-06-08 at 5.24.19 PM.png,0.17042012117346939,dark,False,118.84944749262388
RipeApple,rotated_by_15_Screen Shot 2018-06-08 at 5.24.35 PM.png,0.15483498086734693,dark,False,113.30578106607588
RipeApple,rotated_by_15_Screen Shot 2018-06-08 at 5.25.02 PM.png,0.8942920918367347,bright,False,109.05324990725019
RipeApple,rotated_by_15_Screen Shot 2018-06-08 at 5.25.22 PM.png,0.10497050382653061,dark,False,122.85880375385328
RipeApple,rotated_by_15_Screen Shot 2018-06-08 at 5.25.28 PM.png,0.2802136479591837,dark,False,124.30488591867989
RipeApple,rotated_by_15_Screen Shot 2018-06-08 at 5.25.37 PM.png,0.8970822704081632,bright,False,122.34340422624098
RipeApple,rotated_by_15_Screen Shot 2018-06-08 at 5.26.05 PM.png,0.9003706951530612,bright,False,119.2687233571143
RipeApple,rotated_by_15_Screen Shot 2018-06-08 at 5.26.24 PM.png,0.8983777104591837,bright,False,121.3763665471659
RipeApple,rotated_by_15_Screen Shot 2018-06-08 at 5.26.29 PM.png,0.8993742028061225,bright,False,122.18733985352799
RipeApple,rotated_by_15_Screen Shot 2018-06-08 at 5.26.36 PM.png,0.8994539221938775,bright,False,117.58889844164344
RipeApple,rotated_by_15_Screen Shot 2018-06-08 at 5.26.41 PM.png,0.8999521683673469,bright,False,125.17678261114828
RipeApple,rotated_by_15_Screen Shot 2018-06-08 at 5.26.47 PM.png,0.8985770089285714,bright,False,124.67039139952874
RipeApple,rotated_by_15_Screen Shot 2018-06-08 at 5.26.52 PM.png,0.05131935586734694,dark,False,123.37883028770216
RipeApple,rotated_by_15_Screen Shot 2018-06-08 at 5.26.58 PM.png,0.06602758290816327,dark,False,119.81519788277537
RipeApple,rotated_by_15_Screen Shot 2018-06-08 at 5.27.06 PM.png,0.8990353954081632,bright,False,110.57736187678415
RipeApple,rotated_by_15_Screen Shot 2018-06-08 at 5.27.13 PM.png,0.30325255102040816,bright,False,121.81896086083209
RipeApple,rotated_by_15_Screen Shot 2018-06-08 at 5.27.34 PM.png,0.6063257334183674,dark,False,120.42309606628667
RipeApple,rotated_by_15_Screen Shot 2018-06-08 at 5.27.49 PM.png,0.8975605867346939,bright,False,124.96183999165375
RipeApple,rotated_by_15_Screen Shot 2018-06-08 at 5.28.04 PM.png,0.8991948341836735,bright,False,122.97393338556849
RipeApple,rotated_by_15_Screen Shot 2018-06-08 at 5.28.15 PM.png,0.8967036033163265,bright,False,116.9564046709733
RipeApple,rotated_by_15_Screen Shot 2018-06-08 at 5.28.24 PM.png,0.899055325255102,bright,False,123.48175447626255
RipeApple,rotated_by_15_Screen Shot 2018-06-08 at 5.28.32 PM.png,0.8966637436224489,bright,False,117.36078426754852
RipeApple,rotated_by_15_Screen Shot 2018-06-08 at 5.28.38 PM.png,0.1100326849489796,dark,False,120.68342244083375
RipeApple,rotated_by_15_Screen Shot 2018-06-08 at 5.28.42 PM.png,0.08880739795918367,dark,False,117.35760988489305
RipeApple,rotated_by_15_Screen Shot 2018-06-08 at 5.28.48 PM.png,0.05016342474489796,dark,False,120.03817392900247
RipeApple,rotated_by_15_Screen Shot 2018-06-08 at 5.29.07 PM.png,0.09197624362244898,dark,False,122.19801653781444
RipeApple,rotated_by_15_Screen Shot 2018-06-08 at 5.29.13 PM.png,0.9000518176020408,bright,False,118.62938274022575
RipeApple,rotated_by_15_Screen Shot 2018-06-08 at 5.29.18 PM.png,0.8978396045918368,bright,False,122.19951079895627
RipeApple,rotated_by_15_Screen Shot 2018-06-08 at 5.29.24 PM.png,0.8945910395408163,bright,False,119.68615683438769
RipeApple,rotated_by_15_Screen Shot 2018-06-08 at 5.29.31 PM.png,0.899055325255102,bright,False,120.80902685391045
RipeApple,rotated_by_15_Screen Shot 2018-06-08 at 5.32.33 PM.png,0.8983179209183674,bright,False,119.97722937100313
RipeApple,rotated_by_15_Screen Shot 2018-06-08 at 5.32.38 PM.png,0.4116709183673469,dark,False,125.41259980122021
RipeApple,rotated_by_15_Screen Shot 2018-06-08 at 5.32.43 PM.png,0.14518893494897958,dark,False,123.70402835061797
RipeApple,rotated_by_15_Screen Shot 2018-06-08 at 5.32.50 PM.png,0.8990951849489796,bright,False,112.13883830356541
RipeApple,rotated_by_15_Screen Shot 2018-06-08 at 5.33.05 PM.png,0.08318718112244898,dark,False,114.46109285255655
RipeApple,rotated_by_15_Screen Shot 2018-06-08 at 5.33.11 PM.png,0.8988958864795918,bright,False,118.16234778093629
RipeApple,rotated_by_15_Screen Shot 2018-06-08 at 5.33.18 PM.png,0.06190210459183673,dark,False,111.67369806845572
RipeApple,rotated_by_15_Screen Shot 2018-06-08 at 5.33.27 PM.png,0.058713329081632654,dark,False,117.28353887864667
RipeApple,rotated_by_15_Screen Shot 2018-06-08 at 5.33.33 PM.png,0.8986965880102041,bright,False,115.8234515710166
RipeApple,rotated_by_15_Screen Shot 2018-06-08 at 5.33.47 PM.png,0.8962850765306123,bright,False,108.72914781475527
RipeApple,rotated_by_15_Screen Shot 2018-06-08 at 5.33.55 PM.png,0.8989556760204082,bright,False,123.51330905596872
RipeApple,rotated_by_15_Screen Shot 2018-06-08 at 5.34.01 PM.png,0.8984175701530612,bright,False,121.49394871847117
RipeApple,rotated_by_15_Screen Shot 2018-06-08 at 5.34.07 PM.png,0.8976602359693877,bright,False,119.67816940209842
RipeApple,rotated_by_15_Screen Shot 2018-06-08 at 5.34.14 PM.png,0.9003109056122449,bright,False,119.58437231807893
RipeApple,rotated_by_15_Screen Shot 2018-06-08 at 5.34.21 PM.png,0.898796237244898,bright,False,121.04532611867096
RipeApple,rotated_by_30_Screen Shot 2018-06-08 at 4.59.36 PM.png,0.8423549107142857,bright,False,121.89423180601948
RipeApple,rotated_by_30_Screen Shot 2018-06-08 at 4.59.44 PM.png,0.053830516581632654,dark,False,121.49416570353235
RipeApple,rotated_by_30_Screen Shot 2018-06-08 at 4.59.49 PM.png,0.8461216517857143,bright,False,120.79231515654527
RipeApple,rotated_by_30_Screen Shot 2018-06-08 at 4.59.57 PM.png,0.8469786352040817,bright,False,118.94441294931994
RipeApple,rotated_by_30_Screen Shot 2018-06-08 at 5.00.03 PM.png,0.8460419323979592,bright,False,125.00601298384866
RipeApple,rotated_by_30_Screen Shot 2018-06-08 at 5.00.12 PM.png,0.8444076849489796,bright,False,118.62596186527917
RipeApple,rotated_by_30_Screen Shot 2018-06-08 at 5.00.18 PM.png,0.8458426339285714,bright,False,120.04358179023706
RipeApple,rotated_by_30_Screen Shot 2018-06-08 at 5.00.26 PM.png,0.8467195471938775,bright,False,126.02993376911603
RipeApple,rotated_by_30_Screen Shot 2018-06-08 at 5.00.43 PM.png,0.8434909119897959,bright,False,123.2420787828197
RipeApple,rotated_by_30_Screen Shot 2018-06-08 at 5.00.50 PM.png,0.1614716198979592,dark,False,120.35209831204038
RipeApple,rotated_by_30_Screen Shot 2018-06-08 at 5.01.01 PM.png,0.8451650191326531,bright,False,118.82705491426084
RipeApple,rotated_by_30_Screen Shot 2018-06-08 at 5.01.15 PM.png,0.8444276147959183,bright,False,122.18081828696158
RipeApple,rotated_by_30_Screen Shot 2018-06-08 at 5.01.22 PM.png,0.8456831951530612,bright,False,125.78427166409564
RipeApple,rotated_by_30_Screen Shot 2018-06-08 at 5.01.29 PM.png,0.8456234056122449,bright,False,123.1661725870335
RipeApple,rotated_by_30_Screen Shot 2018-06-08 at 5.01.34 PM.png,0.8455636160714286,bright,False,125.1134722950088
RipeApple,rotated_by_30_Screen Shot 2018-06-08 at 5.01.41 PM.png,0.8461814413265306,bright,False,124.31045826834486
RipeApple,rotated_by_30_Screen Shot 2018-06-08 at 5.02.08 PM.png,0.8447863520408163,bright,False,125.47329661819153
RipeApple,rotated_by_30_Screen Shot 2018-06-08 at 5.02.24 PM.png,0.8468590561224489,bright,False,125.67563714862412
RipeApple,rotated_by_30_Screen Shot 2018-06-08 at 5.02.38 PM.png,0.843132174744898,bright,False,125.81150704670256
RipeApple,rotated_by_30_Screen Shot 2018-06-08 at 5.02.43 PM.png,0.8194156568877551,bright,False,123.40660926758098
RipeApple,rotated_by_30_Screen Shot 2018-06-08 at 5.02.48 PM.png,0.8194555165816326,bright,False,120.2808966467063
RipeApple,rotated_by_30_Screen Shot 2018-06-08 at 5.03.05 PM.png,0.8456234056122449,bright,False,110.87145775948443
RipeApple,rotated_by_30_Screen Shot 2018-06-08 at 5.03.10 PM.png,0.8459024234693877,bright,False,125.89708769209916
RipeApple,rotated_by_30_Screen Shot 2018-06-08 at 5.03.17 PM.png,0.36519451530612246,dark,False,115.9020975286832
RipeApple,rotated_by_30_Screen Shot 2018-06-08 at 5.03.26 PM.png,0.8418566645408163,bright,False,122.4726805221477
RipeApple,rotated_by_30_Screen Shot 2018-06-08 at 5.03.47 PM.png,0.8458027742346939,bright,False,122.47628105838385
RipeApple,rotated_by_30_Screen Shot 2018-06-08 at 5.03.59 PM.png,0.08657525510204081,dark,False,125.18606266733066
RipeApple,rotated_by_30_Screen Shot 2018-06-08 at 5.04.05 PM.png,0.8464006696428571,bright,False,122.27001127155101
RipeApple,rotated_by_30_Screen Shot 2018-06-08 at 5.04.11 PM.png,0.33906648596938777,dark,False,124.95544014659951
RipeApple,rotated_by_30_Screen Shot 2018-06-08 at 5.04.16 PM.png,0.8461017219387755,bright,False,125.99917289918278
RipeApple,rotated_by_30_Screen Shot 2018-06-08 at 5.04.24 PM.png,0.8442482461734694,bright,False,126.53887139852633
RipeApple,rotated_by_30_Screen Shot 2018-06-08 at 5.04.31 PM.png,0.8297592474489796,bright,False,120.84178625823478
RipeApple,rotated_by_30_Screen Shot 2018-06-08 at 5.04.48 PM.png,0.8434510522959183,bright,False,123.11924921099467
RipeApple,rotated_by_30_Screen Shot 2018-06-08 at 5.04.59 PM.png,0.8452048788265306,bright,False,124.25360947251274
RipeApple,rotated_by_30_Screen Shot 2018-06-08 at 5.05.12 PM.png,0.07738759566326531,dark,False,123.15169336613265
RipeApple,rotated_by_30_Screen Shot 2018-06-08 at 5.05.18 PM.png,0.8439891581632653,bright,False,123.85636183075324
RipeApple,rotated_by_30_Screen Shot 2018-06-08 at 5.05.27 PM.png,0.8469387755102041,bright,False,124.88805628789784
RipeApple,rotated_by_30_Screen Shot 2018-06-08 at 5.05.41 PM.png,0.8434909119897959,bright,False,121.25079978557353
RipeApple,rotated_by_30_Screen Shot 2018-06-08 at 5.05.48 PM.png,0.8447464923469388,bright,False,121.75479236048191
RipeApple,rotated_by_30_Screen Shot 2018-06-08 at 5.06.19 PM.png,0.060467155612244895,dark,False,122.46358301574465
RipeApple,rotated_by_30_Screen Shot 2018-06-08 at 5.06.23 PM.png,0.055763711734693876,dark,False,116.65960160298691
RipeApple,rotated_by_30_Screen Shot 2018-06-08 at 5.06.28 PM.png,0.8464604591836735,bright,False,121.69404941522588
RipeApple,rotated_by_30_Screen Shot 2018-06-08 at 5.06.33 PM.png,0.06622688137755102,dark,False,118.75177457000639
RipeApple,rotated_by_30_Screen Shot 2018-06-08 at 5.06.40 PM.png,0.8449258609693877,bright,False,118.55513349868248
RipeApple,rotated_by_30_Screen Shot 2018-06-08 at 5.06.47 PM.png,0.8462611607142857,bright,False,123.5313344318934
RipeApple,rotated_by_30_Screen Shot 2018-06-08 at 5.06.54 PM.png,0.8442482461734694,bright,False,118.51261402425718
RipeApple,rotated_by_30_Screen Shot 2018-06-08 at 5.07.18 PM.png,0.10465162627551021,dark,False,118.97245362816666
RipeApple,rotated_by_30_Screen Shot 2018-06-08 at 5.07.32 PM.png,0.8455436862244898,bright,False,121.29688405383449
RipeApple,rotated_by_30_Screen Shot 2018-06-08 at 5.08.05 PM.png,0.2595065369897959,dark,False,109.47572135052116
RipeApple,rotated_by_30_Screen Shot 2018-06-08 at 5.08.52 PM.png,0.846320950255102,bright,False,126.04738902106773
RipeApple,rotated_by_30_Screen Shot 2018-06-08 at 5.08.58 PM.png,0.8444475446428571,bright,False,123.96322654230221
RipeApple,rotated_by_30_Screen Shot 2018-06-08 at 5.09.03 PM.png,0.8464803890306123,bright,False,122.07016781020373
RipeApple,rotated_by_30_Screen Shot 2018-06-08 at 5.09.17 PM.png,0.8459223533163265,bright,False,123.94111440624069
RipeApple,rotated_by_30_Screen Shot 2018-06-08 at 5.09.25 PM.png,0.10096460459183673,dark,False,123.39060530629587
RipeApple,rotated_by_30_Screen Shot 2018-06-08 at 5.09.31 PM.png,0.8464405293367347,bright,False,123.69032654472063
RipeApple,rotated_by_30_Screen Shot 2018-06-08 at 5.09.40 PM.png,0.8452048788265306,bright,False,121.90886297080215
RipeApple,rotated_by_30_Screen Shot 2018-06-08 at 5.09.47 PM.png,0.8225845025510204,bright,False,118.28875768978334
RipeApple,rotated_by_30_Screen Shot 2018-06-08 at 5.09.54 PM.png,0.8461615114795918,bright,False,120.41199519082056
RipeApple,rotated_by_30_Screen Shot 2018-06-08 at 5.10.03 PM.png,0.12984295280612246,dark,False,122.81147262441804
RipeApple,rotated_by_30_Screen Shot 2018-06-08 at 5.10.21 PM.png,0.25173389668367346,dark,False,119.57292525268035
RipeApple,rotated_by_30_Screen Shot 2018-06-08 at 5.10.29 PM.png,0.8454838966836735,bright,False,124.38648919452841
RipeApple,rotated_by_30_Screen Shot 2018-06-08 at 5.10.37 PM.png,0.8454838966836735,bright,False,124.88387982852743
RipeApple,rotated_by_30_Screen Shot 2018-06-08 at 5.10.43 PM.png,0.8450653698979592,bright,False,120.7025867811072
RipeApple,rotated_by_30_Screen Shot 2018-06-08 at 5.10.53 PM.png,0.8455636160714286,bright,False,122.06035861410635
RipeApple,rotated_by_30_Screen Shot 2018-06-08 at 5.11.02 PM.png,0.8454041772959183,bright,False,117.3770616821082
RipeApple,rotated_by_30_Screen Shot 2018-06-08 at 5.11.08 PM.png,0.8464006696428571,bright,False,122.52245977345582
RipeApple,rotated_by_30_Screen Shot 2018-06-08 at 5.11.16 PM.png,0.8470583545918368,bright,False,124.11723352299526
RipeApple,rotated_by_30_Screen Shot 2018-06-08 at 5.11.41 PM.png,0.3542530293367347,dark,False,120.14521854418508
RipeApple,rotated_by_30_Screen Shot 2018-06-08 at 5.11.52 PM.png,0.08799027423469388,dark,False,121.02135446079353
RipeApple,rotated_by_30_Screen Shot 2018-06-08 at 5.11.59 PM.png,0.3805604272959184,dark,False,122.88623513403438
RipeApple,rotated_by_30_Screen Shot 2018-06-08 at 5.12.14 PM.png,0.8454241071428571,bright,False,120.73987771661166
RipeApple,rotated_by_30_Screen Shot 2018-06-08 at 5.12.20 PM.png,0.3585578762755102,dark,False,101.47168727764715
RipeApple,rotated_by_30_Screen Shot 2018-06-08 at 5.12.29 PM.png,0.8466597576530612,bright,False,126.42277654095584
RipeApple,rotated_by_30_Screen Shot 2018-06-08 at 5.12.34 PM.png,0.8464205994897959,bright,False,121.40856293802288
RipeApple,rotated_by_30_Screen Shot 2018-06-08 at 5.12.41 PM.png,0.06501116071428571,dark,False,121.93286997590678
RipeApple,rotated_by_30_Screen Shot 2018-06-08 at 5.12.47 PM.png,0.8456433354591837,bright,False,121.0694010225994
RipeApple,rotated_by_30_Screen Shot 2018-06-08 at 5.12.56 PM.png,0.8448660714285714,bright,False,121.92099808946791
RipeApple,rotated_by_30_Screen Shot 2018-06-08 at 5.13.02 PM.png,0.300601881377551,dark,False,115.1209504210485
RipeApple,rotated_by_30_Screen Shot 2018-06-08 at 5.13.10 PM.png,0.8460817920918368,bright,False,126.02532225567957
RipeApple,rotated_by_30_Screen Shot 2018-06-08 at 5.13.18 PM.png,0.8454241071428571,bright,False,126.44949085727434
RipeApple,rotated_by_30_Screen Shot 2018-06-08 at 5.13.25 PM.png,0.8453643176020408,bright,False,124.05248967176128
RipeApple,rotated_by_30_Screen Shot 2018-06-08 at 5.13.31 PM.png,0.8426737882653061,bright,False,124.748955707305
RipeApple,rotated_by_30_Screen Shot 2018-06-08 at 5.13.40 PM.png,0.05032286352040816,dark,False,116.55152811099815
RipeApple,rotated_by_30_Screen Shot 2018-06-08 at 5.13.45 PM.png,0.8057637117346939,bright,False,119.04431506086799
RipeApple,rotated_by_30_Screen Shot 2018-06-08 at 5.13.54 PM.png,0.8462611607142857,bright,False,124.95432017271554
RipeApple,rotated_by_30_Screen Shot 2018-06-08 at 5.14.01 PM.png,0.8466796875,bright,False,125.59995811628285
RipeApple,rotated_by_30_Screen Shot 2018-06-08 at 5.14.07 PM.png,0.8434111926020408,bright,False,119.39459756967749
RipeApple,rotated_by_30_Screen Shot 2018-06-08 at 5.14.20 PM.png,0.3209901147959184,dark,False,125.07495577846912
RipeApple,rotated_by_30_Screen Shot 2018-06-08 at 5.14.44 PM.png,0.328922193877551,dark,False,126.36885537077171
RipeApple,rotated_by_30_Screen Shot 2018-06-08 at 5.14.48 PM.png,0.8459622130102041,bright,False,126.33909913657482
RipeApple,rotated_by_30_Screen Shot 2018-06-08 at 5.14.56 PM.png,0.06447305484693877,dark,False,124.54537421150015
RipeApple,rotated_by_30_Screen Shot 2018-06-08 at 5.15.01 PM.png,0.07505580357142858,dark,False,114.52421231568508
RipeApple,rotated_by_30_Screen Shot 2018-06-08 at 5.15.09 PM.png,0.8462412308673469,bright,False,122.75901675822094
RipeApple,rotated_by_30_Screen Shot 2018-06-08 at 5.15.14 PM.png,0.5460977359693877,dark,False,123.78327692139429
RipeApple,rotated_by_30_Screen Shot 2018-06-08 at 5.15.21 PM.png,0.8467594068877551,bright,False,118.58279722991462
RipeApple,rotated_by_30_Screen Shot 2018-06-08 at 5.15.28 PM.png,0.8436702806122449,bright,False,123.1602944826813
RipeApple,rotated_by_30_Screen Shot 2018-06-08 at 5.15.34 PM.png,0.8460419323979592,bright,False,125.36649933967844
RipeApple,rotated_by_30_Screen Shot 2018-06-08 at 5.15.39 PM.png,0.8462412308673469,bright,False,123.57207313933861
RipeApple,rotated_by_30_Screen Shot 2018-06-08 at 5.15.45 PM.png,0.8451650191326531,bright,False,123.05962305088774
RipeApple,rotated_by_30_Screen Shot 2018-06-08 at 5.15.52 PM.png,0.8466398278061225,bright,False,125.37068477214639
RipeApple,rotated_by_30_Screen Shot 2018-06-08 at 5.16.06 PM.png,0.8430325255102041,bright,False,118.09267285065305
RipeApple,rotated_by_30_Screen Shot 2018-06-08 at 5.16.28 PM.png,0.8454241071428571,bright,False,125.91867163749741
RipeApple,rotated_by_30_Screen Shot 2018-06-08 at 5.16.33 PM.png,0.8444276147959183,bright,False,123.1024444420753
RipeApple,rotated_by_30_Screen Shot 2018-06-08 at 5.16.44 PM.png,0.8386878188775511,bright,False,113.84833114090854
RipeApple,rotated_by_30_Screen Shot 2018-06-08 at 5.16.57 PM.png,0.8413384885204082,bright,False,117.9188775512982
RipeApple,rotated_by_30_Screen Shot 2018-06-08 at 5.17.04 PM.png,0.8436503507653061,bright,False,123.35268306197729
RipeApple,rotated_by_30_Screen Shot 2018-06-08 at 5.17.10 PM.png,0.8454440369897959,bright,False,119.64518287109372
RipeApple,rotated_by_30_Screen Shot 2018-06-08 at 5.17.22 PM.png,0.8467594068877551,bright,False,126.62914131661715
RipeApple,rotated_by_30_Screen Shot 2018-06-08 at 5.17.34 PM.png,0.8451052295918368,bright,False,118.70786742509476
RipeApple,rotated_by_30_Screen Shot 2018-06-08 at 5.17.42 PM.png,0.8406010841836735,bright,False,113.6501534463672
RipeApple,rotated_by_30_Screen Shot 2018-06-08 at 5.17.58 PM.png,0.8448660714285714,bright,False,117.12073273604472
RipeApple,rotated_by_30_Screen Shot 2018-06-08 at 5.18.12 PM.png,0.05052216198979592,dark,False,122.28845510233049
RipeApple,rotated_by_30_Screen Shot 2018-06-08 at 5.18.16 PM.png,0.8443478954081632,bright,False,119.68955824487684
RipeApple,rotated_by_30_Screen Shot 2018-06-08 at 5.18.26 PM.png,0.8448461415816326,bright,False,122.60066661763449
RipeApple,rotated_by_30_Screen Shot 2018-06-08 at 5.18.37 PM.png,0.8465800382653061,bright,False,121.08072648571766
RipeApple,rotated_by_30_Screen Shot 2018-06-08 at 5.18.42 PM.png,0.05135921556122449,dark,False,120.98060868130572
RipeApple,rotated_by_30_Screen Shot 2018-06-08 at 5.18.51 PM.png,0.8306162308673469,bright,False,121.12956626260642
RipeApple,rotated_by_30_Screen Shot 2018-06-08 at 5.18.58 PM.png,0.8393853635204082,bright,False,109.13774858796698
RipeApple,rotated_by_30_Screen Shot 2018-06-08 at 5.19.15 PM.png,0.564453125,dark,False,124.88213776350447
RipeApple,rotated_by_30_Screen Shot 2018-06-08 at 5.19.35 PM.png,0.8461615114795918,bright,False,118.98559015597924
RipeApple,rotated_by_30_Screen Shot 2018-06-08 at 5.19.47 PM.png,0.8440090880102041,bright,False,120.03099157255485
RipeApple,rotated_by_30_Screen Shot 2018-06-08 at 5.19.58 PM.png,0.8400231186224489,bright,False,119.93888314394606
RipeApple,rotated_by_30_Screen Shot 2018-06-08 at 5.20.08 PM.png,0.052036830357142856,dark,False,121.77283022514928
RipeApple,rotated_by_30_Screen Shot 2018-06-08 at 5.20.26 PM.png,0.8450454400510204,bright,False,121.38006279936656
RipeApple,rotated_by_30_Screen Shot 2018-06-08 at 5.20.32 PM.png,0.8469188456632653,bright,False,126.05553138149496
RipeApple,rotated_by_30_Screen Shot 2018-06-08 at 5.20.51 PM.png,0.8460419323979592,bright,False,121.73824746994921
RipeApple,rotated_by_30_Screen Shot 2018-06-08 at 5.20.56 PM.png,0.8399433992346939,bright,False,118.72927196424239
RipeApple,rotated_by_30_Screen Shot 2018-06-08 at 5.21.06 PM.png,0.8453244579081632,bright,False,125.58644398824474
RipeApple,rotated_by_30_Screen Shot 2018-06-08 at 5.21.22 PM.png,0.06349649234693877,dark,False,122.69851449470502
RipeApple,rotated_by_30_Screen Shot 2018-06-08 at 5.21.31 PM.png,0.8459024234693877,bright,False,123.785212427569
RipeApple,rotated_by_30_Screen Shot 2018-06-08 at 5.21.35 PM.png,0.34068080357142855,dark,False,120.30541208803216
RipeApple,rotated_by_30_Screen Shot 2018-06-08 at 5.21.44 PM.png,0.8466398278061225,bright,False,117.30151303494488
RipeApple,rotated_by_30_Screen Shot 2018-06-08 at 5.21.51 PM.png,0.053790656887755105,dark,False,123.15688950932808
RipeApple,rotated_by_30_Screen Shot 2018-06-08 at 5.22.15 PM.png,0.8436902104591837,bright,False,122.68425973868636
RipeApple,rotated_by_30_Screen Shot 2018-06-08 at 5.22.20 PM.png,0.05779655612244898,dark,False,114.63815301723547
RipeApple,rotated_by_30_Screen Shot 2018-06-08 at 5.22.27 PM.png,0.8440090880102041,bright,False,114.74491824581737
RipeApple,rotated_by_30_Screen Shot 2018-06-08 at 5.22.35 PM.png,0.8442482461734694,bright,False,122.75717554117064
RipeApple,rotated_by_30_Screen Shot 2018-06-08 at 5.22.53 PM.png,0.8457828443877551,bright,False,121.44963260082231
RipeApple,rotated_by_30_Screen Shot 2018-06-08 at 5.22.58 PM.png,0.8470982142857143,bright,False,123.5592105402366
RipeApple,rotated_by_30_Screen Shot 2018-06-08 at 5.23.07 PM.png,0.050661670918367346,dark,False,122.60479236116602
RipeApple,rotated_by_30_Screen Shot 2018-06-08 at 5.23.14 PM.png,0.8465601084183674,bright,False,123.92791929029981
RipeApple,rotated_by_30_Screen Shot 2018-06-08 at 5.23.23 PM.png,0.051100127551020405,dark,False,123.72272753791002
RipeApple,rotated_by_30_Screen Shot 2018-06-08 at 5.23.26 PM.png,0.05548469387755102,dark,False,123.4030156601158
RipeApple,rotated_by_30_Screen Shot 2018-06-08 at 5.23.31 PM.png,0.8440888073979592,bright,False,123.8398642076714
RipeApple,rotated_by_30_Screen Shot 2018-06-08 at 5.24.04 PM.png,0.09606186224489796,dark,False,120.0932567543994
RipeApple,rotated_by_30_Screen Shot 2018-06-08 at 5.24.26 PM.png,0.8441286670918368,bright,False,121.5532153703703
RipeApple,rotated_by_30_Screen Shot 2018-06-08 at 5.25.02 PM.png,0.8393853635204082,bright,False,106.5509285099386
RipeApple,rotated_by_30_Screen Shot 2018-06-08 at 5.25.22 PM.png,0.8210698341836735,bright,False,122.88104611503182
RipeApple,rotated_by_30_Screen Shot 2018-06-08 at 5.25.28 PM.png,0.07384008290816327,dark,False,123.92153728505191
RipeApple,rotated_by_30_Screen Shot 2018-06-08 at 5.25.33 PM.png,0.8361168686224489,bright,False,120.10227338382884
RipeApple,rotated_by_30_Screen Shot 2018-06-08 at 5.25.37 PM.png,0.8438097895408163,bright,False,123.90444859413896
RipeApple,rotated_by_30_Screen Shot 2018-06-08 at 5.25.43 PM.png,0.844367825255102,bright,False,123.62785009005567
RipeApple,rotated_by_30_Screen Shot 2018-06-08 at 5.25.49 PM.png,0.8449856505102041,bright,False,125.69650414329628
RipeApple,rotated_by_30_Screen Shot 2018-06-08 at 5.25.54 PM.png,0.8446069834183674,bright,False,123.52330215591707
RipeApple,rotated_by_30_Screen Shot 2018-06-08 at 5.26.05 PM.png,0.8461615114795918,bright,False,120.92571585270491
RipeApple,rotated_by_30_Screen Shot 2018-06-08 at 5.26.19 PM.png,0.8439492984693877,bright,False,117.26423160115475
RipeApple,rotated_by_30_Screen Shot 2018-06-08 at 5.26.24 PM.png,0.8444276147959183,bright,False,120.50958843914954
RipeApple,rotated_by_30_Screen Shot 2018-06-08 at 5.26.29 PM.png,0.8454440369897959,bright,False,123.72404409141792
RipeApple,rotated_by_30_Screen Shot 2018-06-08 at 5.26.36 PM.png,0.8468789859693877,bright,False,118.23201996381489
RipeApple,rotated_by_30_Screen Shot 2018-06-08 at 5.26.47 PM.png,0.8442881058673469,bright,False,125.02396869875894
RipeApple,rotated_by_30_Screen Shot 2018-06-08 at 5.26.52 PM.png,0.8428332270408163,bright,False,124.17412856288097
RipeApple,rotated_by_30_Screen Shot 2018-06-08 at 5.26.58 PM.png,0.06036750637755102,dark,False,119.12359286370098
RipeApple,rotated_by_30_Screen Shot 2018-06-08 at 5.27.06 PM.png,0.8452048788265306,bright,False,110.0007803508663
RipeApple,rotated_by_30_Screen Shot 2018-06-08 at 5.27.13 PM.png,0.30654097576530615,bright,False,118.05637403844862
RipeApple,rotated_by_30_Screen Shot 2018-06-08 at 5.27.19 PM.png,0.8466398278061225,bright,False,121.40663010187491
RipeApple,rotated_by_30_Screen Shot 2018-06-08 at 5.27.27 PM.png,0.08420360331632654,dark,False,122.77227276691724
RipeApple,rotated_by_30_Screen Shot 2018-06-08 at 5.27.34 PM.png,0.05016342474489796,dark,False,118.95803203206974
RipeApple,rotated_by_30_Screen Shot 2018-06-08 at 5.28.04 PM.png,0.8456632653061225,bright,False,123.50510329115303
RipeApple,rotated_by_30_Screen Shot 2018-06-08 at 5.28.10 PM.png,0.8433314732142857,bright,False,120.88575730596112
RipeApple,rotated_by_30_Screen Shot 2018-06-08 at 5.28.15 PM.png,0.8445471938775511,bright,False,116.21947537427081
RipeApple,rotated_by_30_Screen Shot 2018-06-08 at 5.28.24 PM.png,0.845703125,bright,False,124.37667242197489
RipeApple,rotated_by_30_Screen Shot 2018-06-08 at 5.28.38 PM.png,0.07798549107142858,dark,False,121.5561520312661
RipeApple,rotated_by_30_Screen Shot 2018-06-08 at 5.28.42 PM.png,0.8437898596938775,bright,False,116.59005277787527
RipeApple,rotated_by_30_Screen Shot 2018-06-08 at 5.28.48 PM.png,0.8433713329081632,bright,False,120.83684563847335
RipeApple,rotated_by_30_Screen Shot 2018-06-08 at 5.29.07 PM.png,0.8433115433673469,bright,False,124.82239767693369
RipeApple,rotated_by_30_Screen Shot 2018-06-08 at 5.29.13 PM.png,0.8459024234693877,bright,False,119.79963838701865
RipeApple,rotated_by_30_Screen Shot 2018-06-08 at 5.29.24 PM.png,0.061244419642857144,dark,False,120.82904468574598
RipeApple,rotated_by_30_Screen Shot 2018-06-08 at 5.29.31 PM.png,0.8457230548469388,bright,False,118.85512849385988
RipeApple,rotated_by_30_Screen Shot 2018-06-08 at 5.32.33 PM.png,0.8446269132653061,bright,False,119.95869157023749
RipeApple,rotated_by_30_Screen Shot 2018-06-08 at 5.32.38 PM.png,0.3953882334183674,dark,False,126.6253635376392
RipeApple,rotated_by_30_Screen Shot 2018-06-08 at 5.32.43 PM.png,0.11308195153061225,dark,False,124.71308899541371
RipeApple,rotated_by_30_Screen Shot 2018-06-08 at 5.33.05 PM.png,0.05815529336734694,dark,False,112.52247832951701
RipeApple,rotated_by_30_Screen Shot 2018-06-08 at 5.33.11 PM.png,0.8449059311224489,bright,False,117.07694359629818
RipeApple,rotated_by_30_Screen Shot 2018-06-08 at 5.33.18 PM.png,0.07577327806122448,dark,False,106.67372676149775
RipeApple,rotated_by_30_Screen Shot 2018-06-08 at 5.33.27 PM.png,0.08091517857142858,dark,False,117.08556043575835
RipeApple,rotated_by_30_Screen Shot 2018-06-08 at 5.33.33 PM.png,0.8447066326530612,bright,False,116.66679632291567
RipeApple,rotated_by_30_Screen Shot 2018-06-08 at 5.33.47 PM.png,0.05020328443877551,dark,False,109.44677772910201
RipeApple,rotated_by_30_Screen Shot 2018-06-08 at 5.33.55 PM.png,0.8447664221938775,bright,False,123.32840223295345
RipeApple,rotated_by_30_Screen Shot 2018-06-08 at 5.34.01 PM.png,0.8448062818877551,bright,False,119.51415671054644
RipeApple,rotated_by_30_Screen Shot 2018-06-08 at 5.34.07 PM.png,0.8438297193877551,bright,False,118.88600763359351
RipeApple,rotated_by_30_Screen Shot 2018-06-08 at 5.34.14 PM.png,0.8465401785714286,bright,False,117.64254884858046
RipeApple,rotated_by_30_Screen Shot 2018-06-08 at 5.34.21 PM.png,0.8452845982142857,bright,False,120.75988970861893
RipeApple,rotated_by_45_Screen Shot 2018-06-08 at 4.59.36 PM.png,0.8245575573979592,bright,False,121.74951024514094
RipeApple,rotated_by_45_Screen Shot 2018-06-08 at 4.59.44 PM.png,0.06684470663265306,dark,False,121.66108242578343
RipeApple,rotated_by_45_Screen Shot 2018-06-08 at 4.59.49 PM.png,0.8293008609693877,bright,False,121.06534559946537
RipeApple,rotated_by_45_Screen Shot 2018-06-08 at 4.59.57 PM.png,0.8297592474489796,bright,False,119.85003347956416
RipeApple,rotated_by_45_Screen Shot 2018-06-08 at 5.00.03 PM.png,0.8294005102040817,bright,False,124.02154309629509
RipeApple,rotated_by_45_Screen Shot 2018-06-08 at 5.00.18 PM.png,0.050482302295918366,dark,False,117.05328096464382
RipeApple,rotated_by_45_Screen Shot 2018-06-08 at 5.00.35 PM.png,0.20848612882653061,dark,False,120.74178144246288
RipeApple,rotated_by_45_Screen Shot 2018-06-08 at 5.00.43 PM.png,0.05149872448979592,dark,False,120.61605018302083
RipeApple,rotated_by_45_Screen Shot 2018-06-08 at 5.00.50 PM.png,0.16627471301020408,dark,False,120.12514207264813
RipeApple,rotated_by_45_Screen Shot 2018-06-08 at 5.01.01 PM.png,0.8280851403061225,bright,False,119.47967280093557
RipeApple,rotated_by_45_Screen Shot 2018-06-08 at 5.01.08 PM.png,0.8201530612244898,bright,False,121.0765110953231
RipeApple,rotated_by_45_Screen Shot 2018-06-08 at 5.01.15 PM.png,0.05395009566326531,dark,False,122.93843951705088
RipeApple,rotated_by_45_Screen Shot 2018-06-08 at 5.01.29 PM.png,0.8279655612244898,bright,False,121.9636120375182
RipeApple,rotated_by_45_Screen Shot 2018-06-08 at 5.01.34 PM.png,0.8287826849489796,bright,False,124.52316704808675
RipeApple,rotated_by_45_Screen Shot 2018-06-08 at 5.02.08 PM.png,0.05247528698979592,dark,False,124.85460398270105
RipeApple,rotated_by_45_Screen Shot 2018-06-08 at 5.02.31 PM.png,0.8290816326530612,bright,False,124.24784688763141
RipeApple,rotated_by_45_Screen Shot 2018-06-08 at 5.02.38 PM.png,0.058294802295918366,dark,False,125.75836901504084
RipeApple,rotated_by_45_Screen Shot 2018-06-08 at 5.02.48 PM.png,0.8104472257653061,bright,False,119.75200143354114
RipeApple,rotated_by_45_Screen Shot 2018-06-08 at 5.03.05 PM.png,0.8284438775510204,bright,False,110.36007140528129
RipeApple,rotated_by_45_Screen Shot 2018-06-08 at 5.03.10 PM.png,0.8286830357142857,bright,False,125.77843560017038
RipeApple,rotated_by_45_Screen Shot 2018-06-08 at 5.03.17 PM.png,0.3487523915816326,dark,False,115.69140734006794
RipeApple,rotated_by_45_Screen Shot 2018-06-08 at 5.03.26 PM.png,0.05921157525510204,dark,False,122.18765897417461
RipeApple,rotated_by_45_Screen Shot 2018-06-08 at 5.03.34 PM.png,0.07647082270408163,dark,False,118.79041533753828
RipeApple,rotated_by_45_Screen Shot 2018-06-08 at 5.03.47 PM.png,0.8285833864795918,bright,False,121.33593315803999
RipeApple,rotated_by_45_Screen Shot 2018-06-08 at 5.03.59 PM.png,0.07140864158163265,dark,False,124.8662322533519
RipeApple,rotated_by_45_Screen Shot 2018-06-08 at 5.04.16 PM.png,0.8290417729591837,bright,False,126.03999001959369
RipeApple,rotated_by_45_Screen Shot 2018-06-08 at 5.04.24 PM.png,0.055943080357142856,dark,False,126.4702864723219
RipeApple,rotated_by_45_Screen Shot 2018-06-08 at 5.04.31 PM.png,0.05056202168367347,dark,False,120.51990088530863
RipeApple,rotated_by_45_Screen Shot 2018-06-08 at 5.04.42 PM.png,0.05797592474489796,dark,False,124.75328377705036
RipeApple,rotated_by_45_Screen Shot 2018-06-08 at 5.04.48 PM.png,0.053790656887755105,dark,False,122.85937817465981
RipeApple,rotated_by_45_Screen Shot 2018-06-08 at 5.04.59 PM.png,0.8282246492346939,bright,False,123.97941384507227
RipeApple,rotated_by_45_Screen Shot 2018-06-08 at 5.05.06 PM.png,0.05650111607142857,dark,False,118.73817540415776
RipeApple,rotated_by_45_Screen Shot 2018-06-08 at 5.05.34 PM.png,0.8296197385204082,bright,False,119.47601793367016
RipeApple,rotated_by_45_Screen Shot 2018-06-08 at 5.05.41 PM.png,0.05295360331632653,dark,False,119.15148780578262
RipeApple,rotated_by_45_Screen Shot 2018-06-08 at 5.05.48 PM.png,0.05129942602040816,dark,False,119.45197941798408
RipeApple,rotated_by_45_Screen Shot 2018-06-08 at 5.06.10 PM.png,0.8295200892857143,bright,False,121.94231929839593
RipeApple,rotated_by_45_Screen Shot 2018-06-08 at 5.06.19 PM.png,0.07774633290816327,dark,False,121.05171503304786
RipeApple,rotated_by_45_Screen Shot 2018-06-08 at 5.06.23 PM.png,0.06973453443877552,dark,False,116.20888320212349
RipeApple,rotated_by_45_Screen Shot 2018-06-08 at 5.06.33 PM.png,0.0868343431122449,dark,False,118.0799583113452
RipeApple,rotated_by_45_Screen Shot 2018-06-08 at 5.06.40 PM.png,0.054787149234693876,dark,False,116.56338031569892
RipeApple,rotated_by_45_Screen Shot 2018-06-08 at 5.06.47 PM.png,0.8292809311224489,bright,False,124.02915295041953
RipeApple,rotated_by_45_Screen Shot 2018-06-08 at 5.06.54 PM.png,0.05544483418367347,dark,False,118.19872001824001
RipeApple,rotated_by_45_Screen Shot 2018-06-08 at 5.07.05 PM.png,0.8282445790816326,bright,False,121.14584739367251
RipeApple,rotated_by_45_Screen Shot 2018-06-08 at 5.07.18 PM.png,0.09663982780612244,dark,False,118.48100209295238
RipeApple,rotated_by_45_Screen Shot 2018-06-08 at 5.07.26 PM.png,0.055783641581632654,dark,False,117.82821423583283
RipeApple,rotated_by_45_Screen Shot 2018-06-08 at 5.07.32 PM.png,0.05247528698979592,dark,False,121.43990077091627
RipeApple,rotated_by_45_Screen Shot 2018-06-08 at 5.07.52 PM.png,0.057936065051020405,dark,False,108.88969475764202
RipeApple,rotated_by_45_Screen Shot 2018-06-08 at 5.08.05 PM.png,0.23786272321428573,dark,False,109.16820687497273
RipeApple,rotated_by_45_Screen Shot 2018-06-08 at 5.08.37 PM.png,0.8280452806122449,bright,False,117.46696796085546
RipeApple,rotated_by_45_Screen Shot 2018-06-08 at 5.08.46 PM.png,0.8295001594387755,bright,False,120.90241156526743
RipeApple,rotated_by_45_Screen Shot 2018-06-08 at 5.08.52 PM.png,0.8293207908163265,bright,False,125.77483252770365
RipeApple,rotated_by_45_Screen Shot 2018-06-08 at 5.08.58 PM.png,0.05644132653061224,dark,False,122.99444757948022
RipeApple,rotated_by_45_Screen Shot 2018-06-08 at 5.09.03 PM.png,0.8293207908163265,bright,False,123.25012957077224
RipeApple,rotated_by_45_Screen Shot 2018-06-08 at 5.09.10 PM.png,0.054368622448979595,dark,False,122.56640563938936
RipeApple,rotated_by_45_Screen Shot 2018-06-08 at 5.09.17 PM.png,0.8287826849489796,bright,False,122.89495736415988
RipeApple,rotated_by_45_Screen Shot 2018-06-08 at 5.09.31 PM.png,0.8298987563775511,bright,False,123.00650410164076
RipeApple,rotated_by_45_Screen Shot 2018-06-08 at 5.09.40 PM.png,0.053013392857142856,dark,False,121.45474352664564
RipeApple,rotated_by_45_Screen Shot 2018-06-08 at 5.09.47 PM.png,0.05801578443877551,dark,False,118.6121153546916
RipeApple,rotated_by_45_Screen Shot 2018-06-08 at 5.09.54 PM.png,0.8289819834183674,bright,False,119.94148495967279
RipeApple,rotated_by_45_Screen Shot 2018-06-08 at 5.10.03 PM.png,0.07280373086734694,dark,False,122.90615219615496
RipeApple,rotated_by_45_Screen Shot 2018-06-08 at 5.10.21 PM.png,0.21229272959183673,dark,False,116.22742977497926
RipeApple,rotated_by_45_Screen Shot 2018-06-08 at 5.10.29 PM.png,0.8290617028061225,bright,False,123.89265488997633
RipeApple,rotated_by_45_Screen Shot 2018-06-08 at 5.10.37 PM.png,0.051837531887755105,dark,False,123.91251036801357
RipeApple,rotated_by_45_Screen Shot 2018-06-08 at 5.10.43 PM.png,0.05161830357142857,dark,False,121.2081761407669
RipeApple,rotated_by_45_Screen Shot 2018-06-08 at 5.10.53 PM.png,0.05016342474489796,dark,False,121.10583999669605
RipeApple,rotated_by_45_Screen Shot 2018-06-08 at 5.11.02 PM.png,0.8291812818877551,bright,False,117.20500738682524
RipeApple,rotated_by_45_Screen Shot 2018-06-08 at 5.11.08 PM.png,0.8290816326530612,bright,False,122.93613887639454
RipeApple,rotated_by_45_Screen Shot 2018-06-08 at 5.11.16 PM.png,0.8298389668367347,bright,False,124.37812525675257
RipeApple,rotated_by_45_Screen Shot 2018-06-08 at 5.11.35 PM.png,0.052056760204081634,dark,False,125.59452193208413
RipeApple,rotated_by_45_Screen Shot 2018-06-08 at 5.11.52 PM.png,0.05331234056122449,dark,False,117.25007248360754
RipeApple,rotated_by_45_Screen Shot 2018-06-08 at 5.11.59 PM.png,0.3791454081632653,dark,False,124.44647456285269
RipeApple,rotated_by_45_Screen Shot 2018-06-08 at 5.12.14 PM.png,0.8284438775510204,bright,False,120.93133238726487
RipeApple,rotated_by_45_Screen Shot 2018-06-08 at 5.12.20 PM.png,0.3740234375,dark,False,100.81541432380193
RipeApple,rotated_by_45_Screen Shot 2018-06-08 at 5.12.29 PM.png,0.8297791772959183,bright,False,126.09683541426921
RipeApple,rotated_by_45_Screen Shot 2018-06-08 at 5.12.34 PM.png,0.8293407206632653,bright,False,120.56674887832348
RipeApple,rotated_by_45_Screen Shot 2018-06-08 at 5.12.41 PM.png,0.07969945790816327,dark,False,122.14890600461631
RipeApple,rotated_by_45_Screen Shot 2018-06-08 at 5.12.47 PM.png,0.8295400191326531,bright,False,120.40848539693786
RipeApple,rotated_by_45_Screen Shot 2018-06-08 at 5.12.56 PM.png,0.050880899234693876,dark,False,121.23636524230426
RipeApple,rotated_by_45_Screen Shot 2018-06-08 at 5.13.02 PM.png,0.29456313775510207,dark,False,113.40509720473933
RipeApple,rotated_by_45_Screen Shot 2018-06-08 at 5.13.10 PM.png,0.8292809311224489,bright,False,125.78895557626451
RipeApple,rotated_by_45_Screen Shot 2018-06-08 at 5.13.18 PM.png,0.8283043686224489,bright,False,126.2451369207186
RipeApple,rotated_by_45_Screen Shot 2018-06-08 at 5.13.25 PM.png,0.05201690051020408,dark,False,123.79068269566385
RipeApple,rotated_by_45_Screen Shot 2018-06-08 at 5.13.31 PM.png,0.06018813775510204,dark,False,123.8421477714619
RipeApple,rotated_by_45_Screen Shot 2018-06-08 at 5.13.40 PM.png,0.061403858418367346,dark,False,113.40287244091598
RipeApple,rotated_by_45_Screen Shot 2018-06-08 at 5.13.45 PM.png,0.050900829081632654,dark,False,119.45148728279094
RipeApple,rotated_by_45_Screen Shot 2018-06-08 at 5.13.54 PM.png,0.8303571428571429,bright,False,125.06941550300535
RipeApple,rotated_by_45_Screen Shot 2018-06-08 at 5.14.07 PM.png,0.061045121173469385,dark,False,115.6620719426773
RipeApple,rotated_by_45_Screen Shot 2018-06-08 at 5.14.20 PM.png,0.307437818877551,dark,False,123.47830979707504
RipeApple,rotated_by_45_Screen Shot 2018-06-08 at 5.14.48 PM.png,0.8294005102040817,bright,False,126.18644878430223
RipeApple,rotated_by_45_Screen Shot 2018-06-08 at 5.14.56 PM.png,0.06455277423469388,dark,False,123.73587303047805
RipeApple,rotated_by_45_Screen Shot 2018-06-08 at 5.15.01 PM.png,0.06012834821428571,dark,False,114.23538686403634
RipeApple,rotated_by_45_Screen Shot 2018-06-08 at 5.15.09 PM.png,0.8291812818877551,bright,False,122.93705523717968
RipeApple,rotated_by_45_Screen Shot 2018-06-08 at 5.15.14 PM.png,0.5495256696428571,dark,False,124.75751034798044
RipeApple,rotated_by_45_Screen Shot 2018-06-08 at 5.15.28 PM.png,0.058115433673469385,dark,False,122.09131620648274
RipeApple,rotated_by_45_Screen Shot 2018-06-08 at 5.15.34 PM.png,0.8293407206632653,bright,False,124.71264291390123
RipeApple,rotated_by_45_Screen Shot 2018-06-08 at 5.15.39 PM.png,0.05100047831632653,dark,False,124.21414275188977
RipeApple,rotated_by_45_Screen Shot 2018-06-08 at 5.15.45 PM.png,0.8286431760204082,bright,False,123.11422580276998
RipeApple,rotated_by_45_Screen Shot 2018-06-08 at 5.15.52 PM.png,0.8296994579081632,bright,False,124.86582864576935
RipeApple,rotated_by_45_Screen Shot 2018-06-08 at 5.16.06 PM.png,0.05121970663265306,dark,False,117.91700892863143
RipeApple,rotated_by_45_Screen Shot 2018-06-08 at 5.16.16 PM.png,0.8296595982142857,bright,False,125.23656821743309
RipeApple,rotated_by_45_Screen Shot 2018-06-08 at 5.16.28 PM.png,0.050900829081632654,dark,False,124.5655220751341
RipeApple,rotated_by_45_Screen Shot 2018-06-08 at 5.16.33 PM.png,0.05255500637755102,dark,False,121.63593134307877
RipeApple,rotated_by_45_Screen Shot 2018-06-08 at 5.16.37 PM.png,0.052634725765306124,dark,False,119.556506353638
RipeApple,rotated_by_45_Screen Shot 2018-06-08 at 5.16.44 PM.png,0.8293606505102041,bright,False,113.10166687403246
RipeApple,rotated_by_45_Screen Shot 2018-06-08 at 5.16.49 PM.png,0.05472735969387755,dark,False,120.15877372379924
RipeApple,rotated_by_45_Screen Shot 2018-06-08 at 5.16.57 PM.png,0.05546476403061224,dark,False,117.07343340415828
RipeApple,rotated_by_45_Screen Shot 2018-06-08 at 5.17.04 PM.png,0.051877391581632654,dark,False,123.39017404733666
RipeApple,rotated_by_45_Screen Shot 2018-06-08 at 5.17.22 PM.png,0.8297991071428571,bright,False,126.53916147955304
RipeApple,rotated_by_45_Screen Shot 2018-06-08 at 5.17.34 PM.png,0.05416932397959184,dark,False,116.10917492480367
RipeApple,rotated_by_45_Screen Shot 2018-06-08 at 5.17.42 PM.png,0.8263113839285714,bright,False,112.17303542736636
RipeApple,rotated_by_45_Screen Shot 2018-06-08 at 5.17.58 PM.png,0.054189253826530615,dark,False,115.22692372716351
RipeApple,rotated_by_45_Screen Shot 2018-06-08 at 5.18.12 PM.png,0.8296197385204082,bright,False,122.5879066539275
RipeApple,rotated_by_45_Screen Shot 2018-06-08 at 5.18.16 PM.png,0.05506616709183673,dark,False,119.00051321752137
RipeApple,rotated_by_45_Screen Shot 2018-06-08 at 5.18.51 PM.png,0.8289221938775511,bright,False,121.40993132491148
RipeApple,rotated_by_45_Screen Shot 2018-06-08 at 5.18.58 PM.png,0.05149872448979592,dark,False,110.04427466697312
RipeApple,rotated_by_45_Screen Shot 2018-06-08 at 5.19.15 PM.png,0.5636360012755102,dark,False,124.20715960521586
RipeApple,rotated_by_45_Screen Shot 2018-06-08 at 5.19.28 PM.png,0.8257134885204082,bright,False,112.61413715442733
RipeApple,rotated_by_45_Screen Shot 2018-06-08 at 5.19.35 PM.png,0.8295798788265306,bright,False,116.69978356197039
RipeApple,rotated_by_45_Screen Shot 2018-06-08 at 5.19.58 PM.png,0.05373086734693878,dark,False,118.64753855791946
RipeApple,rotated_by_45_Screen Shot 2018-06-08 at 5.20.08 PM.png,0.06393494897959184,dark,False,119.631391423629
RipeApple,rotated_by_45_Screen Shot 2018-06-08 at 5.20.17 PM.png,0.06612723214285714,dark,False,114.07293381479059
RipeApple,rotated_by_45_Screen Shot 2018-06-08 at 5.20.42 PM.png,0.06040736607142857,dark,False,117.52282103506201
RipeApple,rotated_by_45_Screen Shot 2018-06-08 at 5.20.56 PM.png,0.8225446428571429,bright,False,120.1664309907842
RipeApple,rotated_by_45_Screen Shot 2018-06-08 at 5.21.06 PM.png,0.05006377551020408,dark,False,124.93465764225056
RipeApple,rotated_by_45_Screen Shot 2018-06-08 at 5.21.22 PM.png,0.08258928571428571,dark,False,121.10205570805647
RipeApple,rotated_by_45_Screen Shot 2018-06-08 at 5.21.31 PM.png,0.8292211415816326,bright,False,122.65329407940054
RipeApple,rotated_by_45_Screen Shot 2018-06-08 at 5.21.35 PM.png,0.3354990433673469,dark,False,118.7576155785456
RipeApple,rotated_by_45_Screen Shot 2018-06-08 at 5.21.40 PM.png,0.8286830357142857,bright,False,119.99701018450186
RipeApple,rotated_by_45_Screen Shot 2018-06-08 at 5.21.51 PM.png,0.06255978954081633,dark,False,123.19700568337845
RipeApple,rotated_by_45_Screen Shot 2018-06-08 at 5.21.56 PM.png,0.05375079719387755,dark,False,123.22289841274107
RipeApple,rotated_by_45_Screen Shot 2018-06-08 at 5.22.15 PM.png,0.052455357142857144,dark,False,122.69532537157743
RipeApple,rotated_by_45_Screen Shot 2018-06-08 at 5.22.27 PM.png,0.05424904336734694,dark,False,114.57969649154698
RipeApple,rotated_by_45_Screen Shot 2018-06-08 at 5.22.35 PM.png,0.05139907525510204,dark,False,122.14851667699652
RipeApple,rotated_by_45_Screen Shot 2018-06-08 at 5.22.48 PM.png,0.06236049107142857,dark,False,73.5826216507031
RipeApple,rotated_by_45_Screen Shot 2018-06-08 at 5.22.53 PM.png,0.8286830357142857,bright,False,120.8835424513992
RipeApple,rotated_by_45_Screen Shot 2018-06-08 at 5.22.58 PM.png,0.8298987563775511,bright,False,123.24633984280689
RipeApple,rotated_by_45_Screen Shot 2018-06-08 at 5.23.07 PM.png,0.06172273596938776,dark,False,122.11135130754724
RipeApple,rotated_by_45_Screen Shot 2018-06-08 at 5.23.14 PM.png,0.8298987563775511,bright,False,124.01711416487906
RipeApple,rotated_by_45_Screen Shot 2018-06-08 at 5.23.23 PM.png,0.0625,dark,False,123.74851472474887
RipeApple,rotated_by_45_Screen Shot 2018-06-08 at 5.23.26 PM.png,0.0694156568877551,dark,False,122.75198067356838
RipeApple,rotated_by_45_Screen Shot 2018-06-08 at 5.23.31 PM.png,0.059271364795918366,dark,False,123.51739799411287
RipeApple,rotated_by_45_Screen Shot 2018-06-08 at 5.23.51 PM.png,0.7095025510204082,bright,False,58.374477350599854
RipeApple,rotated_by_45_Screen Shot 2018-06-08 at 5.24.12 PM.png,0.0555046237244898,dark,False,112.69255220670765
RipeApple,rotated_by_45_Screen Shot 2018-06-08 at 5.24.19 PM.png,0.08547911352040816,dark,False,120.24527201524877
RipeApple,rotated_by_45_Screen Shot 2018-06-08 at 5.24.26 PM.png,0.05297353316326531,dark,False,121.18539008155727
RipeApple,rotated_by_45_Screen Shot 2018-06-08 at 5.25.02 PM.png,0.052256058673469385,dark,False,105.27812604018096
RipeApple,rotated_by_45_Screen Shot 2018-06-08 at 5.25.22 PM.png,0.05992904974489796,dark,False,121.59796247658518
RipeApple,rotated_by_45_Screen Shot 2018-06-08 at 5.25.28 PM.png,0.8235012755102041,bright,False,122.86209010049406
RipeApple,rotated_by_45_Screen Shot 2018-06-08 at 5.25.33 PM.png,0.8290816326530612,bright,False,119.90974926276154
RipeApple,rotated_by_45_Screen Shot 2018-06-08 at 5.25.37 PM.png,0.8274473852040817,bright,False,124.2021991341199
RipeApple,rotated_by_45_Screen Shot 2018-06-08 at 5.25.43 PM.png,0.05227598852040816,dark,False,121.73370621676817
RipeApple,rotated_by_45_Screen Shot 2018-06-08 at 5.25.49 PM.png,0.051080197704081634,dark,False,125.59780889160834
RipeApple,rotated_by_45_Screen Shot 2018-06-08 at 5.26.05 PM.png,0.8301578443877551,bright,False,121.55772840661939
RipeApple,rotated_by_45_Screen Shot 2018-06-08 at 5.26.13 PM.png,0.8284638073979592,bright,False,125.76886490942587
RipeApple,rotated_by_45_Screen Shot 2018-06-08 at 5.26.24 PM.png,0.05506616709183673,dark,False,119.97905925724996
RipeApple,rotated_by_45_Screen Shot 2018-06-08 at 5.26.29 PM.png,0.8284239477040817,bright,False,123.93047732668367
RipeApple,rotated_by_45_Screen Shot 2018-06-08 at 5.26.36 PM.png,0.8294005102040817,bright,False,117.9103633518792
RipeApple,rotated_by_45_Screen Shot 2018-06-08 at 5.26.47 PM.png,0.05211654974489796,dark,False,125.087600224355
RipeApple,rotated_by_45_Screen Shot 2018-06-08 at 5.26.58 PM.png,0.05365114795918367,dark,False,117.43634821505152
RipeApple,rotated_by_45_Screen Shot 2018-06-08 at 5.27.06 PM.png,0.8280452806122449,bright,False,109.59203747728706
RipeApple,rotated_by_45_Screen Shot 2018-06-08 at 5.27.13 PM.png,0.31032764668367346,bright,False,114.61172211786567
RipeApple,rotated_by_45_Screen Shot 2018-06-08 at 5.27.19 PM.png,0.8295599489795918,bright,False,120.36550974519707
RipeApple,rotated_by_45_Screen Shot 2018-06-08 at 5.27.27 PM.png,0.07262436224489796,dark,False,120.05924637303036
RipeApple,rotated_by_45_Screen Shot 2018-06-08 at 5.27.34 PM.png,0.05287388392857143,dark,False,117.41778911958608
RipeApple,rotated_by_45_Screen Shot 2018-06-08 at 5.27.54 PM.png,0.19870057397959184,dark,False,116.5968180063325
RipeApple,rotated_by_45_Screen Shot 2018-06-08 at 5.28.10 PM.png,0.057896205357142856,dark,False,119.11529231361772
RipeApple,rotated_by_45_Screen Shot 2018-06-08 at 5.28.15 PM.png,0.8275868941326531,bright,False,116.28819904034471
RipeApple,rotated_by_45_Screen Shot 2018-06-08 at 5.28.24 PM.png,0.8294403698979592,bright,False,124.00432905678313
RipeApple,rotated_by_45_Screen Shot 2018-06-08 at 5.28.32 PM.png,0.8276865433673469,bright,False,117.95756859544825
RipeApple,rotated_by_45_Screen Shot 2018-06-08 at 5.28.38 PM.png,0.07908163265306123,dark,False,120.44525420263464
RipeApple,rotated_by_45_Screen Shot 2018-06-08 at 5.28.42 PM.png,0.05177774234693878,dark,False,116.43422010632707
RipeApple,rotated_by_45_Screen Shot 2018-06-08 at 5.28.48 PM.png,0.8264907525510204,bright,False,120.95152111939609
RipeApple,rotated_by_45_Screen Shot 2018-06-08 at 5.29.07 PM.png,0.05781648596938776,dark,False,126.0723926039101
RipeApple,rotated_by_45_Screen Shot 2018-06-08 at 5.29.13 PM.png,0.8286830357142857,bright,False,119.66327174123415
RipeApple,rotated_by_45_Screen Shot 2018-06-08 at 5.29.18 PM.png,0.06521045918367346,dark,False,121.85813832066015
RipeApple,rotated_by_45_Screen Shot 2018-06-08 at 5.29.31 PM.png,0.8287826849489796,bright,False,119.76104929988138
RipeApple,rotated_by_45_Screen Shot 2018-06-08 at 5.32.33 PM.png,0.8277463329081632,bright,False,119.05448384587464
RipeApple,rotated_by_45_Screen Shot 2018-06-08 at 5.32.38 PM.png,0.38998724489795916,dark,False,126.49952353279245
RipeApple,rotated_by_45_Screen Shot 2018-06-08 at 5.32.43 PM.png,0.08653539540816327,dark,False,124.79032997390748
RipeApple,rotated_by_45_Screen Shot 2018-06-08 at 5.32.50 PM.png,0.8284638073979592,bright,False,113.11169075742684
RipeApple,rotated_by_45_Screen Shot 2018-06-08 at 5.33.05 PM.png,0.07366071428571429,dark,False,112.76403091207158
RipeApple,rotated_by_45_Screen Shot 2018-06-08 at 5.33.11 PM.png,0.8285833864795918,bright,False,116.1767373344726
RipeApple,rotated_by_45_Screen Shot 2018-06-08 at 5.33.18 PM.png,0.0849609375,dark,False,104.37216893751302
RipeApple,rotated_by_45_Screen Shot 2018-06-08 at 5.33.27 PM.png,0.0850406568877551,dark,False,117.48624185910069
RipeApple,rotated_by_45_Screen Shot 2018-06-08 at 5.33.33 PM.png,0.8276666135204082,bright,False,115.52841539883396
RipeApple,rotated_by_45_Screen Shot 2018-06-08 at 5.33.47 PM.png,0.0613639987244898,dark,False,108.62250679622169
RipeApple,rotated_by_45_Screen Shot 2018-06-08 at 5.34.01 PM.png,0.05277423469387755,dark,False,116.35020733450979
RipeApple,rotated_by_45_Screen Shot 2018-06-08 at 5.34.07 PM.png,0.05721859056122449,dark,False,118.29134327874044
RipeApple,rotated_by_60_Screen Shot 2018-06-08 at 4.59.44 PM.png,0.07362085459183673,dark,False,123.12571146757227
RipeApple,rotated_by_60_Screen Shot 2018-06-08 at 4.59.49 PM.png,0.8449657206632653,bright,False,122.30041061870232
RipeApple,rotated_by_60_Screen Shot 2018-06-08 at 5.00.03 PM.png,0.8462810905612245,bright,False,122.91632761651356
RipeApple,rotated_by_60_Screen Shot 2018-06-08 at 5.00.18 PM.png,0.8307955994897959,bright,False,116.03831547787286
RipeApple,rotated_by_60_Screen Shot 2018-06-08 at 5.00.26 PM.png,0.8467195471938775,bright,False,123.63687638540488
RipeApple,rotated_by_60_Screen Shot 2018-06-08 at 5.00.35 PM.png,0.3552295918367347,dark,False,121.72725258700025
RipeApple,rotated_by_60_Screen Shot 2018-06-08 at 5.00.43 PM.png,0.05115991709183673,dark,False,118.17027962595087
RipeApple,rotated_by_60_Screen Shot 2018-06-08 at 5.00.50 PM.png,0.16605548469387754,dark,False,122.90733957659256
RipeApple,rotated_by_60_Screen Shot 2018-06-08 at 5.01.01 PM.png,0.8432318239795918,bright,False,120.81724120605107
RipeApple,rotated_by_60_Screen Shot 2018-06-08 at 5.01.08 PM.png,0.054388552295918366,dark,False,121.69329448286398
RipeApple,rotated_by_60_Screen Shot 2018-06-08 at 5.01.15 PM.png,0.05482700892857143,dark,False,123.65205627218086
RipeApple,rotated_by_60_Screen Shot 2018-06-08 at 5.01.29 PM.png,0.8326889349489796,bright,False,123.15168552768178
RipeApple,rotated_by_60_Screen Shot 2018-06-08 at 5.01.34 PM.png,0.8445870535714286,bright,False,125.07610945824051
RipeApple,rotated_by_60_Screen Shot 2018-06-08 at 5.01.41 PM.png,0.8439891581632653,bright,False,123.8200502538008
RipeApple,rotated_by_60_Screen Shot 2018-06-08 at 5.02.08 PM.png,0.05233577806122449,dark,False,124.64116510139557
RipeApple,rotated_by_60_Screen Shot 2018-06-08 at 5.02.24 PM.png,0.8463608099489796,bright,False,125.14348567390807
RipeApple,rotated_by_60_Screen Shot 2018-06-08 at 5.02.31 PM.png,0.8450454400510204,bright,False,123.3673002541657
RipeApple,rotated_by_60_Screen Shot 2018-06-08 at 5.02.38 PM.png,0.06106505102040816,dark,False,125.8694754366557
RipeApple,rotated_by_60_Screen Shot 2018-06-08 at 5.02.43 PM.png,0.08055644132653061,dark,False,119.31861720197787
RipeApple,rotated_by_60_Screen Shot 2018-06-08 at 5.03.05 PM.png,0.8444475446428571,bright,False,111.33320391728608
RipeApple,rotated_by_60_Screen Shot 2018-06-08 at 5.03.10 PM.png,0.8449457908163265,bright,False,125.67501797134709
RipeApple,rotated_by_60_Screen Shot 2018-06-08 at 5.03.26 PM.png,0.06246014030612245,dark,False,118.24991947588056
RipeApple,rotated_by_60_Screen Shot 2018-06-08 at 5.03.34 PM.png,0.07856345663265306,dark,False,118.931821523265
RipeApple,rotated_by_60_Screen Shot 2018-06-08 at 5.03.40 PM.png,0.8460020727040817,bright,False,122.87649633881284
RipeApple,rotated_by_60_Screen Shot 2018-06-08 at 5.03.47 PM.png,0.8449258609693877,bright,False,120.46950501246289
RipeApple,rotated_by_60_Screen Shot 2018-06-08 at 5.03.59 PM.png,0.08870774872448979,dark,False,123.61309117590407
RipeApple,rotated_by_60_Screen Shot 2018-06-08 at 5.04.05 PM.png,0.8461814413265306,bright,False,123.08257062353063
RipeApple,rotated_by_60_Screen Shot 2018-06-08 at 5.04.11 PM.png,0.32716836734693877,dark,False,118.9113058225064
RipeApple,rotated_by_60_Screen Shot 2018-06-08 at 5.04.24 PM.png,0.06052694515306122,dark,False,126.60269376489747
RipeApple,rotated_by_60_Screen Shot 2018-06-08 at 5.04.31 PM.png,0.8191167091836735,bright,False,121.94503839753112
RipeApple,rotated_by_60_Screen Shot 2018-06-08 at 5.04.42 PM.png,0.060546875,dark,False,124.46111817374235
RipeApple,rotated_by_60_Screen Shot 2018-06-08 at 5.04.48 PM.png,0.054388552295918366,dark,False,123.35493836827787
RipeApple,rotated_by_60_Screen Shot 2018-06-08 at 5.04.59 PM.png,0.8436702806122449,bright,False,124.26976774855365
RipeApple,rotated_by_60_Screen Shot 2018-06-08 at 5.05.06 PM.png,0.05825494260204082,dark,False,119.41758786152575
RipeApple,rotated_by_60_Screen Shot 2018-06-08 at 5.05.12 PM.png,0.0784438775510204,dark,False,123.11471411093201
RipeApple,rotated_by_60_Screen Shot 2018-06-08 at 5.05.27 PM.png,0.8463010204081632,bright,False,121.22529818316855
RipeApple,rotated_by_60_Screen Shot 2018-06-08 at 5.05.48 PM.png,0.053053252551020405,dark,False,117.46401316322455
RipeApple,rotated_by_60_Screen Shot 2018-06-08 at 5.06.19 PM.png,0.09022241709183673,dark,False,120.53586840787052
RipeApple,rotated_by_60_Screen Shot 2018-06-08 at 5.06.23 PM.png,0.07772640306122448,dark,False,115.92090449195621
RipeApple,rotated_by_60_Screen Shot 2018-06-08 at 5.06.28 PM.png,0.8453842474489796,bright,False,121.11280159470363
RipeApple,rotated_by_60_Screen Shot 2018-06-08 at 5.06.33 PM.png,0.10395408163265306,dark,False,117.49327529808556
RipeApple,rotated_by_60_Screen Shot 2018-06-08 at 5.06.40 PM.png,0.05584343112244898,dark,False,114.8774447767339
RipeApple,rotated_by_60_Screen Shot 2018-06-08 at 5.06.47 PM.png,0.8459024234693877,bright,False,123.75023245797074
RipeApple,rotated_by_60_Screen Shot 2018-06-08 at 5.07.05 PM.png,0.8438695790816326,bright,False,120.9681855244786
RipeApple,rotated_by_60_Screen Shot 2018-06-08 at 5.07.18 PM.png,0.10080516581632654,dark,False,119.28581095415662
RipeApple,rotated_by_60_Screen Shot 2018-06-08 at 5.07.26 PM.png,0.05859375,dark,False,119.70734931610248
RipeApple,rotated_by_60_Screen Shot 2018-06-08 at 5.07.52 PM.png,0.08420360331632654,dark,False,111.50756716529678
RipeApple,rotated_by_60_Screen Shot 2018-06-08 at 5.08.37 PM.png,0.8432916135204082,bright,False,119.34719305093954
RipeApple,rotated_by_60_Screen Shot 2018-06-08 at 5.08.46 PM.png,0.8459821428571429,bright,False,121.66595410422444
RipeApple,rotated_by_60_Screen Shot 2018-06-08 at 5.08.52 PM.png,0.8458426339285714,bright,False,125.91421041696053
RipeApple,rotated_by_60_Screen Shot 2018-06-08 at 5.09.03 PM.png,0.8452845982142857,bright,False,124.66415741244714
RipeApple,rotated_by_60_Screen Shot 2018-06-08 at 5.09.10 PM.png,0.055345184948979595,dark,False,123.26925489646567
RipeApple,rotated_by_60_Screen Shot 2018-06-08 at 5.09.25 PM.png,0.11194595025510204,dark,False,121.40959079086406
RipeApple,rotated_by_60_Screen Shot 2018-06-08 at 5.09.31 PM.png,0.846320950255102,bright,False,122.54031011988013
RipeApple,rotated_by_60_Screen Shot 2018-06-08 at 5.09.40 PM.png,0.05293367346938776,dark,False,120.66997234010005
RipeApple,rotated_by_60_Screen Shot 2018-06-08 at 5.09.47 PM.png,0.060865752551020405,dark,False,119.04765277611396
RipeApple,rotated_by_60_Screen Shot 2018-06-08 at 5.09.54 PM.png,0.8448461415816326,bright,False,121.33881957409763
RipeApple,rotated_by_60_Screen Shot 2018-06-08 at 5.10.03 PM.png,0.1455078125,dark,False,122.29892970091426
RipeApple,rotated_by_60_Screen Shot 2018-06-08 at 5.10.11 PM.png,0.052455357142857144,dark,False,118.21783637005268
RipeApple,rotated_by_60_Screen Shot 2018-06-08 at 5.10.21 PM.png,0.2102997448979592,dark,False,115.88526276017457
RipeApple,rotated_by_60_Screen Shot 2018-06-08 at 5.10.29 PM.png,0.8455237563775511,bright,False,123.7464699930186
RipeApple,rotated_by_60_Screen Shot 2018-06-08 at 5.10.43 PM.png,0.05113998724489796,dark,False,122.64534939030528
RipeApple,rotated_by_60_Screen Shot 2018-06-08 at 5.10.53 PM.png,0.8443080357142857,bright,False,119.73695086989294
RipeApple,rotated_by_60_Screen Shot 2018-06-08 at 5.11.08 PM.png,0.8455636160714286,bright,False,123.91092228454129
RipeApple,rotated_by_60_Screen Shot 2018-06-08 at 5.11.16 PM.png,0.8464405293367347,bright,False,124.80104521716487
RipeApple,rotated_by_60_Screen Shot 2018-06-08 at 5.11.24 PM.png,0.3258529974489796,dark,False,121.46330760019619
RipeApple,rotated_by_60_Screen Shot 2018-06-08 at 5.11.35 PM.png,0.07748724489795919,dark,False,126.02791741568132
RipeApple,rotated_by_60_Screen Shot 2018-06-08 at 5.11.41 PM.png,0.36423788265306123,dark,False,122.57718375281979
RipeApple,rotated_by_60_Screen Shot 2018-06-08 at 5.11.52 PM.png,0.053790656887755105,dark,False,116.86454835004939
RipeApple,rotated_by_60_Screen Shot 2018-06-08 at 5.11.59 PM.png,0.37790975765306123,dark,False,125.43387984047335
RipeApple,rotated_by_60_Screen Shot 2018-06-08 at 5.12.14 PM.png,0.8444276147959183,bright,False,122.23782525122677
RipeApple,rotated_by_60_Screen Shot 2018-06-08 at 5.12.20 PM.png,0.3830516581632653,dark,False,100.88474702621357
RipeApple,rotated_by_60_Screen Shot 2018-06-08 at 5.12.29 PM.png,0.8465800382653061,bright,False,125.21148534715905
RipeApple,rotated_by_60_Screen Shot 2018-06-08 at 5.12.34 PM.png,0.8458625637755102,bright,False,120.60639464785163
RipeApple,rotated_by_60_Screen Shot 2018-06-08 at 5.12.41 PM.png,0.07806521045918367,dark,False,122.57329189545857
RipeApple,rotated_by_60_Screen Shot 2018-06-08 at 5.12.47 PM.png,0.8453643176020408,bright,False,121.30706191182367
RipeApple,rotated_by_60_Screen Shot 2018-06-08 at 5.12.56 PM.png,0.050302933673469385,dark,False,121.12636552547436
RipeApple,rotated_by_60_Screen Shot 2018-06-08 at 5.13.02 PM.png,0.28408003826530615,dark,False,115.26781095554482
RipeApple,rotated_by_60_Screen Shot 2018-06-08 at 5.13.10 PM.png,0.8461814413265306,bright,False,125.74623192114275
RipeApple,rotated_by_60_Screen Shot 2018-06-08 at 5.13.18 PM.png,0.8438695790816326,bright,False,126.37409568136157
RipeApple,rotated_by_60_Screen Shot 2018-06-08 at 5.13.25 PM.png,0.052036830357142856,dark,False,124.51593744231286
RipeApple,rotated_by_60_Screen Shot 2018-06-08 at 5.13.31 PM.png,0.06373565051020408,dark,False,123.37339700278535
RipeApple,rotated_by_60_Screen Shot 2018-06-08 at 5.13.40 PM.png,0.06570870535714286,dark,False,112.87304466825994
RipeApple,rotated_by_60_Screen Shot 2018-06-08 at 5.13.45 PM.png,0.050283003826530615,dark,False,121.62631426652341
RipeApple,rotated_by_60_Screen Shot 2018-06-08 at 5.13.54 PM.png,0.8460220025510204,bright,False,125.81544102839142
RipeApple,rotated_by_60_Screen Shot 2018-06-08 at 5.14.01 PM.png,0.8462611607142857,bright,False,124.86514398427379
RipeApple,rotated_by_60_Screen Shot 2018-06-08 at 5.14.20 PM.png,0.2750717474489796,dark,False,121.82651995906218
RipeApple,rotated_by_60_Screen Shot 2018-06-08 at 5.14.48 PM.png,0.8456433354591837,bright,False,126.13551560962833
RipeApple,rotated_by_60_Screen Shot 2018-06-08 at 5.14.56 PM.png,0.06465242346938775,dark,False,123.68081994917524
RipeApple,rotated_by_60_Screen Shot 2018-06-08 at 5.15.01 PM.png,0.06359614158163265,dark,False,115.02839933096334
RipeApple,rotated_by_60_Screen Shot 2018-06-08 at 5.15.09 PM.png,0.8457828443877551,bright,False,124.63182118029549
RipeApple,rotated_by_60_Screen Shot 2018-06-08 at 5.15.14 PM.png,0.5481106505102041,dark,False,125.02313812882556
RipeApple,rotated_by_60_Screen Shot 2018-06-08 at 5.15.21 PM.png,0.8460020727040817,bright,False,117.34689093073017
RipeApple,rotated_by_60_Screen Shot 2018-06-08 at 5.15.34 PM.png,0.8456632653061225,bright,False,123.82274060947178
RipeApple,rotated_by_60_Screen Shot 2018-06-08 at 5.15.39 PM.png,0.05014349489795918,dark,False,125.22681289235648
RipeApple,rotated_by_60_Screen Shot 2018-06-08 at 5.15.45 PM.png,0.8446269132653061,bright,False,124.0595903597565
RipeApple,rotated_by_60_Screen Shot 2018-06-08 at 5.15.52 PM.png,0.8455835459183674,bright,False,124.61208552828661
RipeApple,rotated_by_60_Screen Shot 2018-06-08 at 5.16.28 PM.png,0.05034279336734694,dark,False,124.09476472981446
RipeApple,rotated_by_60_Screen Shot 2018-06-08 at 5.16.33 PM.png,0.05275430484693878,dark,False,119.09374984501584
RipeApple,rotated_by_60_Screen Shot 2018-06-08 at 5.16.37 PM.png,0.05267458545918367,dark,False,119.83505360174485
RipeApple,rotated_by_60_Screen Shot 2018-06-08 at 5.16.44 PM.png,0.8463608099489796,bright,False,113.59385913820778
RipeApple,rotated_by_60_Screen Shot 2018-06-08 at 5.16.49 PM.png,0.05564413265306122,dark,False,120.04591418567509
RipeApple,rotated_by_60_Screen Shot 2018-06-08 at 5.16.57 PM.png,0.056959502551020405,dark,False,118.89733206823625
RipeApple,rotated_by_60_Screen Shot 2018-06-08 at 5.17.04 PM.png,0.05076132015306122,dark,False,122.76035955689048
RipeApple,rotated_by_60_Screen Shot 2018-06-08 at 5.17.10 PM.png,0.8141342474489796,bright,False,119.29093469962059
RipeApple,rotated_by_60_Screen Shot 2018-06-08 at 5.17.22 PM.png,0.8456034757653061,bright,False,126.69047221844022
RipeApple,rotated_by_60_Screen Shot 2018-06-08 at 5.17.34 PM.png,0.05486686862244898,dark,False,115.70489481062411
RipeApple,rotated_by_60_Screen Shot 2018-06-08 at 5.17.42 PM.png,0.8416772959183674,bright,False,114.02172136490668
RipeApple,rotated_by_60_Screen Shot 2018-06-08 at 5.17.58 PM.png,0.05508609693877551,dark,False,115.38630902247091
RipeApple,rotated_by_60_Screen Shot 2018-06-08 at 5.18.12 PM.png,0.8459422831632653,bright,False,122.28517862030121
RipeApple,rotated_by_60_Screen Shot 2018-06-08 at 5.18.16 PM.png,0.05670041454081633,dark,False,118.48617778784477
RipeApple,rotated_by_60_Screen Shot 2018-06-08 at 5.18.26 PM.png,0.05494658801020408,dark,False,124.02152934626173
RipeApple,rotated_by_60_Screen Shot 2018-06-08 at 5.18.37 PM.png,0.8457429846938775,bright,False,125.4525799795231
RipeApple,rotated_by_60_Screen Shot 2018-06-08 at 5.18.42 PM.png,0.0674625318877551,dark,False,114.06466397470955
RipeApple,rotated_by_60_Screen Shot 2018-06-08 at 5.19.15 PM.png,0.563117825255102,dark,False,123.31729677583566
RipeApple,rotated_by_60_Screen Shot 2018-06-08 at 5.19.28 PM.png,0.5362523915816326,dark,False,117.30615800465057
RipeApple,rotated_by_60_Screen Shot 2018-06-08 at 5.19.35 PM.png,0.8458824936224489,bright,False,116.94958312950924
RipeApple,rotated_by_60_Screen Shot 2018-06-08 at 5.19.47 PM.png,0.06246014030612245,dark,False,119.15621080116041
RipeApple,rotated_by_60_Screen Shot 2018-06-08 at 5.19.58 PM.png,0.05432876275510204,dark,False,119.42823920977567
RipeApple,rotated_by_60_Screen Shot 2018-06-08 at 5.20.08 PM.png,0.06991390306122448,dark,False,117.92761794554379
RipeApple,rotated_by_60_Screen Shot 2018-06-08 at 5.20.17 PM.png,0.07240513392857142,dark,False,116.78653844523411
RipeApple,rotated_by_60_Screen Shot 2018-06-08 at 5.20.26 PM.png,0.8432916135204082,bright,False,118.71070089968272
RipeApple,rotated_by_60_Screen Shot 2018-06-08 at 5.20.42 PM.png,0.06447305484693877,dark,False,118.48451428833754
RipeApple,rotated_by_60_Screen Shot 2018-06-08 at 5.20.56 PM.png,0.8340840242346939,bright,False,121.61275394592603
RipeApple,rotated_by_60_Screen Shot 2018-06-08 at 5.21.06 PM.png,0.8440290178571429,bright,False,124.78280077963218
RipeApple,rotated_by_60_Screen Shot 2018-06-08 at 5.21.31 PM.png,0.8458027742346939,bright,False,121.70764405711198
RipeApple,rotated_by_60_Screen Shot 2018-06-08 at 5.21.35 PM.png,0.32248485331632654,dark,False,119.28910932440185
RipeApple,rotated_by_60_Screen Shot 2018-06-08 at 5.21.40 PM.png,0.8449457908163265,bright,False,120.59187526427216
RipeApple,rotated_by_60_Screen Shot 2018-06-08 at 5.21.51 PM.png,0.06714365433673469,dark,False,123.46876157334657
RipeApple,rotated_by_60_Screen Shot 2018-06-08 at 5.22.15 PM.png,0.05213647959183673,dark,False,123.17601220589188
RipeApple,rotated_by_60_Screen Shot 2018-06-08 at 5.22.20 PM.png,0.08237005739795919,dark,False,115.4328190033042
RipeApple,rotated_by_60_Screen Shot 2018-06-08 at 5.22.27 PM.png,0.054986447704081634,dark,False,115.08438923044002
RipeApple,rotated_by_60_Screen Shot 2018-06-08 at 5.22.35 PM.png,0.050502232142857144,dark,False,122.40535887080891
RipeApple,rotated_by_60_Screen Shot 2018-06-08 at 5.22.48 PM.png,0.05131935586734694,dark,False,73.8494267122668
RipeApple,rotated_by_60_Screen Shot 2018-06-08 at 5.22.53 PM.png,0.8450454400510204,bright,False,122.79206580492985
RipeApple,rotated_by_60_Screen Shot 2018-06-08 at 5.22.58 PM.png,0.8458027742346939,bright,False,124.17450931569338
RipeApple,rotated_by_60_Screen Shot 2018-06-08 at 5.23.14 PM.png,0.8457429846938775,bright,False,124.24223205964755
RipeApple,rotated_by_60_Screen Shot 2018-06-08 at 5.23.23 PM.png,0.06718351403061225,dark,False,123.61583043019986
RipeApple,rotated_by_60_Screen Shot 2018-06-08 at 5.23.31 PM.png,0.062420280612244895,dark,False,123.43811520761007
RipeApple,rotated_by_60_Screen Shot 2018-06-08 at 5.23.51 PM.png,0.7113759566326531,bright,False,52.6737176706744
RipeApple,rotated_by_60_Screen Shot 2018-06-08 at 5.24.04 PM.png,0.07684948979591837,dark,False,116.93388578306521
RipeApple,rotated_by_60_Screen Shot 2018-06-08 at 5.24.12 PM.png,0.057696906887755105,dark,False,113.52517823794271
RipeApple,rotated_by_60_Screen Shot 2018-06-08 at 5.24.19 PM.png,0.09394929846938775,dark,False,121.85146608811861
RipeApple,rotated_by_60_Screen Shot 2018-06-08 at 5.24.26 PM.png,0.05309311224489796,dark,False,120.77723114547159
RipeApple,rotated_by_60_Screen Shot 2018-06-08 at 5.24.35 PM.png,0.053053252551020405,dark,False,112.65243602431491
RipeApple,rotated_by_60_Screen Shot 2018-06-08 at 5.25.02 PM.png,0.05201690051020408,dark,False,107.33591521544605
RipeApple,rotated_by_60_Screen Shot 2018-06-08 at 5.25.22 PM.png,0.06357621173469388,dark,False,119.71632371785795
RipeApple,rotated_by_60_Screen Shot 2018-06-08 at 5.25.28 PM.png,0.0607063137755102,dark,False,122.46536598652928
RipeApple,rotated_by_60_Screen Shot 2018-06-08 at 5.25.33 PM.png,0.8456433354591837,bright,False,121.96257807408745
RipeApple,rotated_by_60_Screen Shot 2018-06-08 at 5.25.37 PM.png,0.8441685267857143,bright,False,122.98370576126673
RipeApple,rotated_by_60_Screen Shot 2018-06-08 at 5.25.43 PM.png,0.05201690051020408,dark,False,121.9044427358274
RipeApple,rotated_by_60_Screen Shot 2018-06-08 at 5.25.49 PM.png,0.05032286352040816,dark,False,126.00626544815884
RipeApple,rotated_by_60_Screen Shot 2018-06-08 at 5.26.05 PM.png,0.846061862244898,bright,False,121.78914636456375
RipeApple,rotated_by_60_Screen Shot 2018-06-08 at 5.26.13 PM.png,0.8451650191326531,bright,False,125.80857792176086
RipeApple,rotated_by_60_Screen Shot 2018-06-08 at 5.26.29 PM.png,0.8444475446428571,bright,False,124.3539566140898
RipeApple,rotated_by_60_Screen Shot 2018-06-08 at 5.26.36 PM.png,0.845344387755102,bright,False,118.7928848465478
RipeApple,rotated_by_60_Screen Shot 2018-06-08 at 5.26.41 PM.png,0.8441485969387755,bright,False,126.03023645355786
RipeApple,rotated_by_60_Screen Shot 2018-06-08 at 5.26.47 PM.png,0.05189732142857143,dark,False,125.88251717296434
RipeApple,rotated_by_60_Screen Shot 2018-06-08 at 5.26.52 PM.png,0.06359614158163265,dark,False,123.44127348523917
RipeApple,rotated_by_60_Screen Shot 2018-06-08 at 5.26.58 PM.png,0.0613639987244898,dark,False,118.36063262759176
RipeApple,rotated_by_60_Screen Shot 2018-06-08 at 5.27.19 PM.png,0.8462810905612245,bright,False,120.9697087895568
RipeApple,rotated_by_60_Screen Shot 2018-06-08 at 5.27.27 PM.png,0.08932557397959184,dark,False,117.47923665091976
RipeApple,rotated_by_60_Screen Shot 2018-06-08 at 5.27.34 PM.png,0.0535514987244898,dark,False,118.99041415660567
RipeApple,rotated_by_60_Screen Shot 2018-06-08 at 5.27.54 PM.png,0.2167370854591837,dark,False,119.29139416210946
RipeApple,rotated_by_60_Screen Shot 2018-06-08 at 5.28.04 PM.png,0.8440688775510204,bright,False,122.96596426589821
RipeApple,rotated_by_60_Screen Shot 2018-06-08 at 5.28.10 PM.png,0.06048708545918367,dark,False,118.37103437864134
RipeApple,rotated_by_60_Screen Shot 2018-06-08 at 5.28.15 PM.png,0.8442283163265306,bright,False,117.54651124718144
RipeApple,rotated_by_60_Screen Shot 2018-06-08 at 5.28.24 PM.png,0.8456234056122449,bright,False,124.24056858906165
RipeApple,rotated_by_60_Screen Shot 2018-06-08 at 5.28.38 PM.png,0.08795041454081633,dark,False,119.87934735962641
RipeApple,rotated_by_60_Screen Shot 2018-06-08 at 5.28.42 PM.png,0.06883769132653061,dark,False,117.93735285176386
RipeApple,rotated_by_60_Screen Shot 2018-06-08 at 5.28.48 PM.png,0.8421157525510204,bright,False,121.73412934230997
RipeApple,rotated_by_60_Screen Shot 2018-06-08 at 5.28.59 PM.png,0.07065130739795919,dark,False,123.42035149655025
RipeApple,rotated_by_60_Screen Shot 2018-06-08 at 5.29.07 PM.png,0.06000876913265306,dark,False,125.00489652916394
RipeApple,rotated_by_60_Screen Shot 2018-06-08 at 5.29.13 PM.png,0.8445471938775511,bright,False,119.72932449399525
RipeApple,rotated_by_60_Screen Shot 2018-06-08 at 5.29.24 PM.png,0.09209582270408163,dark,False,118.8966368937446
RipeApple,rotated_by_60_Screen Shot 2018-06-08 at 5.29.31 PM.png,0.8447863520408163,bright,False,121.38844406114636
RipeApple,rotated_by_60_Screen Shot 2018-06-08 at 5.32.38 PM.png,0.40043048469387754,dark,False,126.62639549483964
RipeApple,rotated_by_60_Screen Shot 2018-06-08 at 5.32.50 PM.png,0.8455237563775511,bright,False,110.88031692792892
RipeApple,rotated_by_60_Screen Shot 2018-06-08 at 5.33.05 PM.png,0.08418367346938775,dark,False,114.22995943098692
RipeApple,rotated_by_60_Screen Shot 2018-06-08 at 5.33.11 PM.png,0.8450255102040817,bright,False,116.63325354213106
RipeApple,rotated_by_60_Screen Shot 2018-06-08 at 5.33.18 PM.png,0.09191645408163265,dark,False,105.76005781005237
RipeApple,rotated_by_60_Screen Shot 2018-06-08 at 5.33.27 PM.png,0.09384964923469388,dark,False,120.25580582776826
RipeApple,rotated_by_60_Screen Shot 2018-06-08 at 5.33.55 PM.png,0.054567920918367346,dark,False,120.54166892613948
RipeApple,rotated_by_60_Screen Shot 2018-06-08 at 5.34.01 PM.png,0.05237563775510204,dark,False,115.17319880349748
RipeApple,rotated_by_60_Screen Shot 2018-06-08 at 5.34.14 PM.png,0.8451052295918368,bright,False,119.51054576084609
RipeApple,rotated_by_60_Screen Shot 2018-06-08 at 5.34.21 PM.png,0.05018335459183673,dark,False,119.37319969641744
RipeApple,rotated_by_75_Screen Shot 2018-06-08 at 4.59.44 PM.png,0.07912149234693877,dark,False,125.31971600608644
RipeApple,rotated_by_75_Screen Shot 2018-06-08 at 4.59.49 PM.png,0.8981385522959183,bright,False,122.8356085978922
RipeApple,rotated_by_75_Screen Shot 2018-06-08 at 4.59.57 PM.png,0.8992546237244898,bright,False,120.98872348515528
RipeApple,rotated_by_75_Screen Shot 2018-06-08 at 5.00.03 PM.png,0.8996133609693877,bright,False,121.33607838012591
RipeApple,rotated_by_75_Screen Shot 2018-06-08 at 5.00.12 PM.png,0.8842673788265306,bright,False,120.12351374523013
RipeApple,rotated_by_75_Screen Shot 2018-06-08 at 5.00.18 PM.png,0.8773317920918368,bright,False,116.50762181766534
RipeApple,rotated_by_75_Screen Shot 2018-06-08 at 5.00.43 PM.png,0.10451211734693877,dark,False,117.58831700545268
RipeApple,rotated_by_75_Screen Shot 2018-06-08 at 5.01.08 PM.png,0.3547911352040816,dark,False,121.60655449221724
RipeApple,rotated_by_75_Screen Shot 2018-06-08 at 5.01.15 PM.png,0.8850645727040817,bright,False,122.78450962473592
RipeApple,rotated_by_75_Screen Shot 2018-06-08 at 5.01.22 PM.png,0.8961654974489796,bright,False,123.49382151621204
RipeApple,rotated_by_75_Screen Shot 2018-06-08 at 5.01.29 PM.png,0.07344148596938775,dark,False,122.33721602606369
RipeApple,rotated_by_75_Screen Shot 2018-06-08 at 5.01.34 PM.png,0.8956273915816326,bright,False,123.82523782560001
RipeApple,rotated_by_75_Screen Shot 2018-06-08 at 5.01.41 PM.png,0.8927176339285714,bright,False,123.3889753523538
RipeApple,rotated_by_75_Screen Shot 2018-06-08 at 5.02.08 PM.png,0.8887715242346939,bright,False,123.62324492679977
RipeApple,rotated_by_75_Screen Shot 2018-06-08 at 5.02.24 PM.png,0.8989158163265306,bright,False,124.16365295615823
RipeApple,rotated_by_75_Screen Shot 2018-06-08 at 5.02.38 PM.png,0.058095503826530615,dark,False,125.16709631889614
RipeApple,rotated_by_75_Screen Shot 2018-06-08 at 5.02.43 PM.png,0.05797592474489796,dark,False,118.45724803628856
RipeApple,rotated_by_75_Screen Shot 2018-06-08 at 5.02.48 PM.png,0.27638711734693877,dark,False,116.60456925591866
RipeApple,rotated_by_75_Screen Shot 2018-06-08 at 5.02.54 PM.png,0.8621452487244898,bright,False,114.16873632251652
RipeApple,rotated_by_75_Screen Shot 2018-06-08 at 5.03.05 PM.png,0.8963847257653061,bright,False,111.35594482161774
RipeApple,rotated_by_75_Screen Shot 2018-06-08 at 5.03.10 PM.png,0.8970822704081632,bright,False,124.50339944135045
RipeApple,rotated_by_75_Screen Shot 2018-06-08 at 5.03.17 PM.png,0.3967235331632653,dark,False,121.39345950710383
RipeApple,rotated_by_75_Screen Shot 2018-06-08 at 5.03.26 PM.png,0.06060666454081633,dark,False,116.06803904111946
RipeApple,rotated_by_75_Screen Shot 2018-06-08 at 5.03.34 PM.png,0.07692920918367346,dark,False,119.60412024172113
RipeApple,rotated_by_75_Screen Shot 2018-06-08 at 5.03.40 PM.png,0.9000916772959183,bright,False,122.32776490905503
RipeApple,rotated_by_75_Screen Shot 2018-06-08 at 5.03.47 PM.png,0.1549346301020408,dark,False,120.41507296187227
RipeApple,rotated_by_75_Screen Shot 2018-06-08 at 5.03.59 PM.png,0.09640066964285714,dark,False,121.1052913185876
RipeApple,rotated_by_75_Screen Shot 2018-06-08 at 5.04.05 PM.png,0.8998923788265306,bright,False,121.56315235718887
RipeApple,rotated_by_75_Screen Shot 2018-06-08 at 5.04.16 PM.png,0.23274075255102042,dark,False,125.51578953100608
RipeApple,rotated_by_75_Screen Shot 2018-06-08 at 5.04.24 PM.png,0.32467713647959184,dark,False,125.66801891484788
RipeApple,rotated_by_75_Screen Shot 2018-06-08 at 5.04.31 PM.png,0.10546875,dark,False,121.76858088535919
RipeApple,rotated_by_75_Screen Shot 2018-06-08 at 5.04.48 PM.png,0.8831313775510204,bright,False,122.69389480627346
RipeApple,rotated_by_75_Screen Shot 2018-06-08 at 5.04.59 PM.png,0.8936144770408163,bright,False,123.30789966788791
RipeApple,rotated_by_75_Screen Shot 2018-06-08 at 5.05.06 PM.png,0.053989955357142856,dark,False,120.11290558070613
RipeApple,rotated_by_75_Screen Shot 2018-06-08 at 5.05.18 PM.png,0.08089524872448979,dark,False,123.00213313508522
RipeApple,rotated_by_75_Screen Shot 2018-06-08 at 5.05.27 PM.png,0.1015625,dark,False,119.75270889942469
RipeApple,rotated_by_75_Screen Shot 2018-06-08 at 5.05.41 PM.png,0.8871771364795918,bright,False,121.2685458373572
RipeApple,rotated_by_75_Screen Shot 2018-06-08 at 5.05.48 PM.png,0.06818000637755102,dark,False,117.76265638532743
RipeApple,rotated_by_75_Screen Shot 2018-06-08 at 5.06.10 PM.png,0.8984375,bright,False,123.69701614289254
RipeApple,rotated_by_75_Screen Shot 2018-06-08 at 5.06.19 PM.png,0.10664461096938775,dark,False,120.28939892857854
RipeApple,rotated_by_75_Screen Shot 2018-06-08 at 5.06.33 PM.png,0.12888632015306123,dark,False,114.11089563233863
RipeApple,rotated_by_75_Screen Shot 2018-06-08 at 5.06.47 PM.png,0.8994937818877551,bright,False,122.73386863413508
RipeApple,rotated_by_75_Screen Shot 2018-06-08 at 5.07.05 PM.png,0.8938934948979592,bright,False,119.46982554210598
RipeApple,rotated_by_75_Screen Shot 2018-06-08 at 5.07.18 PM.png,0.11272321428571429,dark,False,120.87651248398998
RipeApple,rotated_by_75_Screen Shot 2018-06-08 at 5.07.26 PM.png,0.1551937181122449,dark,False,121.01676543724523
RipeApple,rotated_by_75_Screen Shot 2018-06-08 at 5.07.32 PM.png,0.8824338329081632,bright,False,118.33452707467188
RipeApple,rotated_by_75_Screen Shot 2018-06-08 at 5.07.52 PM.png,0.08950494260204081,dark,False,111.6049241261996
RipeApple,rotated_by_75_Screen Shot 2018-06-08 at 5.08.05 PM.png,0.27016900510204084,dark,False,111.63312092952215
RipeApple,rotated_by_75_Screen Shot 2018-06-08 at 5.08.46 PM.png,0.8993144132653061,bright,False,120.9377284813999
RipeApple,rotated_by_75_Screen Shot 2018-06-08 at 5.08.52 PM.png,0.8982979910714286,bright,False,124.88479535922436
RipeApple,rotated_by_75_Screen Shot 2018-06-08 at 5.08.58 PM.png,0.05357142857142857,dark,False,122.51274853425453
RipeApple,rotated_by_75_Screen Shot 2018-06-08 at 5.09.03 PM.png,0.4230110012755102,dark,False,124.74606607338912
RipeApple,rotated_by_75_Screen Shot 2018-06-08 at 5.09.17 PM.png,0.8960658482142857,bright,False,120.40165218172763
RipeApple,rotated_by_75_Screen Shot 2018-06-08 at 5.09.31 PM.png,0.8989357461734694,bright,False,121.44419862422153
RipeApple,rotated_by_75_Screen Shot 2018-06-08 at 5.09.47 PM.png,0.05819515306122449,dark,False,119.62127285617858
RipeApple,rotated_by_75_Screen Shot 2018-06-08 at 5.09.54 PM.png,0.8966637436224489,bright,False,121.27339824817814
RipeApple,rotated_by_75_Screen Shot 2018-06-08 at 5.10.03 PM.png,0.24075255102040816,dark,False,120.90339131015459
RipeApple,rotated_by_75_Screen Shot 2018-06-08 at 5.10.11 PM.png,0.8881337691326531,bright,False,119.82741224294979
RipeApple,rotated_by_75_Screen Shot 2018-06-08 at 5.10.21 PM.png,0.4106544961734694,dark,False,116.62488415024164
RipeApple,rotated_by_75_Screen Shot 2018-06-08 at 5.10.29 PM.png,0.898796237244898,bright,False,122.39373790237289
RipeApple,rotated_by_75_Screen Shot 2018-06-08 at 5.10.37 PM.png,0.8917410714285714,bright,False,121.51930884470129
RipeApple,rotated_by_75_Screen Shot 2018-06-08 at 5.10.43 PM.png,0.8904655612244898,bright,False,123.0920176521992
RipeApple,rotated_by_75_Screen Shot 2018-06-08 at 5.10.53 PM.png,0.8951690051020408,bright,False,119.04979555373534
RipeApple,rotated_by_75_Screen Shot 2018-06-08 at 5.11.02 PM.png,0.8996930803571429,bright,False,119.67454457753466
RipeApple,rotated_by_75_Screen Shot 2018-06-08 at 5.11.08 PM.png,0.8989955357142857,bright,False,123.70823061276646
RipeApple,rotated_by_75_Screen Shot 2018-06-08 at 5.11.16 PM.png,0.3686423788265306,dark,False,123.61623695253495
RipeApple,rotated_by_75_Screen Shot 2018-06-08 at 5.11.24 PM.png,0.3856823979591837,dark,False,123.26028504179028
RipeApple,rotated_by_75_Screen Shot 2018-06-08 at 5.11.35 PM.png,0.1647002551020408,dark,False,125.26604010705387
RipeApple,rotated_by_75_Screen Shot 2018-06-08 at 5.11.41 PM.png,0.42578125,dark,False,121.75420736849041
RipeApple,rotated_by_75_Screen Shot 2018-06-08 at 5.11.52 PM.png,0.25645727040816324,dark,False,116.31075313263085
RipeApple,rotated_by_75_Screen Shot 2018-06-08 at 5.11.59 PM.png,0.39413265306122447,dark,False,123.84412594649699
RipeApple,rotated_by_75_Screen Shot 2018-06-08 at 5.12.14 PM.png,0.8968829719387755,bright,False,122.80048720810844
RipeApple,rotated_by_75_Screen Shot 2018-06-08 at 5.12.20 PM.png,0.3829719387755102,dark,False,102.95498995283118
RipeApple,rotated_by_75_Screen Shot 2018-06-08 at 5.12.29 PM.png,0.07989875637755102,dark,False,123.58610214531245
RipeApple,rotated_by_75_Screen Shot 2018-06-08 at 5.12.34 PM.png,0.8984972895408163,bright,False,121.85335542102472
RipeApple,rotated_by_75_Screen Shot 2018-06-08 at 5.12.41 PM.png,0.07615194515306123,dark,False,122.12759997037931
RipeApple,rotated_by_75_Screen Shot 2018-06-08 at 5.12.47 PM.png,0.8991151147959183,bright,False,122.66056592034579
RipeApple,rotated_by_75_Screen Shot 2018-06-08 at 5.13.02 PM.png,0.4449936224489796,dark,False,117.38721229376704
RipeApple,rotated_by_75_Screen Shot 2018-06-08 at 5.13.10 PM.png,0.8981584821428571,bright,False,124.8647693139406
RipeApple,rotated_by_75_Screen Shot 2018-06-08 at 5.13.18 PM.png,0.8944515306122449,bright,False,125.44961887673169
RipeApple,rotated_by_75_Screen Shot 2018-06-08 at 5.13.25 PM.png,0.8894690688775511,bright,False,124.30383704992033
RipeApple,rotated_by_75_Screen Shot 2018-06-08 at 5.13.31 PM.png,0.062380420918367346,dark,False,122.56372410000972
RipeApple,rotated_by_75_Screen Shot 2018-06-08 at 5.13.40 PM.png,0.0660873724489796,dark,False,112.56444661759546
RipeApple,rotated_by_75_Screen Shot 2018-06-08 at 5.13.45 PM.png,0.36276307397959184,dark,False,121.31383698742063
RipeApple,rotated_by_75_Screen Shot 2018-06-08 at 5.14.01 PM.png,0.8986168686224489,bright,False,124.04667966919271
RipeApple,rotated_by_75_Screen Shot 2018-06-08 at 5.14.07 PM.png,0.06509088010204081,dark,False,116.01295531056564
RipeApple,rotated_by_75_Screen Shot 2018-06-08 at 5.14.20 PM.png,0.31895727040816324,dark,False,121.54966288404619
RipeApple,rotated_by_75_Screen Shot 2018-06-08 at 5.14.56 PM.png,0.07814492984693877,dark,False,123.54239391207408
RipeApple,rotated_by_75_Screen Shot 2018-06-08 at 5.15.09 PM.png,0.8985570790816326,bright,False,123.95878235190112
RipeApple,rotated_by_75_Screen Shot 2018-06-08 at 5.15.21 PM.png,0.2115752551020408,dark,False,118.59504979791224
RipeApple,rotated_by_75_Screen Shot 2018-06-08 at 5.15.28 PM.png,0.05821508290816327,dark,False,121.00563341827889
RipeApple,rotated_by_75_Screen Shot 2018-06-08 at 5.15.34 PM.png,0.8979392538265306,bright,False,122.5489836682541
RipeApple,rotated_by_75_Screen Shot 2018-06-08 at 5.15.39 PM.png,0.892219387755102,bright,False,124.68327354054179
RipeApple,rotated_by_75_Screen Shot 2018-06-08 at 5.15.45 PM.png,0.8977000956632653,bright,False,124.06025438821713
RipeApple,rotated_by_75_Screen Shot 2018-06-08 at 5.15.52 PM.png,0.8969228316326531,bright,False,124.18141671814892
RipeApple,rotated_by_75_Screen Shot 2018-06-08 at 5.16.06 PM.png,0.057936065051020405,dark,False,116.76429777144193
RipeApple,rotated_by_75_Screen Shot 2018-06-08 at 5.16.16 PM.png,0.8993742028061225,bright,False,125.39097814997517
RipeApple,rotated_by_75_Screen Shot 2018-06-08 at 5.16.28 PM.png,0.8899673150510204,bright,False,123.50703128717494
RipeApple,rotated_by_75_Screen Shot 2018-06-08 at 5.16.33 PM.png,0.07176737882653061,dark,False,118.84199533040304
RipeApple,rotated_by_75_Screen Shot 2018-06-08 at 5.16.44 PM.png,0.33767139668367346,dark,False,117.88675940700102
RipeApple,rotated_by_75_Screen Shot 2018-06-08 at 5.16.57 PM.png,0.05193718112244898,dark,False,120.21118404682011
RipeApple,rotated_by_75_Screen Shot 2018-06-08 at 5.17.04 PM.png,0.8926777742346939,bright,False,121.5214332921585
RipeApple,rotated_by_75_Screen Shot 2018-06-08 at 5.17.10 PM.png,0.055345184948979595,dark,False,119.07304494585297
RipeApple,rotated_by_75_Screen Shot 2018-06-08 at 5.17.34 PM.png,0.885124362244898,bright,False,117.22882545607793
RipeApple,rotated_by_75_Screen Shot 2018-06-08 at 5.17.42 PM.png,0.8611886160714286,bright,False,117.44205731020304
RipeApple,rotated_by_75_Screen Shot 2018-06-08 at 5.17.58 PM.png,0.8857023278061225,bright,False,116.07370747428548
RipeApple,rotated_by_75_Screen Shot 2018-06-08 at 5.18.12 PM.png,0.27841996173469385,dark,False,120.60892109839459
RipeApple,rotated_by_75_Screen Shot 2018-06-08 at 5.18.16 PM.png,0.051279496173469385,dark,False,117.31756117773568
RipeApple,rotated_by_75_Screen Shot 2018-06-08 at 5.18.26 PM.png,0.1123046875,dark,False,121.94766557322275
RipeApple,rotated_by_75_Screen Shot 2018-06-08 at 5.18.42 PM.png,0.06845902423469388,dark,False,117.00987500208392
RipeApple,rotated_by_75_Screen Shot 2018-06-08 at 5.18.51 PM.png,0.8762157206632653,bright,False,122.1041341484236
RipeApple,rotated_by_75_Screen Shot 2018-06-08 at 5.18.58 PM.png,0.8877750318877551,bright,False,112.12930730122262
RipeApple,rotated_by_75_Screen Shot 2018-06-08 at 5.19.28 PM.png,0.5430484693877551,dark,False,119.95196316595714
RipeApple,rotated_by_75_Screen Shot 2018-06-08 at 5.19.47 PM.png,0.40555245535714285,dark,False,120.0843341794829
RipeApple,rotated_by_75_Screen Shot 2018-06-08 at 5.19.58 PM.png,0.8841278698979592,bright,False,122.07819951398373
RipeApple,rotated_by_75_Screen Shot 2018-06-08 at 5.20.17 PM.png,0.07734773596938775,dark,False,115.7089018491527
RipeApple,rotated_by_75_Screen Shot 2018-06-08 at 5.20.26 PM.png,0.8932955994897959,bright,False,118.86589264981461
RipeApple,rotated_by_75_Screen Shot 2018-06-08 at 5.20.32 PM.png,0.12990274234693877,dark,False,122.82771940253186
RipeApple,rotated_by_75_Screen Shot 2018-06-08 at 5.20.51 PM.png,0.8981983418367347,bright,False,122.51872791543043
RipeApple,rotated_by_75_Screen Shot 2018-06-08 at 5.21.22 PM.png,0.12017697704081633,dark,False,110.83017787186905
RipeApple,rotated_by_75_Screen Shot 2018-06-08 at 5.21.31 PM.png,0.8979990433673469,bright,False,121.42306574535604
RipeApple,rotated_by_75_Screen Shot 2018-06-08 at 5.21.35 PM.png,0.3352598852040816,dark,False,116.98718495191673
RipeApple,rotated_by_75_Screen Shot 2018-06-08 at 5.21.44 PM.png,0.8990154655612245,bright,False,124.09729197955552
RipeApple,rotated_by_75_Screen Shot 2018-06-08 at 5.21.51 PM.png,0.06816007653061225,dark,False,123.25723881547107
RipeApple,rotated_by_75_Screen Shot 2018-06-08 at 5.21.56 PM.png,0.062201052295918366,dark,False,122.97131479790853
RipeApple,rotated_by_75_Screen Shot 2018-06-08 at 5.22.15 PM.png,0.051438934948979595,dark,False,122.53563797104948
RipeApple,rotated_by_75_Screen Shot 2018-06-08 at 5.22.20 PM.png,0.09337133290816327,dark,False,115.43265189360096
RipeApple,rotated_by_75_Screen Shot 2018-06-08 at 5.22.35 PM.png,0.8901267538265306,bright,False,122.09863390874865
RipeApple,rotated_by_75_Screen Shot 2018-06-08 at 5.22.48 PM.png,0.1263751594387755,dark,False,73.6219072597207
RipeApple,rotated_by_75_Screen Shot 2018-06-08 at 5.22.53 PM.png,0.8974609375,bright,False,123.15292690609961
RipeApple,rotated_by_75_Screen Shot 2018-06-08 at 5.22.58 PM.png,0.8964644451530612,bright,False,124.57134692307211
RipeApple,rotated_by_75_Screen Shot 2018-06-08 at 5.23.07 PM.png,0.06638632015306123,dark,False,122.62306512259504
RipeApple,rotated_by_75_Screen Shot 2018-06-08 at 5.23.14 PM.png,0.8988958864795918,bright,False,123.08816358332727
RipeApple,rotated_by_75_Screen Shot 2018-06-08 at 5.23.26 PM.png,0.08466198979591837,dark,False,123.11793964878427
RipeApple,rotated_by_75_Screen Shot 2018-06-08 at 5.23.31 PM.png,0.059889190051020405,dark,False,122.09458329613794
RipeApple,rotated_by_75_Screen Shot 2018-06-08 at 5.23.51 PM.png,0.7111965880102041,bright,False,42.2434803986971
RipeApple,rotated_by_75_Screen Shot 2018-06-08 at 5.24.04 PM.png,0.2660435267857143,dark,False,117.27469519380135
RipeApple,rotated_by_75_Screen Shot 2018-06-08 at 5.24.12 PM.png,0.08743223852040816,dark,False,117.6499400387142
RipeApple,rotated_by_75_Screen Shot 2018-06-08 at 5.24.19 PM.png,0.16388313137755103,dark,False,120.07846793833305
RipeApple,rotated_by_75_Screen Shot 2018-06-08 at 5.24.26 PM.png,0.8882533482142857,bright,False,119.24318309435976
RipeApple,rotated_by_75_Screen Shot 2018-06-08 at 5.24.35 PM.png,0.056321747448979595,dark,False,111.38210725178264
RipeApple,rotated_by_75_Screen Shot 2018-06-08 at 5.25.02 PM.png,0.8875358737244898,bright,False,109.93670959106704
RipeApple,rotated_by_75_Screen Shot 2018-06-08 at 5.25.22 PM.png,0.10265864158163265,dark,False,118.47301267705042
RipeApple,rotated_by_75_Screen Shot 2018-06-08 at 5.25.28 PM.png,0.2690330038265306,dark,False,121.62553352492388
RipeApple,rotated_by_75_Screen Shot 2018-06-08 at 5.25.33 PM.png,0.8989158163265306,bright,False,122.46643874315721
RipeApple,rotated_by_75_Screen Shot 2018-06-08 at 5.25.37 PM.png,0.8934151785714286,bright,False,120.70319517622652
RipeApple,rotated_by_75_Screen Shot 2018-06-08 at 5.25.49 PM.png,0.8914819834183674,bright,False,124.88290191774858
RipeApple,rotated_by_75_Screen Shot 2018-06-08 at 5.26.13 PM.png,0.8979791135204082,bright,False,124.82660258593428
RipeApple,rotated_by_75_Screen Shot 2018-06-08 at 5.26.19 PM.png,0.055943080357142856,dark,False,118.29256557475203
RipeApple,rotated_by_75_Screen Shot 2018-06-08 at 5.26.24 PM.png,0.051259566326530615,dark,False,117.6646979497648
RipeApple,rotated_by_75_Screen Shot 2018-06-08 at 5.26.29 PM.png,0.8955875318877551,bright,False,123.26834938015878
RipeApple,rotated_by_75_Screen Shot 2018-06-08 at 5.26.36 PM.png,0.8966637436224489,bright,False,119.50141065285719
RipeApple,rotated_by_75_Screen Shot 2018-06-08 at 5.26.41 PM.png,0.8936742665816326,bright,False,124.54602893280575
RipeApple,rotated_by_75_Screen Shot 2018-06-08 at 5.26.52 PM.png,0.06230070153061224,dark,False,122.225313940216
RipeApple,rotated_by_75_Screen Shot 2018-06-08 at 5.26.58 PM.png,0.0667251275510204,dark,False,118.88304499868268
RipeApple,rotated_by_75_Screen Shot 2018-06-08 at 5.27.06 PM.png,0.8959661989795918,bright,False,110.41609438105054
RipeApple,rotated_by_75_Screen Shot 2018-06-08 at 5.27.13 PM.png,0.5542889030612245,dark,False,119.02143115901386
RipeApple,rotated_by_75_Screen Shot 2018-06-08 at 5.27.19 PM.png,0.8995137117346939,bright,False,122.2236548458274
RipeApple,rotated_by_75_Screen Shot 2018-06-08 at 5.27.27 PM.png,0.10214046556122448,dark,False,117.47142480944986
RipeApple,rotated_by_75_Screen Shot 2018-06-08 at 5.27.34 PM.png,0.46584024234693877,dark,False,121.16408377586502
RipeApple,rotated_by_75_Screen Shot 2018-06-08 at 5.27.49 PM.png,0.8917012117346939,bright,False,123.63112000894345
RipeApple,rotated_by_75_Screen Shot 2018-06-08 at 5.27.54 PM.png,0.19812260841836735,dark,False,118.81935778478277
RipeApple,rotated_by_75_Screen Shot 2018-06-08 at 5.28.04 PM.png,0.8942123724489796,bright,False,119.30942936205827
RipeApple,rotated_by_75_Screen Shot 2018-06-08 at 5.28.15 PM.png,0.8957469706632653,bright,False,117.57545320211864
RipeApple,rotated_by_75_Screen Shot 2018-06-08 at 5.28.24 PM.png,0.8979591836734694,bright,False,123.29791501554682
RipeApple,rotated_by_75_Screen Shot 2018-06-08 at 5.28.32 PM.png,0.8962850765306123,bright,False,117.95400959389552
RipeApple,rotated_by_75_Screen Shot 2018-06-08 at 5.28.38 PM.png,0.12055564413265306,dark,False,119.60242149225867
RipeApple,rotated_by_75_Screen Shot 2018-06-08 at 5.28.42 PM.png,0.07997847576530612,dark,False,118.66327660037241
RipeApple,rotated_by_75_Screen Shot 2018-06-08 at 5.28.48 PM.png,0.8917012117346939,bright,False,120.941998292825
RipeApple,rotated_by_75_Screen Shot 2018-06-08 at 5.29.07 PM.png,0.056720344387755105,dark,False,123.07581229569236
RipeApple,rotated_by_75_Screen Shot 2018-06-08 at 5.29.13 PM.png,0.8955476721938775,bright,False,118.25732673883523
RipeApple,rotated_by_75_Screen Shot 2018-06-08 at 5.29.18 PM.png,0.07449776785714286,dark,False,121.25524050546835
RipeApple,rotated_by_75_Screen Shot 2018-06-08 at 5.29.31 PM.png,0.8948700573979592,bright,False,122.37522105059774
RipeApple,rotated_by_75_Screen Shot 2018-06-08 at 5.32.33 PM.png,0.8977000956632653,bright,False,121.99736882920394
RipeApple,rotated_by_75_Screen Shot 2018-06-08 at 5.32.38 PM.png,0.407405931122449,dark,False,125.42223203036106
RipeApple,rotated_by_75_Screen Shot 2018-06-08 at 5.32.43 PM.png,0.12609614158163265,dark,False,125.00531434056124
RipeApple,rotated_by_75_Screen Shot 2018-06-08 at 5.33.11 PM.png,0.8988560267857143,bright,False,117.20964905085434
RipeApple,rotated_by_75_Screen Shot 2018-06-08 at 5.33.18 PM.png,0.09233498086734694,dark,False,109.71886408200653
RipeApple,rotated_by_75_Screen Shot 2018-06-08 at 5.33.27 PM.png,0.0852798150510204,dark,False,121.27811863755767
RipeApple,rotated_by_75_Screen Shot 2018-06-08 at 5.33.33 PM.png,0.8977598852040817,bright,False,115.30956793848475
RipeApple,rotated_by_75_Screen Shot 2018-06-08 at 5.33.47 PM.png,0.06546954719387756,dark,False,110.10097927403353
RipeApple,rotated_by_75_Screen Shot 2018-06-08 at 5.33.55 PM.png,0.8861806441326531,bright,False,120.68752596593299
RipeApple,rotated_by_75_Screen Shot 2018-06-08 at 5.34.01 PM.png,0.8872169961734694,bright,False,115.71280168368418
RipeApple,rotated_by_75_Screen Shot 2018-06-08 at 5.34.07 PM.png,0.05548469387755102,dark,False,121.75414733011844
RipeApple,rotated_by_75_Screen Shot 2018-06-08 at 5.34.14 PM.png,0.8965242346938775,bright,False,120.45808637566829
RipeApple,rotated_by_75_Screen Shot 2018-06-08 at 5.34.21 PM.png,0.8916613520408163,bright,False,116.78205389226139
RipeApple,saltandpepper_Screen Shot 2018-06-08 at 4.59.36 PM.png,0.443359375,dark,False,16.538138763832475
RipeApple,saltandpepper_Screen Shot 2018-06-08 at 4.59.44 PM.png,0.47847576530612246,dark,False,40.90562314899857
RipeApple,saltandpepper_Screen Shot 2018-06-08 at 4.59.49 PM.png,0.45675223214285715,dark,False,15.791244799424
RipeApple,saltandpepper_Screen Shot 2018-06-08 at 4.59.57 PM.png,0.5693359375,dark,False,27.022458248594603
RipeApple,saltandpepper_Screen Shot 2018-06-08 at 5.00.03 PM.png,0.5236168686224489,dark,False,17.582005408635023
RipeApple,saltandpepper_Screen Shot 2018-06-08 at 5.00.18 PM.png,0.49294483418367346,dark,False,42.4414380491722
RipeApple,saltandpepper_Screen Shot 2018-06-08 at 5.00.26 PM.png,0.5356544961734694,dark,False,21.399855714513773
RipeApple,saltandpepper_Screen Shot 2018-06-08 at 5.00.35 PM.png,0.4608577806122449,dark,False,47.260835800365236
RipeApple,saltandpepper_Screen Shot 2018-06-08 at 5.01.01 PM.png,0.5614835778061225,dark,False,29.396672240443255
RipeApple,saltandpepper_Screen Shot 2018-06-08 at 5.01.08 PM.png,0.5028898278061225,dark,False,31.61358083269759
RipeApple,saltandpepper_Screen Shot 2018-06-08 at 5.01.15 PM.png,0.47048389668367346,dark,False,8.055317412244696
RipeApple,saltandpepper_Screen Shot 2018-06-08 at 5.01.22 PM.png,0.5400789221938775,dark,False,15.194873570333357
RipeApple,saltandpepper_Screen Shot 2018-06-08 at 5.01.29 PM.png,0.3516422193877551,dark,False,29.7008290927217
RipeApple,saltandpepper_Screen Shot 2018-06-08 at 5.01.41 PM.png,0.5065768494897959,dark,False,26.00715191612136
RipeApple,saltandpepper_Screen Shot 2018-06-08 at 5.02.08 PM.png,0.42540258290816324,dark,False,8.977955408819417
RipeApple,saltandpepper_Screen Shot 2018-06-08 at 5.02.24 PM.png,0.6041733099489796,dark,False,11.941523986751621
RipeApple,saltandpepper_Screen Shot 2018-06-08 at 5.02.31 PM.png,0.45260682397959184,dark,False,23.82903368565415
RipeApple,saltandpepper_Screen Shot 2018-06-08 at 5.02.43 PM.png,0.32750717474489793,dark,False,12.94856606308925
RipeApple,saltandpepper_Screen Shot 2018-06-08 at 5.02.48 PM.png,0.35580755739795916,dark,False,34.16235857571724
RipeApple,saltandpepper_Screen Shot 2018-06-08 at 5.02.54 PM.png,0.357421875,dark,False,40.41952403424599
RipeApple,saltandpepper_Screen Shot 2018-06-08 at 5.03.05 PM.png,0.6578045280612245,dark,False,19.195689881661437
RipeApple,saltandpepper_Screen Shot 2018-06-08 at 5.03.10 PM.png,0.4992625956632653,dark,False,9.410233918429944
RipeApple,saltandpepper_Screen Shot 2018-06-08 at 5.03.17 PM.png,0.4807079081632653,dark,False,55.3563322033267
RipeApple,saltandpepper_Screen Shot 2018-06-08 at 5.03.26 PM.png,0.2093231823979592,dark,False,29.101555420276085
RipeApple,saltandpepper_Screen Shot 2018-06-08 at 5.03.34 PM.png,0.5182358099489796,dark,False,59.22316302772236
RipeApple,saltandpepper_Screen Shot 2018-06-08 at 5.03.40 PM.png,0.6460060586734694,dark,False,18.13556413354533
RipeApple,saltandpepper_Screen Shot 2018-06-08 at 5.03.59 PM.png,0.14042570153061223,dark,False,24.2808426278478
RipeApple,saltandpepper_Screen Shot 2018-06-08 at 5.04.05 PM.png,0.591796875,dark,False,23.276831951051594
RipeApple,saltandpepper_Screen Shot 2018-06-08 at 5.04.11 PM.png,0.36208545918367346,dark,False,12.317261495399947
RipeApple,saltandpepper_Screen Shot 2018-06-08 at 5.04.16 PM.png,0.46542171556122447,dark,False,7.53371443312322
RipeApple,saltandpepper_Screen Shot 2018-06-08 at 5.04.24 PM.png,0.37952407525510207,dark,False,7.208175531961728
RipeApple,saltandpepper_Screen Shot 2018-06-08 at 5.04.31 PM.png,0.5038663903061225,dark,False,37.19855080748889
RipeApple,saltandpepper_Screen Shot 2018-06-08 at 5.04.42 PM.png,0.5462173150510204,dark,False,8.271663164913486
RipeApple,saltandpepper_Screen Shot 2018-06-08 at 5.04.59 PM.png,0.45308514030612246,dark,False,12.690253864433183
RipeApple,saltandpepper_Screen Shot 2018-06-08 at 5.05.12 PM.png,0.45236766581632654,dark,False,14.83333653940496
RipeApple,saltandpepper_Screen Shot 2018-06-08 at 5.05.18 PM.png,0.22700095663265307,dark,False,12.987731185898298
RipeApple,saltandpepper_Screen Shot 2018-06-08 at 5.05.27 PM.png,0.5118582589285714,dark,False,23.604023992611335
RipeApple,saltandpepper_Screen Shot 2018-06-08 at 5.05.34 PM.png,0.49117107780612246,dark,False,28.788960327639895
RipeApple,saltandpepper_Screen Shot 2018-06-08 at 5.05.48 PM.png,0.4213767538265306,dark,False,42.98268286257053
RipeApple,saltandpepper_Screen Shot 2018-06-08 at 5.06.10 PM.png,0.42159598214285715,dark,False,10.842018250743273
RipeApple,saltandpepper_Screen Shot 2018-06-08 at 5.06.19 PM.png,0.4202208227040816,dark,False,14.649594582928259
RipeApple,saltandpepper_Screen Shot 2018-06-08 at 5.06.23 PM.png,0.32840401785714285,dark,False,17.554206480864178
RipeApple,saltandpepper_Screen Shot 2018-06-08 at 5.06.28 PM.png,0.496890943877551,dark,False,21.921263506736242
RipeApple,saltandpepper_Screen Shot 2018-06-08 at 5.06.33 PM.png,0.37332589285714285,dark,False,15.168181202951025
RipeApple,saltandpepper_Screen Shot 2018-06-08 at 5.06.40 PM.png,0.6633250956632653,dark,False,45.13401297858841
RipeApple,saltandpepper_Screen Shot 2018-06-08 at 5.06.47 PM.png,0.5479512117346939,dark,False,18.224621266859604
RipeApple,saltandpepper_Screen Shot 2018-06-08 at 5.07.18 PM.png,0.42745535714285715,dark,False,33.2967013323565
RipeApple,saltandpepper_Screen Shot 2018-06-08 at 5.07.32 PM.png,0.4367825255102041,dark,False,42.25730605389115
RipeApple,saltandpepper_Screen Shot 2018-06-08 at 5.07.52 PM.png,0.5171595982142857,dark,False,59.25836609775476
RipeApple,saltandpepper_Screen Shot 2018-06-08 at 5.08.37 PM.png,0.5288384885204082,dark,False,21.429417604565757
RipeApple,saltandpepper_Screen Shot 2018-06-08 at 5.08.46 PM.png,0.6425980548469388,dark,False,36.762413151479656
RipeApple,saltandpepper_Screen Shot 2018-06-08 at 5.08.52 PM.png,0.5340202487244898,dark,False,14.531424798284199
RipeApple,saltandpepper_Screen Shot 2018-06-08 at 5.08.58 PM.png,0.5983139349489796,dark,False,13.258554545576365
RipeApple,saltandpepper_Screen Shot 2018-06-08 at 5.09.10 PM.png,0.44471460459183676,dark,False,6.1660143165385435
RipeApple,saltandpepper_Screen Shot 2018-06-08 at 5.09.17 PM.png,0.5946867028061225,dark,False,18.103165024076265
RipeApple,saltandpepper_Screen Shot 2018-06-08 at 5.09.25 PM.png,0.5474131058673469,dark,False,18.621027349583215
RipeApple,saltandpepper_Screen Shot 2018-06-08 at 5.09.31 PM.png,0.4782166772959184,dark,False,16.221218021597814
RipeApple,saltandpepper_Screen Shot 2018-06-08 at 5.09.47 PM.png,0.5002790178571429,dark,False,26.579883922647678
RipeApple,saltandpepper_Screen Shot 2018-06-08 at 5.09.54 PM.png,0.5811742665816326,dark,False,12.395511635330344
RipeApple,saltandpepper_Screen Shot 2018-06-08 at 5.10.03 PM.png,0.5100645727040817,dark,False,27.237112248424392
RipeApple,saltandpepper_Screen Shot 2018-06-08 at 5.10.21 PM.png,0.48108657525510207,dark,False,18.850997932218228
RipeApple,saltandpepper_Screen Shot 2018-06-08 at 5.10.29 PM.png,0.5148278061224489,dark,False,11.227820684178804
RipeApple,saltandpepper_Screen Shot 2018-06-08 at 5.10.37 PM.png,0.5684390943877551,dark,False,10.768844824376375
RipeApple,saltandpepper_Screen Shot 2018-06-08 at 5.10.43 PM.png,0.6140585140306123,dark,False,27.514407125894834
RipeApple,saltandpepper_Screen Shot 2018-06-08 at 5.10.53 PM.png,0.615234375,dark,False,28.416870832362438
RipeApple,saltandpepper_Screen Shot 2018-06-08 at 5.11.02 PM.png,0.6163305165816326,dark,False,26.582406144734836
RipeApple,saltandpepper_Screen Shot 2018-06-08 at 5.11.08 PM.png,0.45274633290816324,dark,False,14.147353771101239
RipeApple,saltandpepper_Screen Shot 2018-06-08 at 5.11.16 PM.png,0.48696588010204084,dark,False,16.84890564726952
RipeApple,saltandpepper_Screen Shot 2018-06-08 at 5.11.24 PM.png,0.43259725765306123,dark,False,28.479289057581862
RipeApple,saltandpepper_Screen Shot 2018-06-08 at 5.11.41 PM.png,0.441585618622449,dark,False,45.11576848785777
RipeApple,saltandpepper_Screen Shot 2018-06-08 at 5.11.52 PM.png,0.49768813775510207,dark,False,47.254478739292864
RipeApple,saltandpepper_Screen Shot 2018-06-08 at 5.12.20 PM.png,0.3898875956632653,dark,False,56.604113894197006
RipeApple,saltandpepper_Screen Shot 2018-06-08 at 5.12.29 PM.png,0.5047632334183674,dark,False,7.688040985220577
RipeApple,saltandpepper_Screen Shot 2018-06-08 at 5.12.34 PM.png,0.4932836415816326,dark,False,19.166855060979447
RipeApple,saltandpepper_Screen Shot 2018-06-08 at 5.12.56 PM.png,0.49607382015306123,dark,False,22.39067233079503
RipeApple,saltandpepper_Screen Shot 2018-06-08 at 5.13.02 PM.png,0.5440051020408163,dark,False,52.68081408153514
RipeApple,saltandpepper_Screen Shot 2018-06-08 at 5.13.10 PM.png,0.4260204081632653,dark,False,6.9833872913826625
RipeApple,saltandpepper_Screen Shot 2018-06-08 at 5.13.18 PM.png,0.491390306122449,dark,False,7.440462411050956
RipeApple,saltandpepper_Screen Shot 2018-06-08 at 5.13.25 PM.png,0.5398198341836735,dark,False,12.743461112194268
RipeApple,saltandpepper_Screen Shot 2018-06-08 at 5.13.31 PM.png,0.4872448979591837,dark,False,9.815617352561985
RipeApple,saltandpepper_Screen Shot 2018-06-08 at 5.13.40 PM.png,0.4224131058673469,dark,False,37.96824164295793
RipeApple,saltandpepper_Screen Shot 2018-06-08 at 5.13.54 PM.png,0.5456393494897959,dark,False,7.197781551232212
RipeApple,saltandpepper_Screen Shot 2018-06-08 at 5.14.01 PM.png,0.5720663265306123,dark,False,17.925861051865777
RipeApple,saltandpepper_Screen Shot 2018-06-08 at 5.14.07 PM.png,0.4854113520408163,dark,False,29.035426933350937
RipeApple,saltandpepper_Screen Shot 2018-06-08 at 5.14.20 PM.png,0.348812181122449,dark,False,12.094781147114512
RipeApple,saltandpepper_Screen Shot 2018-06-08 at 5.14.44 PM.png,0.4411471619897959,dark,False,9.226293990577604
RipeApple,saltandpepper_Screen Shot 2018-06-08 at 5.14.48 PM.png,0.419921875,dark,False,7.316513590166238
RipeApple,saltandpepper_Screen Shot 2018-06-08 at 5.15.01 PM.png,0.5670041454081632,dark,False,40.65613840024195
RipeApple,saltandpepper_Screen Shot 2018-06-08 at 5.15.09 PM.png,0.3734853316326531,dark,False,36.354335913551296
RipeApple,saltandpepper_Screen Shot 2018-06-08 at 5.15.28 PM.png,0.28061224489795916,dark,False,20.218487558644416
RipeApple,saltandpepper_Screen Shot 2018-06-08 at 5.15.34 PM.png,0.5592315051020408,dark,False,20.66894911306223
RipeApple,saltandpepper_Screen Shot 2018-06-08 at 5.15.39 PM.png,0.5376474808673469,dark,False,29.93553012530323
RipeApple,saltandpepper_Screen Shot 2018-06-08 at 5.15.45 PM.png,0.49874441964285715,dark,False,15.492103074200697
RipeApple,saltandpepper_Screen Shot 2018-06-08 at 5.16.16 PM.png,0.4365832270408163,dark,False,7.261353819019789
RipeApple,saltandpepper_Screen Shot 2018-06-08 at 5.16.33 PM.png,0.40234375,dark,False,27.185441214380713
RipeApple,saltandpepper_Screen Shot 2018-06-08 at 5.16.37 PM.png,0.6238042091836735,dark,False,37.2291112496169
RipeApple,saltandpepper_Screen Shot 2018-06-08 at 5.16.44 PM.png,0.49930245535714285,dark,False,48.177970719601966
RipeApple,saltandpepper_Screen Shot 2018-06-08 at 5.16.49 PM.png,0.6001275510204082,dark,False,17.25261358527749
RipeApple,saltandpepper_Screen Shot 2018-06-08 at 5.17.04 PM.png,0.6345862563775511,dark,False,37.9999372823978
RipeApple,saltandpepper_Screen Shot 2018-06-08 at 5.17.10 PM.png,0.4895766900510204,dark,False,45.9373282627804
RipeApple,saltandpepper_Screen Shot 2018-06-08 at 5.17.22 PM.png,0.5331234056122449,dark,False,8.738816343778891
RipeApple,saltandpepper_Screen Shot 2018-06-08 at 5.17.34 PM.png,0.6612523915816326,dark,False,20.521871151872556
RipeApple,saltandpepper_Screen Shot 2018-06-08 at 5.17.42 PM.png,0.26345264668367346,dark,False,53.4895352382078
RipeApple,saltandpepper_Screen Shot 2018-06-08 at 5.17.58 PM.png,0.6527622767857143,dark,False,26.458765364344757
RipeApple,saltandpepper_Screen Shot 2018-06-08 at 5.18.12 PM.png,0.46512276785714285,dark,False,21.61697688954884
RipeApple,saltandpepper_Screen Shot 2018-06-08 at 5.18.16 PM.png,0.39857700892857145,dark,False,15.230664677755982
RipeApple,saltandpepper_Screen Shot 2018-06-08 at 5.18.26 PM.png,0.4722177933673469,dark,False,11.630026458875259
RipeApple,saltandpepper_Screen Shot 2018-06-08 at 5.18.42 PM.png,0.53125,dark,False,13.695731402628832
RipeApple,saltandpepper_Screen Shot 2018-06-08 at 5.18.58 PM.png,0.6457071109693877,dark,False,56.09313770352691
RipeApple,saltandpepper_Screen Shot 2018-06-08 at 5.19.15 PM.png,0.6038145727040817,dark,False,21.603660222172078
RipeApple,saltandpepper_Screen Shot 2018-06-08 at 5.19.28 PM.png,0.5256696428571429,dark,False,43.91041570793192
RipeApple,saltandpepper_Screen Shot 2018-06-08 at 5.19.35 PM.png,0.5835259885204082,dark,False,35.88010303683969
RipeApple,saltandpepper_Screen Shot 2018-06-08 at 5.19.47 PM.png,0.5005580357142857,dark,False,23.751388020406225
RipeApple,saltandpepper_Screen Shot 2018-06-08 at 5.19.58 PM.png,0.28162866709183676,dark,False,19.274346040847586
RipeApple,saltandpepper_Screen Shot 2018-06-08 at 5.20.08 PM.png,0.5013950892857143,dark,False,42.62411813073839
RipeApple,saltandpepper_Screen Shot 2018-06-08 at 5.20.17 PM.png,0.5454799107142857,dark,False,30.042612714937963
RipeApple,saltandpepper_Screen Shot 2018-06-08 at 5.20.26 PM.png,0.5544682716836735,dark,False,31.991323637640914
RipeApple,saltandpepper_Screen Shot 2018-06-08 at 5.20.32 PM.png,0.4879623724489796,dark,False,21.965569101175472
RipeApple,saltandpepper_Screen Shot 2018-06-08 at 5.20.42 PM.png,0.5313496492346939,dark,False,46.32228627085004
RipeApple,saltandpepper_Screen Shot 2018-06-08 at 5.20.51 PM.png,0.4122289540816326,dark,False,23.404465288109943
RipeApple,saltandpepper_Screen Shot 2018-06-08 at 5.20.56 PM.png,0.5625199298469388,dark,False,43.7320085060029
RipeApple,saltandpepper_Screen Shot 2018-06-08 at 5.21.06 PM.png,0.5124162946428571,dark,False,32.448290342398714
RipeApple,saltandpepper_Screen Shot 2018-06-08 at 5.21.22 PM.png,0.5495256696428571,dark,False,21.966680148638947
RipeApple,saltandpepper_Screen Shot 2018-06-08 at 5.21.31 PM.png,0.4354870854591837,dark,False,16.709259722537855
RipeApple,saltandpepper_Screen Shot 2018-06-08 at 5.21.40 PM.png,0.3273078762755102,dark,False,20.352696366488036
RipeApple,saltandpepper_Screen Shot 2018-06-08 at 5.21.44 PM.png,0.6101921237244898,dark,False,34.82075936876159
RipeApple,saltandpepper_Screen Shot 2018-06-08 at 5.21.51 PM.png,0.44509327168367346,dark,False,17.629878465143477
RipeApple,saltandpepper_Screen Shot 2018-06-08 at 5.21.56 PM.png,0.25035873724489793,dark,False,13.829548036689173
RipeApple,saltandpepper_Screen Shot 2018-06-08 at 5.22.15 PM.png,0.47293526785714285,dark,False,15.943434020363595
RipeApple,saltandpepper_Screen Shot 2018-06-08 at 5.22.20 PM.png,0.4813257334183674,dark,False,18.474213051975067
RipeApple,saltandpepper_Screen Shot 2018-06-08 at 5.22.27 PM.png,0.4940609056122449,dark,False,18.465695287191078
RipeApple,saltandpepper_Screen Shot 2018-06-08 at 5.22.35 PM.png,0.31431361607142855,dark,False,17.82696617854502
RipeApple,saltandpepper_Screen Shot 2018-06-08 at 5.22.53 PM.png,0.615593112244898,dark,False,25.800072057917884
RipeApple,saltandpepper_Screen Shot 2018-06-08 at 5.22.58 PM.png,0.6201769770408163,dark,False,18.362438436456767
RipeApple,saltandpepper_Screen Shot 2018-06-08 at 5.23.07 PM.png,0.508430325255102,dark,False,15.73325412346167
RipeApple,saltandpepper_Screen Shot 2018-06-08 at 5.23.14 PM.png,0.3870176977040816,dark,False,12.938451666087415
RipeApple,saltandpepper_Screen Shot 2018-06-08 at 5.23.23 PM.png,0.38478555484693877,dark,False,13.356562646922471
RipeApple,saltandpepper_Screen Shot 2018-06-08 at 5.23.26 PM.png,0.35608657525510207,dark,False,14.824018514054401
RipeApple,saltandpepper_Screen Shot 2018-06-08 at 5.23.51 PM.png,0.7109972895408163,bright,False,37.21746411160205
RipeApple,saltandpepper_Screen Shot 2018-06-08 at 5.24.04 PM.png,0.36192602040816324,dark,False,40.75556928555619
RipeApple,saltandpepper_Screen Shot 2018-06-08 at 5.24.26 PM.png,0.5832868303571429,dark,False,42.18670098024594
RipeApple,saltandpepper_Screen Shot 2018-06-08 at 5.24.35 PM.png,0.37986288265306123,dark,False,50.64062188081863
RipeApple,saltandpepper_Screen Shot 2018-06-08 at 5.25.02 PM.png,0.35160235969387754,dark,False,51.130352143323385
RipeApple,saltandpepper_Screen Shot 2018-06-08 at 5.25.22 PM.png,0.34450733418367346,dark,False,11.30655517878909
RipeApple,saltandpepper_Screen Shot 2018-06-08 at 5.25.33 PM.png,0.539421237244898,dark,False,32.25266209504278
RipeApple,saltandpepper_Screen Shot 2018-06-08 at 5.25.37 PM.png,0.2144451530612245,dark,False,31.499753775869106
RipeApple,saltandpepper_Screen Shot 2018-06-08 at 5.25.43 PM.png,0.22831632653061223,dark,False,9.032725407191917
RipeApple,saltandpepper_Screen Shot 2018-06-08 at 5.25.54 PM.png,0.5675621811224489,dark,False,27.265483676617592
RipeApple,saltandpepper_Screen Shot 2018-06-08 at 5.26.05 PM.png,0.6266143176020408,dark,False,32.44356803971812
RipeApple,saltandpepper_Screen Shot 2018-06-08 at 5.26.13 PM.png,0.49326371173469385,dark,False,9.702234210410255
RipeApple,saltandpepper_Screen Shot 2018-06-08 at 5.26.19 PM.png,0.5466159119897959,dark,False,23.86018072115138
RipeApple,saltandpepper_Screen Shot 2018-06-08 at 5.26.24 PM.png,0.4612364477040816,dark,False,24.143073193775365
RipeApple,saltandpepper_Screen Shot 2018-06-08 at 5.26.36 PM.png,0.6147759885204082,dark,False,50.293885979883434
RipeApple,saltandpepper_Screen Shot 2018-06-08 at 5.26.41 PM.png,0.5108418367346939,dark,False,9.899443329798244
RipeApple,saltandpepper_Screen Shot 2018-06-08 at 5.26.47 PM.png,0.11519451530612244,dark,False,11.46979313477235
RipeApple,saltandpepper_Screen Shot 2018-06-08 at 5.26.52 PM.png,0.5041454081632653,dark,False,11.433280790326583
RipeApple,saltandpepper_Screen Shot 2018-06-08 at 5.26.58 PM.png,0.12282764668367346,dark,False,42.589172004649065
RipeApple,saltandpepper_Screen Shot 2018-06-08 at 5.27.06 PM.png,0.6825573979591837,dark,False,20.73415607717035
RipeApple,saltandpepper_Screen Shot 2018-06-08 at 5.27.13 PM.png,0.5436065051020408,dark,False,74.51527133658512
RipeApple,saltandpepper_Screen Shot 2018-06-08 at 5.27.19 PM.png,0.6707987882653061,dark,False,26.309118156861114
RipeApple,saltandpepper_Screen Shot 2018-06-08 at 5.27.27 PM.png,0.16633450255102042,dark,False,38.75724593220962
RipeApple,saltandpepper_Screen Shot 2018-06-08 at 5.27.34 PM.png,0.6406449298469388,dark,False,41.789636868454494
RipeApple,saltandpepper_Screen Shot 2018-06-08 at 5.27.49 PM.png,0.5328842474489796,dark,False,17.068441212026556
RipeApple,saltandpepper_Screen Shot 2018-06-08 at 5.27.54 PM.png,0.28993941326530615,dark,False,41.21564642799823
RipeApple,saltandpepper_Screen Shot 2018-06-08 at 5.28.04 PM.png,0.5834861288265306,dark,False,31.287028945987917
RipeApple,saltandpepper_Screen Shot 2018-06-08 at 5.28.15 PM.png,0.33852838010204084,dark,False,26.86069545504483
RipeApple,saltandpepper_Screen Shot 2018-06-08 at 5.28.24 PM.png,0.43893494897959184,dark,False,10.243620547255823
RipeApple,saltandpepper_Screen Shot 2018-06-08 at 5.28.32 PM.png,0.31090561224489793,dark,False,21.631721383125818
RipeApple,saltandpepper_Screen Shot 2018-06-08 at 5.28.38 PM.png,0.263492506377551,dark,False,17.378662184015063
RipeApple,saltandpepper_Screen Shot 2018-06-08 at 5.28.42 PM.png,0.2544044961734694,dark,False,33.93604152147708
RipeApple,saltandpepper_Screen Shot 2018-06-08 at 5.28.48 PM.png,0.5393016581632653,dark,False,17.328150645090126
RipeApple,saltandpepper_Screen Shot 2018-06-08 at 5.29.07 PM.png,0.5772879464285714,dark,False,22.635751701444864
RipeApple,saltandpepper_Screen Shot 2018-06-08 at 5.29.18 PM.png,0.41408242984693877,dark,False,14.388776989431726
RipeApple,saltandpepper_Screen Shot 2018-06-08 at 5.29.24 PM.png,0.45041454081632654,dark,False,20.691927821517865
RipeApple,saltandpepper_Screen Shot 2018-06-08 at 5.32.33 PM.png,0.09173708545918367,dark,False,24.043262411798228
RipeApple,saltandpepper_Screen Shot 2018-06-08 at 5.32.38 PM.png,0.45725047831632654,dark,False,6.824252289913648
RipeApple,saltandpepper_Screen Shot 2018-06-08 at 5.32.43 PM.png,0.4467075892857143,dark,False,10.393334483163043
RipeApple,saltandpepper_Screen Shot 2018-06-08 at 5.32.50 PM.png,0.40025111607142855,dark,False,41.58889687320621
RipeApple,saltandpepper_Screen Shot 2018-06-08 at 5.33.05 PM.png,0.07435825892857142,dark,False,41.508829571454925
RipeApple,saltandpepper_Screen Shot 2018-06-08 at 5.33.11 PM.png,0.6215122767857143,dark,False,44.90888492136744
RipeApple,saltandpepper_Screen Shot 2018-06-08 at 5.33.18 PM.png,0.19505341198979592,dark,False,78.38497939842719
RipeApple,saltandpepper_Screen Shot 2018-06-08 at 5.33.27 PM.png,0.3472377232142857,dark,False,61.913715046549726
RipeApple,saltandpepper_Screen Shot 2018-06-08 at 5.33.33 PM.png,0.37625558035714285,dark,False,51.6186139842585
RipeApple,saltandpepper_Screen Shot 2018-06-08 at 5.33.47 PM.png,0.4992625956632653,dark,False,42.37450977950214
RipeApple,saltandpepper_Screen Shot 2018-06-08 at 5.33.55 PM.png,0.5175183354591837,dark,False,27.109639170101286
RipeApple,saltandpepper_Screen Shot 2018-06-08 at 5.34.07 PM.png,0.5475526147959183,dark,False,29.646812255278338
RipeApple,saltandpepper_Screen Shot 2018-06-08 at 5.34.21 PM.png,0.4592434630102041,dark,False,27.146496814577475
RipeApple,Screen Shot 2018-06-08 at 4.59.36 PM.png,0.44431600765306123,dark,False,15.861296112679502
RipeApple,Screen Shot 2018-06-08 at 4.59.49 PM.png,0.45424107142857145,dark,False,14.696896362459574
RipeApple,Screen Shot 2018-06-08 at 4.59.57 PM.png,0.5666454081632653,dark,False,26.48694215503868
RipeApple,Screen Shot 2018-06-08 at 5.00.03 PM.png,0.525390625,dark,False,16.67743547586652
RipeApple,Screen Shot 2018-06-08 at 5.00.12 PM.png,0.521484375,dark,False,21.574780955805107
RipeApple,Screen Shot 2018-06-08 at 5.00.18 PM.png,0.49338329081632654,dark,False,42.26163456499574
RipeApple,Screen Shot 2018-06-08 at 5.00.26 PM.png,0.5341198979591837,dark,False,20.639335182451877
RipeApple,Screen Shot 2018-06-08 at 5.00.35 PM.png,0.4595424107142857,dark,False,47.10808933209713
RipeApple,Screen Shot 2018-06-08 at 5.00.43 PM.png,0.5223413584183674,dark,False,21.571854816911628
RipeApple,Screen Shot 2018-06-08 at 5.00.50 PM.png,0.4217554209183674,dark,False,20.60890942654311
RipeApple,Screen Shot 2018-06-08 at 5.01.01 PM.png,0.5476522640306123,dark,False,28.73754927107264
RipeApple,Screen Shot 2018-06-08 at 5.01.08 PM.png,0.5010164221938775,dark,False,31.264613633803183
RipeApple,Screen Shot 2018-06-08 at 5.01.29 PM.png,0.3505261479591837,dark,False,29.179305127368053
RipeApple,Screen Shot 2018-06-08 at 5.01.34 PM.png,0.4493781887755102,dark,False,3.634332981785178
RipeApple,Screen Shot 2018-06-08 at 5.02.08 PM.png,0.4147999043367347,dark,False,5.635439514620285
RipeApple,Screen Shot 2018-06-08 at 5.02.24 PM.png,0.6027184311224489,dark,False,10.390176549885643
RipeApple,Screen Shot 2018-06-08 at 5.02.31 PM.png,0.44369818239795916,dark,False,23.05877871551098
RipeApple,Screen Shot 2018-06-08 at 5.02.38 PM.png,0.45521763392857145,dark,False,0.7797841558519876
RipeApple,Screen Shot 2018-06-08 at 5.02.48 PM.png,0.35275829081632654,dark,False,33.416253569051385
RipeApple,Screen Shot 2018-06-08 at 5.02.54 PM.png,0.3569236288265306,dark,False,39.9280389065065
RipeApple,Screen Shot 2018-06-08 at 5.03.05 PM.png,0.6575055803571429,dark,False,18.262504186590714
RipeApple,Screen Shot 2018-06-08 at 5.03.10 PM.png,0.49531648596938777,dark,False,6.599113610515573
RipeApple,Screen Shot 2018-06-08 at 5.03.17 PM.png,0.4829599808673469,dark,False,55.29170185046053
RipeApple,Screen Shot 2018-06-08 at 5.03.26 PM.png,0.2106983418367347,dark,False,28.44152340790141
RipeApple,Screen Shot 2018-06-08 at 5.03.34 PM.png,0.5129544005102041,dark,False,59.41095378055587
RipeApple,Screen Shot 2018-06-08 at 5.03.47 PM.png,0.5002391581632653,dark,False,21.37881722927044
RipeApple,Screen Shot 2018-06-08 at 5.03.59 PM.png,0.13554288903061223,dark,False,23.633046787114434
RipeApple,Screen Shot 2018-06-08 at 5.04.05 PM.png,0.5916972257653061,dark,False,22.57369766140408
RipeApple,Screen Shot 2018-06-08 at 5.04.11 PM.png,0.36142777423469385,dark,False,9.711624317046523
RipeApple,Screen Shot 2018-06-08 at 5.04.31 PM.png,0.5043646364795918,dark,False,36.86401619071095
RipeApple,Screen Shot 2018-06-08 at 5.04.42 PM.png,0.5439652423469388,dark,False,6.183856815627249
RipeApple,Screen Shot 2018-06-08 at 5.04.48 PM.png,0.29653619260204084,dark,False,11.352532271347528
RipeApple,Screen Shot 2018-06-08 at 5.04.59 PM.png,0.448421556122449,dark,False,4.699183051419216
RipeApple,Screen Shot 2018-06-08 at 5.05.06 PM.png,0.32870296556122447,dark,False,18.789843407851595
RipeApple,Screen Shot 2018-06-08 at 5.05.12 PM.png,0.45521763392857145,dark,False,11.046858568256487
RipeApple,Screen Shot 2018-06-08 at 5.05.18 PM.png,0.22628348214285715,dark,False,6.961159434193008
RipeApple,Screen Shot 2018-06-08 at 5.05.27 PM.png,0.5107222576530612,dark,False,22.984098435715424
RipeApple,Screen Shot 2018-06-08 at 5.05.48 PM.png,0.4196827168367347,dark,False,42.87699365705972
RipeApple,Screen Shot 2018-06-08 at 5.06.10 PM.png,0.41890545280612246,dark,False,8.504826970739403
RipeApple,Screen Shot 2018-06-08 at 5.06.19 PM.png,0.4240672831632653,dark,False,10.058725691151317
RipeApple,Screen Shot 2018-06-08 at 5.06.23 PM.png,0.29685507015306123,dark,False,13.537705197475127
RipeApple,Screen Shot 2018-06-08 at 5.06.28 PM.png,0.49990035076530615,dark,False,17.83658151005695
RipeApple,Screen Shot 2018-06-08 at 5.06.33 PM.png,0.3712531887755102,dark,False,8.31687369634983
RipeApple,Screen Shot 2018-06-08 at 5.06.40 PM.png,0.662727200255102,dark,False,45.05647421518097
RipeApple,Screen Shot 2018-06-08 at 5.06.47 PM.png,0.5472138073979592,dark,False,17.337404865920078
RipeApple,Screen Shot 2018-06-08 at 5.06.54 PM.png,0.5238560267857143,dark,False,29.52772545019982
RipeApple,Screen Shot 2018-06-08 at 5.07.05 PM.png,0.38291214923469385,dark,False,27.9711529237471
RipeApple,Screen Shot 2018-06-08 at 5.07.32 PM.png,0.436344068877551,dark,False,42.11313153352966
RipeApple,Screen Shot 2018-06-08 at 5.08.05 PM.png,0.49180883290816324,dark,False,56.60100198793313
RipeApple,Screen Shot 2018-06-08 at 5.08.46 PM.png,0.4572704081632653,dark,False,36.44118524774935
RipeApple,Screen Shot 2018-06-08 at 5.08.52 PM.png,0.531608737244898,dark,False,9.914190626279314
RipeApple,Screen Shot 2018-06-08 at 5.08.58 PM.png,0.5961615114795918,dark,False,8.096469387797823
RipeApple,Screen Shot 2018-06-08 at 5.09.03 PM.png,0.5164620535714286,dark,False,25.568310741515457
RipeApple,Screen Shot 2018-06-08 at 5.09.10 PM.png,0.44712611607142855,dark,False,0.586192016407888
RipeApple,Screen Shot 2018-06-08 at 5.09.25 PM.png,0.5453603316326531,dark,False,17.24908476249031
RipeApple,Screen Shot 2018-06-08 at 5.10.03 PM.png,0.5105428890306123,dark,False,26.51440754595704
RipeApple,Screen Shot 2018-06-08 at 5.10.11 PM.png,0.5210459183673469,dark,False,23.692665597168865
RipeApple,Screen Shot 2018-06-08 at 5.10.21 PM.png,0.4770607461734694,dark,False,17.373745599139056
RipeApple,Screen Shot 2018-06-08 at 5.10.29 PM.png,0.5169403698979592,dark,False,5.1663533040655265
RipeApple,Screen Shot 2018-06-08 at 5.10.37 PM.png,0.5688974808673469,dark,False,5.3908348706298534
RipeApple,Screen Shot 2018-06-08 at 5.10.53 PM.png,0.6136200573979592,dark,False,26.581201471213387
RipeApple,Screen Shot 2018-06-08 at 5.11.02 PM.png,0.613639987244898,dark,False,25.98034401357009
RipeApple,Screen Shot 2018-06-08 at 5.11.08 PM.png,0.4507334183673469,dark,False,12.461245475213184
RipeApple,Screen Shot 2018-06-08 at 5.11.16 PM.png,0.4877232142857143,dark,False,16.016113790490195
RipeApple,Screen Shot 2018-06-08 at 5.11.24 PM.png,0.4330556441326531,dark,False,28.26374441599881
RipeApple,Screen Shot 2018-06-08 at 5.11.35 PM.png,0.47947225765306123,dark,False,4.692335097790948
RipeApple,Screen Shot 2018-06-08 at 5.11.41 PM.png,0.43728077168367346,dark,False,44.962782504591665
RipeApple,Screen Shot 2018-06-08 at 5.11.52 PM.png,0.49671157525510207,dark,False,47.014600639525845
RipeApple,Screen Shot 2018-06-08 at 5.11.59 PM.png,0.4057517538265306,dark,False,13.431087361449931
RipeApple,Screen Shot 2018-06-08 at 5.12.14 PM.png,0.6095942283163265,dark,False,17.742774643490147
RipeApple,Screen Shot 2018-06-08 at 5.12.20 PM.png,0.38291214923469385,dark,False,56.65872178344491
RipeApple,Screen Shot 2018-06-08 at 5.12.29 PM.png,0.5024314413265306,dark,False,5.261520504814706
RipeApple,Screen Shot 2018-06-08 at 5.12.34 PM.png,0.4897959183673469,dark,False,18.234579133667154
RipeApple,Screen Shot 2018-06-08 at 5.12.41 PM.png,0.45591517857142855,dark,False,52.95226531580543
RipeApple,Screen Shot 2018-06-08 at 5.12.47 PM.png,0.5714485012755102,dark,False,10.010669711131941
RipeApple,Screen Shot 2018-06-08 at 5.13.02 PM.png,0.543327487244898,dark,False,52.641307255833915
RipeApple,Screen Shot 2018-06-08 at 5.13.10 PM.png,0.4231505102040816,dark,False,0.4796589114781901
RipeApple,Screen Shot 2018-06-08 at 5.13.18 PM.png,0.48766342474489793,dark,False,0.0
RipeApple,Screen Shot 2018-06-08 at 5.13.40 PM.png,0.423828125,dark,False,37.7241958816785
RipeApple,Screen Shot 2018-06-08 at 5.13.45 PM.png,0.4824816645408163,dark,False,19.01716980304298
RipeApple,Screen Shot 2018-06-08 at 5.14.07 PM.png,0.4838767538265306,dark,False,28.763333056147925
RipeApple,Screen Shot 2018-06-08 at 5.14.20 PM.png,0.3454639668367347,dark,False,9.567133217981004
RipeApple,Screen Shot 2018-06-08 at 5.14.44 PM.png,0.42093829719387754,dark,False,5.771747056169354
RipeApple,Screen Shot 2018-06-08 at 5.14.48 PM.png,0.4164341517857143,dark,False,1.0006853821605917
RipeApple,Screen Shot 2018-06-08 at 5.14.56 PM.png,0.25241151147959184,dark,False,0.010160897341668319
RipeApple,Screen Shot 2018-06-08 at 5.15.01 PM.png,0.5648317920918368,dark,False,40.50845000623399
RipeApple,Screen Shot 2018-06-08 at 5.15.14 PM.png,0.5204280931122449,dark,False,31.71896940107331
RipeApple,Screen Shot 2018-06-08 at 5.15.21 PM.png,0.6493941326530612,dark,False,26.56401388514864
RipeApple,Screen Shot 2018-06-08 at 5.15.28 PM.png,0.27963568239795916,dark,False,19.194543890452774
RipeApple,Screen Shot 2018-06-08 at 5.15.34 PM.png,0.5596898915816326,dark,False,19.807155539279872
RipeApple,Screen Shot 2018-06-08 at 5.15.39 PM.png,0.537727200255102,dark,False,29.35595126133109
RipeApple,Screen Shot 2018-06-08 at 5.15.52 PM.png,0.47401147959183676,dark,False,15.57300527397502
RipeApple,Screen Shot 2018-06-08 at 5.16.16 PM.png,0.43710140306122447,dark,False,0.13895814925514816
RipeApple,Screen Shot 2018-06-08 at 5.16.33 PM.png,0.40074936224489793,dark,False,26.775108782088704
RipeApple,Screen Shot 2018-06-08 at 5.16.44 PM.png,0.499202806122449,dark,False,48.05062017590755
RipeApple,Screen Shot 2018-06-08 at 5.16.49 PM.png,0.5962013711734694,dark,False,16.153319006071406
RipeApple,Screen Shot 2018-06-08 at 5.16.57 PM.png,0.5531329719387755,dark,False,22.503219714723826
RipeApple,Screen Shot 2018-06-08 at 5.17.04 PM.png,0.6352040816326531,dark,False,37.893640797396166
RipeApple,Screen Shot 2018-06-08 at 5.17.10 PM.png,0.48531170280612246,dark,False,45.83576187990153
RipeApple,Screen Shot 2018-06-08 at 5.17.22 PM.png,0.5267657844387755,dark,False,6.108050857208099
RipeApple,Screen Shot 2018-06-08 at 5.17.34 PM.png,0.6549545599489796,dark,False,19.1371995689348
RipeApple,Screen Shot 2018-06-08 at 5.17.42 PM.png,0.25841039540816324,dark,False,53.52611493533348
RipeApple,Screen Shot 2018-06-08 at 5.18.12 PM.png,0.46322943239795916,dark,False,20.681765417547997
RipeApple,Screen Shot 2018-06-08 at 5.18.16 PM.png,0.40407764668367346,dark,False,12.982701259433105
RipeApple,Screen Shot 2018-06-08 at 5.18.26 PM.png,0.4690090880102041,dark,False,9.530076572974496
RipeApple,Screen Shot 2018-06-08 at 5.18.37 PM.png,0.390445631377551,dark,False,29.69213256877704
RipeApple,Screen Shot 2018-06-08 at 5.18.42 PM.png,0.5291175063775511,dark,False,12.27549066981326
RipeApple,Screen Shot 2018-06-08 at 5.18.51 PM.png,0.5916573660714286,dark,False,48.930488136374
RipeApple,Screen Shot 2018-06-08 at 5.18.58 PM.png,0.6186224489795918,dark,False,56.04554136456815
RipeApple,Screen Shot 2018-06-08 at 5.19.15 PM.png,0.6015226403061225,dark,False,20.346378530696786
RipeApple,Screen Shot 2018-06-08 at 5.19.28 PM.png,0.5238759566326531,dark,False,43.682152168088635
RipeApple,Screen Shot 2018-06-08 at 5.19.35 PM.png,0.5812539859693877,dark,False,35.53094482309189
RipeApple,Screen Shot 2018-06-08 at 5.19.47 PM.png,0.5022122130102041,dark,False,23.20388736249275
RipeApple,Screen Shot 2018-06-08 at 5.20.08 PM.png,0.42336973852040816,dark,False,42.38769509342644
RipeApple,Screen Shot 2018-06-08 at 5.20.17 PM.png,0.5407166772959183,dark,False,29.64916175055734
RipeApple,Screen Shot 2018-06-08 at 5.20.26 PM.png,0.5520169005102041,dark,False,31.615462881792467
RipeApple,Screen Shot 2018-06-08 at 5.20.32 PM.png,0.48814174107142855,dark,False,21.417498286655714
RipeApple,Screen Shot 2018-06-08 at 5.20.42 PM.png,0.5290377869897959,dark,False,46.16500271277214
RipeApple,Screen Shot 2018-06-08 at 5.20.51 PM.png,0.4125279017857143,dark,False,22.68151081888978
RipeApple,Screen Shot 2018-06-08 at 5.20.56 PM.png,0.5570392219387755,dark,False,43.56986400014673
RipeApple,Screen Shot 2018-06-08 at 5.21.22 PM.png,0.5467753507653061,dark,False,21.42103111001452
RipeApple,Screen Shot 2018-06-08 at 5.21.31 PM.png,0.4367625956632653,dark,False,15.270334376307689
RipeApple,Screen Shot 2018-06-08 at 5.21.35 PM.png,0.38636001275510207,dark,False,35.20926453007067
RipeApple,Screen Shot 2018-06-08 at 5.21.40 PM.png,0.3399234693877551,dark,False,19.12015801167827
RipeApple,Screen Shot 2018-06-08 at 5.21.44 PM.png,0.6085578762755102,dark,False,34.366571928214704
RipeApple,Screen Shot 2018-06-08 at 5.21.56 PM.png,0.24840561224489796,dark,False,7.707835171530868
RipeApple,Screen Shot 2018-06-08 at 5.22.15 PM.png,0.46878985969387754,dark,False,11.271956441347092
RipeApple,Screen Shot 2018-06-08 at 5.22.20 PM.png,0.48507254464285715,dark,False,16.40793883865636
RipeApple,Screen Shot 2018-06-08 at 5.22.27 PM.png,0.5009964923469388,dark,False,15.674010657384137
RipeApple,Screen Shot 2018-06-08 at 5.22.35 PM.png,0.30129942602040816,dark,False,14.856219470204536
RipeApple,Screen Shot 2018-06-08 at 5.22.48 PM.png,0.26735889668367346,dark,False,11.814176927114113
RipeApple,Screen Shot 2018-06-08 at 5.22.53 PM.png,0.6146364795918368,dark,False,25.225619792988756
RipeApple,Screen Shot 2018-06-08 at 5.22.58 PM.png,0.6192801339285714,dark,False,17.49946491028038
RipeApple,Screen Shot 2018-06-08 at 5.23.07 PM.png,0.47480867346938777,dark,False,14.457447959172884
RipeApple,Screen Shot 2018-06-08 at 5.23.14 PM.png,0.38478555484693877,dark,False,8.204795669464522
RipeApple,Screen Shot 2018-06-08 at 5.23.23 PM.png,0.3847058354591837,dark,False,8.487862191964082
RipeApple,Screen Shot 2018-06-08 at 5.23.26 PM.png,0.361148756377551,dark,False,10.011214849190006
RipeApple,Screen Shot 2018-06-08 at 5.23.31 PM.png,0.40921954719387754,dark,False,6.429176036972611
RipeApple,Screen Shot 2018-06-08 at 5.23.51 PM.png,0.7108378507653061,bright,False,36.98541635098555
RipeApple,Screen Shot 2018-06-08 at 5.24.04 PM.png,0.36678890306122447,dark,False,40.35055173479318
RipeApple,Screen Shot 2018-06-08 at 5.24.12 PM.png,0.5461973852040817,dark,False,37.61593850775119
RipeApple,Screen Shot 2018-06-08 at 5.24.26 PM.png,0.5806162308673469,dark,False,41.914091858890195
RipeApple,Screen Shot 2018-06-08 at 5.24.35 PM.png,0.37382413903061223,dark,False,50.52847522501374
RipeApple,Screen Shot 2018-06-08 at 5.25.02 PM.png,0.3407605229591837,dark,False,50.88724631394939
RipeApple,Screen Shot 2018-06-08 at 5.25.22 PM.png,0.34060108418367346,dark,False,6.27609467962436
RipeApple,Screen Shot 2018-06-08 at 5.25.33 PM.png,0.5397799744897959,dark,False,31.895619500124024
RipeApple,Screen Shot 2018-06-08 at 5.25.37 PM.png,0.2136280293367347,dark,False,30.911738280167203
RipeApple,Screen Shot 2018-06-08 at 5.25.49 PM.png,0.5076132015306123,dark,False,0.249746078260877
RipeApple,Screen Shot 2018-06-08 at 5.25.54 PM.png,0.5661073022959183,dark,False,26.60129586267894
RipeApple,Screen Shot 2018-06-08 at 5.26.05 PM.png,0.6278898278061225,dark,False,32.13596277105831
RipeApple,Screen Shot 2018-06-08 at 5.26.13 PM.png,0.49141023596938777,dark,False,5.73289914966485
RipeApple,Screen Shot 2018-06-08 at 5.26.24 PM.png,0.4545998086734694,dark,False,23.41169710187229
RipeApple,Screen Shot 2018-06-08 at 5.26.29 PM.png,0.5251913265306123,dark,False,28.117580542094675
RipeApple,Screen Shot 2018-06-08 at 5.26.36 PM.png,0.6129823022959183,dark,False,50.19422903954426
RipeApple,Screen Shot 2018-06-08 at 5.26.41 PM.png,0.5089086415816326,dark,False,5.729031983521108
RipeApple,Screen Shot 2018-06-08 at 5.26.47 PM.png,0.1129623724489796,dark,False,3.170397800133587
RipeApple,Screen Shot 2018-06-08 at 5.26.52 PM.png,0.5089086415816326,dark,False,7.241472807806654
RipeApple,Screen Shot 2018-06-08 at 5.26.58 PM.png,0.12242904974489796,dark,False,42.324847855420444
RipeApple,Screen Shot 2018-06-08 at 5.27.13 PM.png,0.5420918367346939,dark,False,74.64081780958271
RipeApple,Screen Shot 2018-06-08 at 5.27.19 PM.png,0.6669323979591837,dark,False,25.61784398570197
RipeApple,Screen Shot 2018-06-08 at 5.27.27 PM.png,0.14805883290816327,dark,False,38.48127130070683
RipeApple,Screen Shot 2018-06-08 at 5.27.49 PM.png,0.4577088647959184,dark,False,16.401304240991188
RipeApple,Screen Shot 2018-06-08 at 5.28.10 PM.png,0.5990314094387755,dark,False,42.30079007798606
RipeApple,Screen Shot 2018-06-08 at 5.28.15 PM.png,0.5929727359693877,dark,False,23.67073831788808
RipeApple,Screen Shot 2018-06-08 at 5.28.32 PM.png,0.29701450892857145,dark,False,19.37641557052814
RipeApple,Screen Shot 2018-06-08 at 5.28.38 PM.png,0.2643893494897959,dark,False,13.689725521042746
RipeApple,Screen Shot 2018-06-08 at 5.28.42 PM.png,0.28738839285714285,dark,False,33.1281962371514
RipeApple,Screen Shot 2018-06-08 at 5.28.48 PM.png,0.5409359056122449,dark,False,13.969461246909242
RipeApple,Screen Shot 2018-06-08 at 5.29.07 PM.png,0.576171875,dark,False,22.031879547357928
RipeApple,Screen Shot 2018-06-08 at 5.29.24 PM.png,0.4524473852040816,dark,False,18.2473154557625
RipeApple,Screen Shot 2018-06-08 at 5.29.31 PM.png,0.5250717474489796,dark,False,22.20603925787027
RipeApple,Screen Shot 2018-06-08 at 5.32.33 PM.png,0.08119419642857142,dark,False,23.448854916527978
RipeApple,Screen Shot 2018-06-08 at 5.33.05 PM.png,0.07386001275510204,dark,False,41.02087722476414
RipeApple,Screen Shot 2018-06-08 at 5.33.11 PM.png,0.6230668048469388,dark,False,44.69330577806298
RipeApple,Screen Shot 2018-06-08 at 5.33.18 PM.png,0.19680723852040816,dark,False,78.53746318404028
RipeApple,Screen Shot 2018-06-08 at 5.33.27 PM.png,0.39102359693877553,dark,False,62.02523553443604
RipeApple,Screen Shot 2018-06-08 at 5.33.33 PM.png,0.6289660395408163,dark,False,50.741425654192504
RipeApple,Screen Shot 2018-06-08 at 5.33.47 PM.png,0.5064971301020408,dark,False,42.05395025117948
RipeApple,Screen Shot 2018-06-08 at 5.33.55 PM.png,0.4686702806122449,dark,False,26.45941083345892
RipeApple,Screen Shot 2018-06-08 at 5.34.01 PM.png,0.6494738520408163,dark,False,46.3324480639867
RipeApple,Screen Shot 2018-06-08 at 5.34.14 PM.png,0.5999083227040817,dark,False,39.79445677019026
RipeApple,Screen Shot 2018-06-08 at 5.34.21 PM.png,0.4622130102040816,dark,False,26.581321818951796
RipeApple,translation_Screen Shot 2018-06-08 at 4.59.44 PM.png,0.8425741390306123,bright,False,115.01053557706018
RipeApple,translation_Screen Shot 2018-06-08 at 4.59.49 PM.png,0.8601323341836735,bright,False,115.73009643401996
RipeApple,translation_Screen Shot 2018-06-08 at 4.59.57 PM.png,0.8702566964285714,bright,False,114.51423720438754
RipeApple,translation_Screen Shot 2018-06-08 at 5.00.03 PM.png,0.8622249681122449,bright,False,110.00325113659278
RipeApple,translation_Screen Shot 2018-06-08 at 5.00.12 PM.png,0.8502072704081632,bright,False,111.04132652478143
RipeApple,translation_Screen Shot 2018-06-08 at 5.00.26 PM.png,0.8572026466836735,bright,False,114.67054289455912
RipeApple,translation_Screen Shot 2018-06-08 at 5.00.35 PM.png,0.4240672831632653,dark,False,117.77579389580647
RipeApple,translation_Screen Shot 2018-06-08 at 5.00.43 PM.png,0.8494100765306123,bright,False,110.51114079653128
RipeApple,translation_Screen Shot 2018-06-08 at 5.00.50 PM.png,0.17034040178571427,dark,False,114.49466981559613
RipeApple,translation_Screen Shot 2018-06-08 at 5.01.01 PM.png,0.8468391262755102,bright,False,113.7857960839495
RipeApple,translation_Screen Shot 2018-06-08 at 5.01.08 PM.png,0.33254942602040816,dark,False,118.44882016651347
RipeApple,translation_Screen Shot 2018-06-08 at 5.01.22 PM.png,0.8664700255102041,bright,False,114.82483300907661
RipeApple,translation_Screen Shot 2018-06-08 at 5.01.29 PM.png,0.8284438775510204,bright,False,117.03247958304252
RipeApple,translation_Screen Shot 2018-06-08 at 5.01.34 PM.png,0.8533960459183674,bright,False,118.3891886335198
RipeApple,translation_Screen Shot 2018-06-08 at 5.01.41 PM.png,0.8747209821428571,bright,False,114.96935647732307
RipeApple,translation_Screen Shot 2018-06-08 at 5.02.08 PM.png,0.8428531568877551,bright,False,119.48434992279097
RipeApple,translation_Screen Shot 2018-06-08 at 5.02.24 PM.png,0.8539540816326531,bright,False,107.97681520794485
RipeApple,translation_Screen Shot 2018-06-08 at 5.02.31 PM.png,0.8580795599489796,bright,False,110.79627903317775
RipeApple,translation_Screen Shot 2018-06-08 at 5.02.38 PM.png,0.8497887436224489,bright,False,120.63573016200951
RipeApple,translation_Screen Shot 2018-06-08 at 5.02.48 PM.png,0.7941047512755102,bright,False,111.93558778506855
RipeApple,translation_Screen Shot 2018-06-08 at 5.02.54 PM.png,0.8033721301020408,bright,False,109.10127455417648
RipeApple,translation_Screen Shot 2018-06-08 at 5.03.05 PM.png,0.8334462691326531,bright,False,97.62436137691846
RipeApple,translation_Screen Shot 2018-06-08 at 5.03.26 PM.png,0.8439891581632653,bright,False,117.12585303134888
RipeApple,translation_Screen Shot 2018-06-08 at 5.03.34 PM.png,0.8697783801020408,bright,False,108.92852364595689
RipeApple,translation_Screen Shot 2018-06-08 at 5.03.40 PM.png,0.8625039859693877,bright,False,112.35734757177438
RipeApple,translation_Screen Shot 2018-06-08 at 5.03.47 PM.png,0.8416175063775511,bright,False,112.01654844546398
RipeApple,translation_Screen Shot 2018-06-08 at 5.03.59 PM.png,0.8473772321428571,bright,False,115.26672551639392
RipeApple,translation_Screen Shot 2018-06-08 at 5.04.05 PM.png,0.8788863201530612,bright,False,114.83750614849237
RipeApple,translation_Screen Shot 2018-06-08 at 5.04.11 PM.png,0.2847177933673469,dark,False,111.57731120099504
RipeApple,translation_Screen Shot 2018-06-08 at 5.04.16 PM.png,0.8334661989795918,bright,False,119.71609910955085
RipeApple,translation_Screen Shot 2018-06-08 at 5.04.24 PM.png,0.8334064094387755,bright,False,119.77031415408983
RipeApple,translation_Screen Shot 2018-06-08 at 5.04.31 PM.png,0.8336455676020408,bright,False,116.70693530610744
RipeApple,translation_Screen Shot 2018-06-08 at 5.04.42 PM.png,0.8705157844387755,bright,False,116.46501758533357
RipeApple,translation_Screen Shot 2018-06-08 at 5.04.48 PM.png,0.6746651785714286,bright,False,95.6383318013136
RipeApple,translation_Screen Shot 2018-06-08 at 5.04.59 PM.png,0.696906887755102,bright,False,106.81896954873552
RipeApple,translation_Screen Shot 2018-06-08 at 5.05.06 PM.png,0.6782724808673469,bright,False,96.63670396412317
RipeApple,translation_Screen Shot 2018-06-08 at 5.05.12 PM.png,0.638313137755102,bright,False,100.0349203707649
RipeApple,translation_Screen Shot 2018-06-08 at 5.05.18 PM.png,0.6931401466836735,bright,False,100.84397175454006
RipeApple,translation_Screen Shot 2018-06-08 at 5.05.27 PM.png,0.8705357142857143,bright,False,117.36247209691224
RipeApple,translation_Screen Shot 2018-06-08 at 5.05.34 PM.png,0.8442881058673469,bright,False,116.83665480959955
RipeApple,translation_Screen Shot 2018-06-08 at 5.05.41 PM.png,0.8695790816326531,bright,False,111.4838865977972
RipeApple,translation_Screen Shot 2018-06-08 at 5.05.48 PM.png,0.8591956313775511,bright,False,116.70910426254379
RipeApple,translation_Screen Shot 2018-06-08 at 5.06.10 PM.png,0.8297393176020408,bright,False,115.45912144571734
RipeApple,translation_Screen Shot 2018-06-08 at 5.06.19 PM.png,0.6851682079081632,bright,False,107.2024127400495
RipeApple,translation_Screen Shot 2018-06-08 at 5.06.23 PM.png,0.6830157844387755,bright,False,107.98774119104633
RipeApple,translation_Screen Shot 2018-06-08 at 5.06.28 PM.png,0.6601363201530612,bright,False,102.69044006194218
RipeApple,translation_Screen Shot 2018-06-08 at 5.06.33 PM.png,0.6888950892857143,bright,False,108.45165432521507
RipeApple,translation_Screen Shot 2018-06-08 at 5.06.40 PM.png,0.8742227359693877,bright,False,105.21630250161496
RipeApple,translation_Screen Shot 2018-06-08 at 5.06.47 PM.png,0.8745017538265306,bright,False,111.8373591050376
RipeApple,translation_Screen Shot 2018-06-08 at 5.06.54 PM.png,0.7610411352040817,bright,False,110.30921487599691
RipeApple,translation_Screen Shot 2018-06-08 at 5.07.18 PM.png,0.7498804209183674,bright,False,112.53477114573677
RipeApple,translation_Screen Shot 2018-06-08 at 5.07.26 PM.png,0.8479551977040817,bright,False,115.45575830325845
RipeApple,translation_Screen Shot 2018-06-08 at 5.07.52 PM.png,0.7858139349489796,bright,False,104.16039201875073
RipeApple,translation_Screen Shot 2018-06-08 at 5.08.05 PM.png,0.22056361607142858,dark,False,99.50790917675378
RipeApple,translation_Screen Shot 2018-06-08 at 5.08.46 PM.png,0.8446269132653061,bright,False,110.88851960090095
RipeApple,translation_Screen Shot 2018-06-08 at 5.08.52 PM.png,0.7539261798469388,bright,False,103.69289181519814
RipeApple,translation_Screen Shot 2018-06-08 at 5.08.58 PM.png,0.7422871492346939,bright,False,101.93576055792347
RipeApple,translation_Screen Shot 2018-06-08 at 5.09.03 PM.png,0.8523796237244898,bright,False,114.66471864161963
RipeApple,translation_Screen Shot 2018-06-08 at 5.09.10 PM.png,0.8589764030612245,bright,False,115.4639397468364
RipeApple,translation_Screen Shot 2018-06-08 at 5.09.17 PM.png,0.8580994897959183,bright,False,107.41785357613509
RipeApple,translation_Screen Shot 2018-06-08 at 5.09.25 PM.png,0.8351004464285714,bright,False,108.95895362270595
RipeApple,translation_Screen Shot 2018-06-08 at 5.09.31 PM.png,0.7308474170918368,bright,False,91.97808703151428
RipeApple,translation_Screen Shot 2018-06-08 at 5.09.40 PM.png,0.7308075573979592,bright,False,94.5699548042942
RipeApple,translation_Screen Shot 2018-06-08 at 5.09.54 PM.png,0.7270408163265306,bright,False,95.32198612793366
RipeApple,translation_Screen Shot 2018-06-08 at 5.10.03 PM.png,0.18702168367346939,dark,False,113.49217039066669
RipeApple,translation_Screen Shot 2018-06-08 at 5.10.11 PM.png,0.8574418048469388,bright,False,111.28578473057813
RipeApple,translation_Screen Shot 2018-06-08 at 5.10.21 PM.png,0.35899633290816324,dark,False,105.80011334909663
RipeApple,translation_Screen Shot 2018-06-08 at 5.10.29 PM.png,0.7329400510204082,bright,False,94.51033291115982
RipeApple,translation_Screen Shot 2018-06-08 at 5.10.37 PM.png,0.7337372448979592,bright,False,93.94269997287658
RipeApple,translation_Screen Shot 2018-06-08 at 5.10.43 PM.png,0.7308075573979592,bright,False,97.66084364062594
RipeApple,translation_Screen Shot 2018-06-08 at 5.11.02 PM.png,0.8693598533163265,bright,False,108.0268540602974
RipeApple,translation_Screen Shot 2018-06-08 at 5.11.16 PM.png,0.8785076530612245,bright,False,116.3721804069897
RipeApple,translation_Screen Shot 2018-06-08 at 5.11.24 PM.png,0.36389907525510207,dark,False,116.57201497406122
RipeApple,translation_Screen Shot 2018-06-08 at 5.11.35 PM.png,0.8293606505102041,bright,False,117.79010814809742
RipeApple,translation_Screen Shot 2018-06-08 at 5.11.41 PM.png,0.3573620854591837,dark,False,117.73572618843629
RipeApple,translation_Screen Shot 2018-06-08 at 5.11.52 PM.png,0.8189373405612245,bright,False,115.40786007127427
RipeApple,translation_Screen Shot 2018-06-08 at 5.11.59 PM.png,0.381656568877551,dark,False,118.97889604593944
RipeApple,translation_Screen Shot 2018-06-08 at 5.12.14 PM.png,0.8747209821428571,bright,False,110.5595344811308
RipeApple,translation_Screen Shot 2018-06-08 at 5.12.20 PM.png,0.2797951211734694,dark,False,94.5255784891205
RipeApple,translation_Screen Shot 2018-06-08 at 5.12.29 PM.png,0.8496293048469388,bright,False,118.93583045606097
RipeApple,translation_Screen Shot 2018-06-08 at 5.12.34 PM.png,0.8580795599489796,bright,False,115.27195505778256
RipeApple,translation_Screen Shot 2018-06-08 at 5.12.41 PM.png,0.8649553571428571,bright,False,116.4211943040548
RipeApple,translation_Screen Shot 2018-06-08 at 5.12.47 PM.png,0.8705357142857143,bright,False,114.82155477840473
RipeApple,translation_Screen Shot 2018-06-08 at 5.12.56 PM.png,0.8480947066326531,bright,False,111.35075931860825
RipeApple,translation_Screen Shot 2018-06-08 at 5.13.02 PM.png,0.5154057716836735,bright,False,96.51653979259056
RipeApple,translation_Screen Shot 2018-06-08 at 5.13.10 PM.png,0.8251155931122449,bright,False,110.55920319182451
RipeApple,translation_Screen Shot 2018-06-08 at 5.13.18 PM.png,0.8223054846938775,bright,False,120.94300865400875
RipeApple,translation_Screen Shot 2018-06-08 at 5.13.31 PM.png,0.8334263392857143,bright,False,119.84867193442814
RipeApple,translation_Screen Shot 2018-06-08 at 5.13.40 PM.png,0.8390266262755102,bright,False,105.36528860759216
RipeApple,translation_Screen Shot 2018-06-08 at 5.13.45 PM.png,0.8508450255102041,bright,False,115.82357773104017
RipeApple,translation_Screen Shot 2018-06-08 at 5.13.54 PM.png,0.8782485650510204,bright,False,116.13439206305031
RipeApple,translation_Screen Shot 2018-06-08 at 5.14.01 PM.png,0.8876355229591837,bright,False,113.05161953310233
RipeApple,translation_Screen Shot 2018-06-08 at 5.14.44 PM.png,0.35421316964285715,dark,False,120.61009001817462
RipeApple,translation_Screen Shot 2018-06-08 at 5.14.48 PM.png,0.8172233737244898,bright,False,120.43781644109883
RipeApple,translation_Screen Shot 2018-06-08 at 5.15.09 PM.png,0.8172034438775511,bright,False,117.56536933043036
RipeApple,translation_Screen Shot 2018-06-08 at 5.15.14 PM.png,0.7265027104591837,bright,False,106.61130365613688
RipeApple,translation_Screen Shot 2018-06-08 at 5.15.21 PM.png,0.8781887755102041,bright,False,103.96103030765384
RipeApple,translation_Screen Shot 2018-06-08 at 5.15.28 PM.png,0.8611288265306123,bright,False,123.07831115439946
RipeApple,translation_Screen Shot 2018-06-08 at 5.15.34 PM.png,0.8465999681122449,bright,False,118.43019084665998
RipeApple,translation_Screen Shot 2018-06-08 at 5.15.45 PM.png,0.8643773915816326,bright,False,116.62268542535305
RipeApple,translation_Screen Shot 2018-06-08 at 5.15.52 PM.png,0.8666693239795918,bright,False,114.44380251069578
RipeApple,translation_Screen Shot 2018-06-08 at 5.16.06 PM.png,0.7388193558673469,bright,False,92.94000077963192
RipeApple,translation_Screen Shot 2018-06-08 at 5.16.16 PM.png,0.8236208545918368,bright,False,122.1647312836426
RipeApple,translation_Screen Shot 2018-06-08 at 5.16.28 PM.png,0.8456831951530612,bright,False,120.42895105036126
RipeApple,translation_Screen Shot 2018-06-08 at 5.16.44 PM.png,0.8114636479591837,bright,False,114.69742979219883
RipeApple,translation_Screen Shot 2018-06-08 at 5.16.49 PM.png,0.8622249681122449,bright,False,111.05832836807035
RipeApple,translation_Screen Shot 2018-06-08 at 5.17.10 PM.png,0.8401028380102041,bright,False,102.34282569238071
RipeApple,translation_Screen Shot 2018-06-08 at 5.17.22 PM.png,0.862663424744898,bright,False,119.68000525106794
RipeApple,translation_Screen Shot 2018-06-08 at 5.17.34 PM.png,0.8537149234693877,bright,False,104.89884334557117
RipeApple,translation_Screen Shot 2018-06-08 at 5.17.42 PM.png,0.8662109375,bright,False,111.73190317357064
RipeApple,translation_Screen Shot 2018-06-08 at 5.17.58 PM.png,0.8413783482142857,bright,False,104.44865447301349
RipeApple,translation_Screen Shot 2018-06-08 at 5.18.12 PM.png,0.8289421237244898,bright,False,114.94497435827033
RipeApple,translation_Screen Shot 2018-06-08 at 5.18.16 PM.png,0.7900191326530612,bright,False,97.21774285252927
RipeApple,translation_Screen Shot 2018-06-08 at 5.18.26 PM.png,0.8499083227040817,bright,False,115.88924575238396
RipeApple,translation_Screen Shot 2018-06-08 at 5.18.42 PM.png,0.8415975765306123,bright,False,117.09045927595905
RipeApple,translation_Screen Shot 2018-06-08 at 5.18.58 PM.png,0.834602200255102,bright,False,112.71516326998119
RipeApple,translation_Screen Shot 2018-06-08 at 5.19.15 PM.png,0.5624402104591837,dark,False,105.33172959125672
RipeApple,translation_Screen Shot 2018-06-08 at 5.19.35 PM.png,0.8571827168367347,bright,False,103.77555207755164
RipeApple,translation_Screen Shot 2018-06-08 at 5.19.47 PM.png,0.8622050382653061,bright,False,105.2504656863913
RipeApple,translation_Screen Shot 2018-06-08 at 5.19.58 PM.png,0.8444276147959183,bright,False,110.10708834817098
RipeApple,translation_Screen Shot 2018-06-08 at 5.20.08 PM.png,0.7885443239795918,bright,False,109.05239365078212
RipeApple,translation_Screen Shot 2018-06-08 at 5.20.17 PM.png,0.8306760204081632,bright,False,105.64207638217431
RipeApple,translation_Screen Shot 2018-06-08 at 5.20.26 PM.png,0.8727678571428571,bright,False,112.70576929653123
RipeApple,translation_Screen Shot 2018-06-08 at 5.20.32 PM.png,0.8549306441326531,bright,False,114.3400256916296
RipeApple,translation_Screen Shot 2018-06-08 at 5.20.42 PM.png,0.848014987244898,bright,False,114.18334014807873
RipeApple,translation_Screen Shot 2018-06-08 at 5.20.56 PM.png,0.3536352040816326,dark,False,117.971915232703
RipeApple,translation_Screen Shot 2018-06-08 at 5.21.06 PM.png,0.7149633290816326,bright,False,96.09488689574668
RipeApple,translation_Screen Shot 2018-06-08 at 5.21.22 PM.png,0.882453762755102,bright,False,119.31248613308257
RipeApple,translation_Screen Shot 2018-06-08 at 5.21.31 PM.png,0.8334462691326531,bright,False,117.67428430729167
RipeApple,translation_Screen Shot 2018-06-08 at 5.21.35 PM.png,0.3260124362244898,dark,False,112.61469992403642
RipeApple,translation_Screen Shot 2018-06-08 at 5.21.40 PM.png,0.8403619260204082,bright,False,116.39875635067223
RipeApple,translation_Screen Shot 2018-06-08 at 5.21.44 PM.png,0.8394650829081632,bright,False,108.67236218146753
RipeApple,translation_Screen Shot 2018-06-08 at 5.22.15 PM.png,0.6934590242346939,bright,False,100.2520836272402
RipeApple,translation_Screen Shot 2018-06-08 at 5.22.20 PM.png,0.7002351721938775,bright,False,92.66535351715555
RipeApple,translation_Screen Shot 2018-06-08 at 5.22.27 PM.png,0.6972456951530612,bright,False,91.48370587999028
RipeApple,translation_Screen Shot 2018-06-08 at 5.22.35 PM.png,0.7036830357142857,bright,False,100.0446246951629
RipeApple,translation_Screen Shot 2018-06-08 at 5.22.48 PM.png,0.8622448979591837,bright,False,66.24689872195565
RipeApple,translation_Screen Shot 2018-06-08 at 5.22.53 PM.png,0.8576809630102041,bright,False,112.7913382597027
RipeApple,translation_Screen Shot 2018-06-08 at 5.22.58 PM.png,0.8602519132653061,bright,False,110.86960255589854
RipeApple,translation_Screen Shot 2018-06-08 at 5.23.07 PM.png,0.858039700255102,bright,False,115.69865985562522
RipeApple,translation_Screen Shot 2018-06-08 at 5.23.14 PM.png,0.7008928571428571,bright,False,120.70408395526658
RipeApple,translation_Screen Shot 2018-06-08 at 5.23.23 PM.png,0.6907684948979592,bright,False,112.99938641283508
RipeApple,translation_Screen Shot 2018-06-08 at 5.23.31 PM.png,0.7005141900510204,bright,False,107.59297401652772
RipeApple,translation_Screen Shot 2018-06-08 at 5.23.51 PM.png,0.6918646364795918,bright,False,57.86681728261417
RipeApple,translation_Screen Shot 2018-06-08 at 5.24.12 PM.png,0.8468989158163265,bright,False,113.48034315674
RipeApple,translation_Screen Shot 2018-06-08 at 5.24.26 PM.png,0.8412587691326531,bright,False,105.68020285640505
RipeApple,translation_Screen Shot 2018-06-08 at 5.24.35 PM.png,0.8434709821428571,bright,False,112.71638622573475
RipeApple,translation_Screen Shot 2018-06-08 at 5.25.02 PM.png,0.8247568558673469,bright,False,99.64704595461284
RipeApple,translation_Screen Shot 2018-06-08 at 5.25.22 PM.png,0.7873086734693877,bright,False,114.48630098331819
RipeApple,translation_Screen Shot 2018-06-08 at 5.25.33 PM.png,0.8580795599489796,bright,False,112.90312378492713
RipeApple,translation_Screen Shot 2018-06-08 at 5.25.37 PM.png,0.8526586415816326,bright,False,117.16014853971767
RipeApple,translation_Screen Shot 2018-06-08 at 5.25.43 PM.png,0.7461734693877551,bright,False,118.32096657290855
RipeApple,translation_Screen Shot 2018-06-08 at 5.25.49 PM.png,0.738899075255102,bright,False,108.43196370377483
RipeApple,translation_Screen Shot 2018-06-08 at 5.26.05 PM.png,0.8777104591836735,bright,False,110.19732010033465
RipeApple,translation_Screen Shot 2018-06-08 at 5.26.13 PM.png,0.8416374362244898,bright,False,113.29284020197679
RipeApple,translation_Screen Shot 2018-06-08 at 5.26.19 PM.png,0.8619858099489796,bright,False,114.16063322971661
RipeApple,translation_Screen Shot 2018-06-08 at 5.26.24 PM.png,0.837531887755102,bright,False,117.64295284027992
RipeApple,translation_Screen Shot 2018-06-08 at 5.26.29 PM.png,0.8328284438775511,bright,False,118.4044481650214
RipeApple,translation_Screen Shot 2018-06-08 at 5.26.36 PM.png,0.8450255102040817,bright,False,105.34471426270842
RipeApple,translation_Screen Shot 2018-06-08 at 5.26.41 PM.png,0.7720623405612245,bright,False,108.20521693071169
RipeApple,translation_Screen Shot 2018-06-08 at 5.26.47 PM.png,0.7407924107142857,bright,False,108.55447726452
RipeApple,translation_Screen Shot 2018-06-08 at 5.26.58 PM.png,0.8683633609693877,bright,False,112.71763976992254
RipeApple,translation_Screen Shot 2018-06-08 at 5.27.06 PM.png,0.8334661989795918,bright,False,93.51015644169252
RipeApple,translation_Screen Shot 2018-06-08 at 5.27.13 PM.png,0.2600047831632653,bright,False,109.1903633434557
RipeApple,translation_Screen Shot 2018-06-08 at 5.27.19 PM.png,0.8496492346938775,bright,False,103.86531604559724
RipeApple,translation_Screen Shot 2018-06-08 at 5.27.27 PM.png,0.8464205994897959,bright,False,111.73698072760563
RipeApple,translation_Screen Shot 2018-06-08 at 5.27.34 PM.png,0.7232342155612245,bright,False,105.39507663703499
RipeApple,translation_Screen Shot 2018-06-08 at 5.27.49 PM.png,0.8713727678571429,bright,False,113.43526339167364
RipeApple,translation_Screen Shot 2018-06-08 at 5.27.54 PM.png,0.6695432079081632,bright,False,118.93760720744145
RipeApple,translation_Screen Shot 2018-06-08 at 5.28.04 PM.png,0.8488520408163265,bright,False,115.95036144071533
RipeApple,translation_Screen Shot 2018-06-08 at 5.28.10 PM.png,0.8316924426020408,bright,False,113.44692035101566
RipeApple,translation_Screen Shot 2018-06-08 at 5.28.15 PM.png,0.6458067602040817,bright,False,84.48036557329887
RipeApple,translation_Screen Shot 2018-06-08 at 5.28.24 PM.png,0.696906887755102,bright,False,107.95128101807232
RipeApple,translation_Screen Shot 2018-06-08 at 5.28.32 PM.png,0.6419802295918368,bright,False,85.75543853095807
RipeApple,translation_Screen Shot 2018-06-08 at 5.28.38 PM.png,0.6161112882653061,bright,False,86.03671526050191
RipeApple,translation_Screen Shot 2018-06-08 at 5.28.42 PM.png,0.6285275829081632,bright,False,87.65097550970275
RipeApple,translation_Screen Shot 2018-06-08 at 5.28.48 PM.png,0.6481385522959183,bright,False,90.1310036090892
RipeApple,translation_Screen Shot 2018-06-08 at 5.28.59 PM.png,0.8015784438775511,bright,False,115.57848007296197
RipeApple,translation_Screen Shot 2018-06-08 at 5.29.13 PM.png,0.689453125,bright,False,104.48500299209887
RipeApple,translation_Screen Shot 2018-06-08 at 5.29.18 PM.png,0.7117147640306123,bright,False,114.18550015432034
RipeApple,translation_Screen Shot 2018-06-08 at 5.29.24 PM.png,0.6964086415816326,bright,False,104.07212399522193
RipeApple,translation_Screen Shot 2018-06-08 at 5.29.31 PM.png,0.8563855229591837,bright,False,115.06404979861452
RipeApple,translation_Screen Shot 2018-06-08 at 5.32.33 PM.png,0.8572425063775511,bright,False,109.60713523185098
RipeApple,translation_Screen Shot 2018-06-08 at 5.32.38 PM.png,0.39000717474489793,dark,False,125.68564621960898
RipeApple,translation_Screen Shot 2018-06-08 at 5.32.43 PM.png,0.8539341517857143,bright,False,119.58503979151392
RipeApple,translation_Screen Shot 2018-06-08 at 5.33.11 PM.png,0.8334462691326531,bright,False,98.89136254615732
RipeApple,translation_Screen Shot 2018-06-08 at 5.33.18 PM.png,0.8036710778061225,bright,False,85.03247575297043
RipeApple,translation_Screen Shot 2018-06-08 at 5.33.27 PM.png,0.7369658801020408,bright,False,105.81275801437538
RipeApple,translation_Screen Shot 2018-06-08 at 5.33.33 PM.png,0.7683553890306123,bright,False,89.58193516586157
RipeApple,translation_Screen Shot 2018-06-08 at 5.33.47 PM.png,0.8027144451530612,bright,False,99.13456092300139
RipeApple,translation_Screen Shot 2018-06-08 at 5.33.55 PM.png,0.8266501913265306,bright,False,105.5378750868715
RipeApple,translation_Screen Shot 2018-06-08 at 5.34.01 PM.png,0.8283043686224489,bright,False,101.86237232203358
RipeApple,translation_Screen Shot 2018-06-08 at 5.34.07 PM.png,0.8435507015306123,bright,False,113.18841612913337
RipeApple,translation_Screen Shot 2018-06-08 at 5.34.14 PM.png,0.8728077168367347,bright,False,111.83343923345706
RipeApple,translation_Screen Shot 2018-06-08 at 5.34.21 PM.png,0.8533761160714286,bright,False,111.4240282899902
RipeApple,vertical_flip_Screen Shot 2018-06-08 at 4.59.36 PM.png,0.44369818239795916,dark,False,15.861296112679497
RipeApple,vertical_flip_Screen Shot 2018-06-08 at 4.59.44 PM.png,0.43769929846938777,dark,False,40.76880543398966
RipeApple,vertical_flip_Screen Shot 2018-06-08 at 4.59.57 PM.png,0.5680604272959183,dark,False,26.486942155039277
RipeApple,vertical_flip_Screen Shot 2018-06-08 at 5.00.03 PM.png,0.5228595344387755,dark,False,16.67743547586652
RipeApple,vertical_flip_Screen Shot 2018-06-08 at 5.00.12 PM.png,0.5214644451530612,dark,False,21.574780955805164
RipeApple,vertical_flip_Screen Shot 2018-06-08 at 5.00.18 PM.png,0.4938416772959184,dark,False,42.26163456499577
RipeApple,vertical_flip_Screen Shot 2018-06-08 at 5.00.26 PM.png,0.5343789859693877,dark,False,20.63933518245188
RipeApple,vertical_flip_Screen Shot 2018-06-08 at 5.00.50 PM.png,0.4327367665816326,dark,False,20.608909426542454
RipeApple,vertical_flip_Screen Shot 2018-06-08 at 5.01.15 PM.png,0.4678332270408163,dark,False,5.382025278862362
RipeApple,vertical_flip_Screen Shot 2018-06-08 at 5.01.22 PM.png,0.5394610969387755,dark,False,13.734358571202435
RipeApple,vertical_flip_Screen Shot 2018-06-08 at 5.01.29 PM.png,0.35020727040816324,dark,False,29.179305127368053
RipeApple,vertical_flip_Screen Shot 2018-06-08 at 5.01.34 PM.png,0.44784359056122447,dark,False,3.6343329817851804
RipeApple,vertical_flip_Screen Shot 2018-06-08 at 5.01.41 PM.png,0.5050223214285714,dark,False,25.340191875809595
RipeApple,vertical_flip_Screen Shot 2018-06-08 at 5.02.08 PM.png,0.41621492346938777,dark,False,5.635439514620226
RipeApple,vertical_flip_Screen Shot 2018-06-08 at 5.02.24 PM.png,0.6029376594387755,dark,False,10.39017654988564
RipeApple,vertical_flip_Screen Shot 2018-06-08 at 5.02.31 PM.png,0.44569116709183676,dark,False,23.05877871551098
RipeApple,vertical_flip_Screen Shot 2018-06-08 at 5.02.38 PM.png,0.45535714285714285,dark,False,0.7797841558519868
RipeApple,vertical_flip_Screen Shot 2018-06-08 at 5.02.43 PM.png,0.3286033163265306,dark,False,9.402529244779462
RipeApple,vertical_flip_Screen Shot 2018-06-08 at 5.02.48 PM.png,0.3521006058673469,dark,False,33.416253569051385
RipeApple,vertical_flip_Screen Shot 2018-06-08 at 5.02.54 PM.png,0.3572624362244898,dark,False,39.92803890650654
RipeApple,vertical_flip_Screen Shot 2018-06-08 at 5.03.05 PM.png,0.6575255102040817,dark,False,18.262504186590707
RipeApple,vertical_flip_Screen Shot 2018-06-08 at 5.03.10 PM.png,0.45438058035714285,dark,False,6.599113610515573
RipeApple,vertical_flip_Screen Shot 2018-06-08 at 5.03.17 PM.png,0.4828603316326531,dark,False,55.2917018504605
RipeApple,vertical_flip_Screen Shot 2018-06-08 at 5.03.26 PM.png,0.2087452168367347,dark,False,28.441523407901382
RipeApple,vertical_flip_Screen Shot 2018-06-08 at 5.03.34 PM.png,0.5134127869897959,dark,False,59.41095378055592
RipeApple,vertical_flip_Screen Shot 2018-06-08 at 5.03.40 PM.png,0.6454679528061225,dark,False,16.965359721962972
RipeApple,vertical_flip_Screen Shot 2018-06-08 at 5.03.47 PM.png,0.5007573341836735,dark,False,21.37881722927008
RipeApple,vertical_flip_Screen Shot 2018-06-08 at 5.04.05 PM.png,0.5372688137755102,dark,False,22.573697661404083
RipeApple,vertical_flip_Screen Shot 2018-06-08 at 5.04.11 PM.png,0.36130819515306123,dark,False,9.711624317046512
RipeApple,vertical_flip_Screen Shot 2018-06-08 at 5.04.16 PM.png,0.4436184630102041,dark,False,0.0
RipeApple,vertical_flip_Screen Shot 2018-06-08 at 5.04.31 PM.png,0.5043247767857143,dark,False,36.86401619071095
RipeApple,vertical_flip_Screen Shot 2018-06-08 at 5.05.06 PM.png,0.3359972895408163,dark,False,18.789843407851592
RipeApple,vertical_flip_Screen Shot 2018-06-08 at 5.05.18 PM.png,0.2286750637755102,dark,False,6.961159434193003
RipeApple,vertical_flip_Screen Shot 2018-06-08 at 5.05.27 PM.png,0.5111407844387755,dark,False,22.984098435715424
RipeApple,vertical_flip_Screen Shot 2018-06-08 at 5.05.34 PM.png,0.48792251275510207,dark,False,28.27305897029345
RipeApple,vertical_flip_Screen Shot 2018-06-08 at 5.05.41 PM.png,0.08460220025510204,dark,False,38.31161378457565
RipeApple,vertical_flip_Screen Shot 2018-06-08 at 5.05.48 PM.png,0.4188257334183674,dark,False,42.87651311324351
RipeApple,vertical_flip_Screen Shot 2018-06-08 at 5.06.19 PM.png,0.42307079081632654,dark,False,10.058489387016602
RipeApple,vertical_flip_Screen Shot 2018-06-08 at 5.06.23 PM.png,0.29135443239795916,dark,False,13.537705197475136
RipeApple,vertical_flip_Screen Shot 2018-06-08 at 5.06.28 PM.png,0.49868463010204084,dark,False,17.836581510056806
RipeApple,vertical_flip_Screen Shot 2018-06-08 at 5.06.33 PM.png,0.3733458227040816,dark,False,8.31687369634985
RipeApple,vertical_flip_Screen Shot 2018-06-08 at 5.06.54 PM.png,0.5237563775510204,dark,False,29.527725450199693
RipeApple,vertical_flip_Screen Shot 2018-06-08 at 5.07.18 PM.png,0.4245057397959184,dark,False,32.86370096947078
RipeApple,vertical_flip_Screen Shot 2018-06-08 at 5.07.26 PM.png,0.5298349808673469,dark,False,27.089999144832234
RipeApple,vertical_flip_Screen Shot 2018-06-08 at 5.07.32 PM.png,0.43618463010204084,dark,False,42.11313153352932
RipeApple,vertical_flip_Screen Shot 2018-06-08 at 5.07.52 PM.png,0.5133729272959183,dark,False,59.0602454321078
RipeApple,vertical_flip_Screen Shot 2018-06-08 at 5.08.05 PM.png,0.4914500956632653,dark,False,56.601001987932136
RipeApple,vertical_flip_Screen Shot 2018-06-08 at 5.08.37 PM.png,0.5279217155612245,dark,False,20.646239737243913
RipeApple,vertical_flip_Screen Shot 2018-06-08 at 5.08.58 PM.png,0.5962213010204082,dark,False,8.094877302335156
RipeApple,vertical_flip_Screen Shot 2018-06-08 at 5.09.03 PM.png,0.5159239477040817,dark,False,25.56831074151545
RipeApple,vertical_flip_Screen Shot 2018-06-08 at 5.09.10 PM.png,0.44535235969387754,dark,False,0.5861920164078884
RipeApple,vertical_flip_Screen Shot 2018-06-08 at 5.09.17 PM.png,0.5308115433673469,dark,False,17.055407707803777
RipeApple,vertical_flip_Screen Shot 2018-06-08 at 5.09.25 PM.png,0.5453603316326531,dark,False,17.249084762490707
RipeApple,vertical_flip_Screen Shot 2018-06-08 at 5.09.31 PM.png,0.4752670599489796,dark,False,14.504545962827365
RipeApple,vertical_flip_Screen Shot 2018-06-08 at 5.09.40 PM.png,0.43614477040816324,dark,False,16.97114744795191
RipeApple,vertical_flip_Screen Shot 2018-06-08 at 5.09.54 PM.png,0.5745376275510204,dark,False,8.80958686158146
RipeApple,vertical_flip_Screen Shot 2018-06-08 at 5.10.03 PM.png,0.5115991709183674,dark,False,26.514407545957013
RipeApple,vertical_flip_Screen Shot 2018-06-08 at 5.10.11 PM.png,0.5212651466836735,dark,False,23.69266559716887
RipeApple,vertical_flip_Screen Shot 2018-06-08 at 5.10.21 PM.png,0.4772201849489796,dark,False,17.373745599139035
RipeApple,vertical_flip_Screen Shot 2018-06-08 at 5.10.29 PM.png,0.5136120854591837,dark,False,5.166353304065523
RipeApple,vertical_flip_Screen Shot 2018-06-08 at 5.10.37 PM.png,0.5683992346938775,dark,False,5.390519594479561
RipeApple,vertical_flip_Screen Shot 2018-06-08 at 5.10.43 PM.png,0.6122050382653061,dark,False,26.239671852323653
RipeApple,vertical_flip_Screen Shot 2018-06-08 at 5.11.08 PM.png,0.45420121173469385,dark,False,12.461245475213184
RipeApple,vertical_flip_Screen Shot 2018-06-08 at 5.11.16 PM.png,0.48752391581632654,dark,False,16.016113790490206
RipeApple,vertical_flip_Screen Shot 2018-06-08 at 5.11.24 PM.png,0.4330357142857143,dark,False,28.263744416000133
RipeApple,vertical_flip_Screen Shot 2018-06-08 at 5.11.35 PM.png,0.4790138711734694,dark,False,4.692335097790948
RipeApple,vertical_flip_Screen Shot 2018-06-08 at 5.11.41 PM.png,0.4375597895408163,dark,False,44.96278250459165
RipeApple,vertical_flip_Screen Shot 2018-06-08 at 5.11.52 PM.png,0.4977279974489796,dark,False,47.014600639525845
RipeApple,vertical_flip_Screen Shot 2018-06-08 at 5.11.59 PM.png,0.4057716836734694,dark,False,13.431087361449935
RipeApple,vertical_flip_Screen Shot 2018-06-08 at 5.12.14 PM.png,0.48451450892857145,dark,False,17.74277464349014
RipeApple,vertical_flip_Screen Shot 2018-06-08 at 5.12.20 PM.png,0.3821348852040816,dark,False,56.6587217834448
RipeApple,vertical_flip_Screen Shot 2018-06-08 at 5.12.29 PM.png,0.5021723533163265,dark,False,5.261520504814705
RipeApple,vertical_flip_Screen Shot 2018-06-08 at 5.12.34 PM.png,0.48750398596938777,dark,False,18.23457913366715
RipeApple,vertical_flip_Screen Shot 2018-06-08 at 5.12.41 PM.png,0.45912388392857145,dark,False,52.95226531580543
RipeApple,vertical_flip_Screen Shot 2018-06-08 at 5.12.47 PM.png,0.5684789540816326,dark,False,10.010669711131941
RipeApple,vertical_flip_Screen Shot 2018-06-08 at 5.13.10 PM.png,0.43056441326530615,dark,False,0.47965891147818995
RipeApple,vertical_flip_Screen Shot 2018-06-08 at 5.13.18 PM.png,0.48758370535714285,dark,False,0.0
RipeApple,vertical_flip_Screen Shot 2018-06-08 at 5.13.25 PM.png,0.5359135841836735,dark,False,9.92488027172177
RipeApple,vertical_flip_Screen Shot 2018-06-08 at 5.13.40 PM.png,0.4210578762755102,dark,False,37.724195881678504
RipeApple,vertical_flip_Screen Shot 2018-06-08 at 5.13.45 PM.png,0.48238201530612246,dark,False,19.017169803042986
RipeApple,vertical_flip_Screen Shot 2018-06-08 at 5.13.54 PM.png,0.5428691007653061,dark,False,4.448287768185892
RipeApple,vertical_flip_Screen Shot 2018-06-08 at 5.14.01 PM.png,0.5697943239795918,dark,False,17.175546950556598
RipeApple,vertical_flip_Screen Shot 2018-06-08 at 5.14.07 PM.png,0.4843152104591837,dark,False,28.76333305614793
RipeApple,vertical_flip_Screen Shot 2018-06-08 at 5.14.20 PM.png,0.3454639668367347,dark,False,9.567133217981015
RipeApple,vertical_flip_Screen Shot 2018-06-08 at 5.14.44 PM.png,0.4204599808673469,dark,False,5.771747056169356
RipeApple,vertical_flip_Screen Shot 2018-06-08 at 5.14.48 PM.png,0.4176698022959184,dark,False,1.0006853821605917
RipeApple,vertical_flip_Screen Shot 2018-06-08 at 5.15.01 PM.png,0.5647520727040817,dark,False,40.50845000623401
RipeApple,vertical_flip_Screen Shot 2018-06-08 at 5.15.09 PM.png,0.3695591517857143,dark,False,35.707173644075716
RipeApple,vertical_flip_Screen Shot 2018-06-08 at 5.15.14 PM.png,0.5196508290816326,dark,False,31.718969401073693
RipeApple,vertical_flip_Screen Shot 2018-06-08 at 5.15.34 PM.png,0.5593710140306123,dark,False,19.80715553927989
RipeApple,vertical_flip_Screen Shot 2018-06-08 at 5.15.39 PM.png,0.5375079719387755,dark,False,29.3559512613311
RipeApple,vertical_flip_Screen Shot 2018-06-08 at 5.15.45 PM.png,0.4985251913265306,dark,False,14.354057299109911
RipeApple,vertical_flip_Screen Shot 2018-06-08 at 5.15.52 PM.png,0.4743702168367347,dark,False,15.573005273975019
RipeApple,vertical_flip_Screen Shot 2018-06-08 at 5.16.06 PM.png,0.6282286352040817,dark,False,32.42436808510511
RipeApple,vertical_flip_Screen Shot 2018-06-08 at 5.16.16 PM.png,0.4373405612244898,dark,False,0.13895814925515076
RipeApple,vertical_flip_Screen Shot 2018-06-08 at 5.16.33 PM.png,0.39993223852040816,dark,False,26.775108782088683
RipeApple,vertical_flip_Screen Shot 2018-06-08 at 5.16.37 PM.png,0.6474210778061225,dark,False,36.876399027707585
RipeApple,vertical_flip_Screen Shot 2018-06-08 at 5.16.44 PM.png,0.49938217474489793,dark,False,48.05062017590754
RipeApple,vertical_flip_Screen Shot 2018-06-08 at 5.16.49 PM.png,0.5967594068877551,dark,False,16.153319006071417
RipeApple,vertical_flip_Screen Shot 2018-06-08 at 5.16.57 PM.png,0.5535116390306123,dark,False,22.50321971472381
RipeApple,vertical_flip_Screen Shot 2018-06-08 at 5.17.04 PM.png,0.6359813456632653,dark,False,37.893640797396166
RipeApple,vertical_flip_Screen Shot 2018-06-08 at 5.17.10 PM.png,0.4851124043367347,dark,False,45.835761879901526
RipeApple,vertical_flip_Screen Shot 2018-06-08 at 5.17.22 PM.png,0.5262675382653061,dark,False,6.108050857208099
RipeApple,vertical_flip_Screen Shot 2018-06-08 at 5.17.34 PM.png,0.6553730867346939,dark,False,19.13719956893271
RipeApple,vertical_flip_Screen Shot 2018-06-08 at 5.17.42 PM.png,0.25288982780612246,dark,False,53.52611493533346
RipeApple,vertical_flip_Screen Shot 2018-06-08 at 5.17.58 PM.png,0.6461654974489796,dark,False,25.7273635837648
RipeApple,vertical_flip_Screen Shot 2018-06-08 at 5.18.12 PM.png,0.46316964285714285,dark,False,20.681765417547997
RipeApple,vertical_flip_Screen Shot 2018-06-08 at 5.18.16 PM.png,0.39140226403061223,dark,False,12.982701259432886
RipeApple,vertical_flip_Screen Shot 2018-06-08 at 5.18.42 PM.png,0.5290377869897959,dark,False,12.275490669812966
RipeApple,vertical_flip_Screen Shot 2018-06-08 at 5.18.51 PM.png,0.5916175063775511,dark,False,48.930488136374
RipeApple,vertical_flip_Screen Shot 2018-06-08 at 5.18.58 PM.png,0.6185626594387755,dark,False,56.0455413645718
RipeApple,vertical_flip_Screen Shot 2018-06-08 at 5.19.15 PM.png,0.6013831313775511,dark,False,20.346378530696796
RipeApple,vertical_flip_Screen Shot 2018-06-08 at 5.19.28 PM.png,0.524055325255102,dark,False,43.68215216809015
RipeApple,vertical_flip_Screen Shot 2018-06-08 at 5.19.35 PM.png,0.5812141262755102,dark,False,35.53094482309188
RipeApple,vertical_flip_Screen Shot 2018-06-08 at 5.19.47 PM.png,0.49814652423469385,dark,False,23.20388736249402
RipeApple,vertical_flip_Screen Shot 2018-06-08 at 5.19.58 PM.png,0.15041055484693877,dark,False,18.162933045638805
RipeApple,vertical_flip_Screen Shot 2018-06-08 at 5.20.08 PM.png,0.5005580357142857,dark,False,42.38769509342645
RipeApple,vertical_flip_Screen Shot 2018-06-08 at 5.20.17 PM.png,0.5412348533163265,dark,False,29.649161750557226
RipeApple,vertical_flip_Screen Shot 2018-06-08 at 5.20.26 PM.png,0.5574776785714286,dark,False,31.615462881792457
RipeApple,vertical_flip_Screen Shot 2018-06-08 at 5.20.32 PM.png,0.48790258290816324,dark,False,21.417498286655725
RipeApple,vertical_flip_Screen Shot 2018-06-08 at 5.20.42 PM.png,0.5287587691326531,dark,False,46.16500271277217
RipeApple,vertical_flip_Screen Shot 2018-06-08 at 5.20.51 PM.png,0.40294164540816324,dark,False,22.681510818889777
RipeApple,vertical_flip_Screen Shot 2018-06-08 at 5.21.06 PM.png,0.511100924744898,dark,False,30.96612316796791
RipeApple,vertical_flip_Screen Shot 2018-06-08 at 5.21.22 PM.png,0.5470942283163265,dark,False,21.42103111001452
RipeApple,vertical_flip_Screen Shot 2018-06-08 at 5.21.35 PM.png,0.3863998724489796,dark,False,35.20926453007066
RipeApple,vertical_flip_Screen Shot 2018-06-08 at 5.21.40 PM.png,0.3391063456632653,dark,False,19.120158011677685
RipeApple,vertical_flip_Screen Shot 2018-06-08 at 5.21.44 PM.png,0.6085778061224489,dark,False,34.36657192821471
RipeApple,vertical_flip_Screen Shot 2018-06-08 at 5.21.56 PM.png,0.25039859693877553,dark,False,7.708305707063823
RipeApple,vertical_flip_Screen Shot 2018-06-08 at 5.22.15 PM.png,0.47694116709183676,dark,False,11.271956441347102
RipeApple,vertical_flip_Screen Shot 2018-06-08 at 5.22.20 PM.png,0.489437181122449,dark,False,16.40793883865643
RipeApple,vertical_flip_Screen Shot 2018-06-08 at 5.22.27 PM.png,0.5021324936224489,dark,False,15.674010657384107
RipeApple,vertical_flip_Screen Shot 2018-06-08 at 5.22.35 PM.png,0.3042689732142857,dark,False,14.856219470204538
RipeApple,vertical_flip_Screen Shot 2018-06-08 at 5.22.48 PM.png,0.2669005102040816,dark,False,11.814176927114111
RipeApple,vertical_flip_Screen Shot 2018-06-08 at 5.22.53 PM.png,0.614875637755102,dark,False,25.225619792988756
RipeApple,vertical_flip_Screen Shot 2018-06-08 at 5.22.58 PM.png,0.6192602040816326,dark,False,17.499464910280377
RipeApple,vertical_flip_Screen Shot 2018-06-08 at 5.23.07 PM.png,0.4743104272959184,dark,False,14.457447959172873
RipeApple,vertical_flip_Screen Shot 2018-06-08 at 5.23.23 PM.png,0.3861607142857143,dark,False,8.487862191964098
RipeApple,vertical_flip_Screen Shot 2018-06-08 at 5.23.26 PM.png,0.35586734693877553,dark,False,10.011214849190722
RipeApple,vertical_flip_Screen Shot 2018-06-08 at 5.23.31 PM.png,0.409000318877551,dark,False,6.429176036972351
RipeApple,vertical_flip_Screen Shot 2018-06-08 at 5.23.51 PM.png,0.7110172193877551,bright,False,36.98541635098547
RipeApple,vertical_flip_Screen Shot 2018-06-08 at 5.24.12 PM.png,0.5461973852040817,dark,False,37.6159385077512
RipeApple,vertical_flip_Screen Shot 2018-06-08 at 5.24.19 PM.png,0.4873644770408163,dark,False,47.06878963312332
RipeApple,vertical_flip_Screen Shot 2018-06-08 at 5.24.26 PM.png,0.5818518813775511,dark,False,41.91409185889147
RipeApple,vertical_flip_Screen Shot 2018-06-08 at 5.24.35 PM.png,0.36098931760204084,dark,False,50.52847522501293
RipeApple,vertical_flip_Screen Shot 2018-06-08 at 5.25.02 PM.png,0.33822943239795916,dark,False,50.88724631394873
RipeApple,vertical_flip_Screen Shot 2018-06-08 at 5.25.22 PM.png,0.3402822066326531,dark,False,6.276094679624357
RipeApple,vertical_flip_Screen Shot 2018-06-08 at 5.25.28 PM.png,0.3247767857142857,dark,False,10.012298568527052
RipeApple,vertical_flip_Screen Shot 2018-06-08 at 5.25.33 PM.png,0.5423907844387755,dark,False,31.89561950012403
RipeApple,vertical_flip_Screen Shot 2018-06-08 at 5.25.37 PM.png,0.2087452168367347,dark,False,30.91173828016716
RipeApple,vertical_flip_Screen Shot 2018-06-08 at 5.25.43 PM.png,0.2342952806122449,dark,False,2.174458661693592
RipeApple,vertical_flip_Screen Shot 2018-06-08 at 5.25.49 PM.png,0.5078125,dark,False,0.2497460782608816
RipeApple,vertical_flip_Screen Shot 2018-06-08 at 5.25.54 PM.png,0.5661272321428571,dark,False,26.60129586267894
RipeApple,vertical_flip_Screen Shot 2018-06-08 at 5.26.05 PM.png,0.6272919323979592,dark,False,32.135962771058324
RipeApple,vertical_flip_Screen Shot 2018-06-08 at 5.26.19 PM.png,0.5447624362244898,dark,False,23.228219892567264
RipeApple,vertical_flip_Screen Shot 2018-06-08 at 5.26.24 PM.png,0.45145089285714285,dark,False,23.411697101872267
RipeApple,vertical_flip_Screen Shot 2018-06-08 at 5.26.41 PM.png,0.5089086415816326,dark,False,5.729031983521108
RipeApple,vertical_flip_Screen Shot 2018-06-08 at 5.26.47 PM.png,0.12218989158163265,dark,False,3.1703978001335913
RipeApple,vertical_flip_Screen Shot 2018-06-08 at 5.26.52 PM.png,0.5091677295918368,dark,False,7.2414728078066375
RipeApple,vertical_flip_Screen Shot 2018-06-08 at 5.27.06 PM.png,0.6824776785714286,dark,False,19.560752323379315
RipeApple,vertical_flip_Screen Shot 2018-06-08 at 5.27.13 PM.png,0.541633450255102,dark,False,74.64081780958271
RipeApple,vertical_flip_Screen Shot 2018-06-08 at 5.27.19 PM.png,0.6670121173469388,dark,False,25.617843985700805
RipeApple,vertical_flip_Screen Shot 2018-06-08 at 5.27.27 PM.png,0.1477997448979592,dark,False,38.481130839524646
RipeApple,vertical_flip_Screen Shot 2018-06-08 at 5.27.34 PM.png,0.6373565051020408,dark,False,41.62617341593823
RipeApple,vertical_flip_Screen Shot 2018-06-08 at 5.27.49 PM.png,0.45669244260204084,dark,False,16.40130424099119
RipeApple,vertical_flip_Screen Shot 2018-06-08 at 5.27.54 PM.png,0.28848453443877553,dark,False,41.08789476192375
RipeApple,vertical_flip_Screen Shot 2018-06-08 at 5.28.04 PM.png,0.5799784757653061,dark,False,30.753526209060755
RipeApple,vertical_flip_Screen Shot 2018-06-08 at 5.28.15 PM.png,0.5948461415816326,dark,False,23.670738317888055
RipeApple,vertical_flip_Screen Shot 2018-06-08 at 5.28.24 PM.png,0.4372409119897959,dark,False,4.126900815883189
RipeApple,vertical_flip_Screen Shot 2018-06-08 at 5.28.32 PM.png,0.2899194834183674,dark,False,19.376415570528234
RipeApple,vertical_flip_Screen Shot 2018-06-08 at 5.28.38 PM.png,0.2651466836734694,dark,False,13.688131669920361
RipeApple,vertical_flip_Screen Shot 2018-06-08 at 5.28.59 PM.png,0.3924585459183674,dark,False,2.9602759756762755
RipeApple,vertical_flip_Screen Shot 2018-06-08 at 5.29.07 PM.png,0.576171875,dark,False,22.03187954735995
RipeApple,vertical_flip_Screen Shot 2018-06-08 at 5.29.24 PM.png,0.45057397959183676,dark,False,18.247315455762
RipeApple,vertical_flip_Screen Shot 2018-06-08 at 5.29.31 PM.png,0.5249720982142857,dark,False,22.20603925786933
RipeApple,vertical_flip_Screen Shot 2018-06-08 at 5.32.33 PM.png,0.08079559948979592,dark,False,23.448854916527992
RipeApple,vertical_flip_Screen Shot 2018-06-08 at 5.33.11 PM.png,0.6224489795918368,dark,False,44.69330577806298
RipeApple,vertical_flip_Screen Shot 2018-06-08 at 5.33.18 PM.png,0.19455516581632654,dark,False,78.5374631840365
RipeApple,vertical_flip_Screen Shot 2018-06-08 at 5.33.33 PM.png,0.6274912308673469,dark,False,50.741425654192575
RipeApple,vertical_flip_Screen Shot 2018-06-08 at 5.33.47 PM.png,0.5066565688775511,dark,False,42.05395025117982
RipeApple,vertical_flip_Screen Shot 2018-06-08 at 5.33.55 PM.png,0.46189413265306123,dark,False,26.4594108334589
RipeApple,vertical_flip_Screen Shot 2018-06-08 at 5.34.01 PM.png,0.6492546237244898,dark,False,46.33244806398677
RipeApple,vertical_flip_Screen Shot 2018-06-08 at 5.34.07 PM.png,0.5487484056122449,dark,False,29.1154746349259
RipeApple,vertical_flip_Screen Shot 2018-06-08 at 5.34.14 PM.png,0.5999083227040817,dark,False,39.79445677019208
RipeApple,vertical_flip_Screen Shot 2018-06-08 at 5.34.21 PM.png,0.4611965880102041,dark,False,26.581321818951825
RottenApple,rotated_by_15_Screen Shot 2018-06-07 at 2.15.20 PM.png,0.8990353954081632,bright,False,121.70264736605957
RottenApple,rotated_by_15_Screen Shot 2018-06-07 at 2.15.34 PM.png,0.12521922831632654,dark,False,124.65305401405881
RottenApple,rotated_by_15_Screen Shot 2018-06-07 at 2.15.50 PM.png,0.8995137117346939,bright,False,118.19078670313786
RottenApple,rotated_by_15_Screen Shot 2018-06-07 at 2.16.54 PM.png,0.8971420599489796,bright,False,124.19089200104482
RottenApple,rotated_by_15_Screen Shot 2018-06-07 at 2.17.15 PM.png,0.8966637436224489,bright,False,122.72949495154347
RottenApple,rotated_by_15_Screen Shot 2018-06-07 at 2.17.25 PM.png,0.8986567283163265,bright,False,123.42057543968254
RottenApple,rotated_by_15_Screen Shot 2018-06-07 at 2.18.13 PM.png,0.8972018494897959,bright,False,124.85607013212616
RottenApple,rotated_by_15_Screen Shot 2018-06-07 at 2.18.57 PM.png,0.8996332908163265,bright,False,120.09190883074587
RottenApple,rotated_by_15_Screen Shot 2018-06-07 at 2.19.15 PM.png,0.3093112244897959,dark,False,123.03531409922766
RottenApple,rotated_by_15_Screen Shot 2018-06-07 at 2.19.46 PM.png,0.2118542729591837,dark,False,121.02775902337665
RottenApple,rotated_by_15_Screen Shot 2018-06-07 at 2.20.04 PM.png,0.41001674107142855,dark,False,124.01410016336548
RottenApple,rotated_by_15_Screen Shot 2018-06-07 at 2.20.34 PM.png,0.8996930803571429,bright,False,123.91961584803282
RottenApple,rotated_by_15_Screen Shot 2018-06-07 at 2.20.46 PM.png,0.8954679528061225,bright,False,121.45261151271382
RottenApple,rotated_by_15_Screen Shot 2018-06-07 at 2.20.56 PM.png,0.08282844387755102,dark,False,122.387275337616
RottenApple,rotated_by_15_Screen Shot 2018-06-07 at 2.22.00 PM.png,0.8989955357142857,bright,False,121.9571263096908
RottenApple,rotated_by_15_Screen Shot 2018-06-07 at 2.23.02 PM.png,0.8966836734693877,bright,False,123.285710627745
RottenApple,rotated_by_15_Screen Shot 2018-06-07 at 2.23.24 PM.png,0.07362085459183673,dark,False,119.98390492392225
RottenApple,rotated_by_15_Screen Shot 2018-06-07 at 2.23.40 PM.png,0.8992346938775511,bright,False,122.38011421742398
RottenApple,rotated_by_15_Screen Shot 2018-06-07 at 2.23.51 PM.png,0.8983179209183674,bright,False,122.83705219195001
RottenApple,rotated_by_15_Screen Shot 2018-06-07 at 2.24.02 PM.png,0.09231505102040816,dark,False,119.302392497011
RottenApple,rotated_by_15_Screen Shot 2018-06-07 at 2.24.35 PM.png,0.14736128826530612,dark,False,121.08771364307087
RottenApple,rotated_by_15_Screen Shot 2018-06-07 at 2.24.47 PM.png,0.8993144132653061,bright,False,125.3143035764129
RottenApple,rotated_by_15_Screen Shot 2018-06-07 at 2.24.59 PM.png,0.3759167729591837,dark,False,119.631489070141
RottenApple,rotated_by_15_Screen Shot 2018-06-07 at 2.25.16 PM.png,0.8987563775510204,bright,False,123.78112847445753
RottenApple,rotated_by_15_Screen Shot 2018-06-07 at 2.33.38 PM.png,0.10977359693877552,dark,False,116.92742162731652
RottenApple,rotated_by_15_Screen Shot 2018-06-07 at 2.33.47 PM.png,0.8972417091836735,bright,False,124.58913785131209
RottenApple,rotated_by_15_Screen Shot 2018-06-07 at 2.34.36 PM.png,0.864875637755102,bright,False,115.50836611176568
RottenApple,rotated_by_15_Screen Shot 2018-06-07 at 2.34.49 PM.png,0.8990154655612245,bright,False,125.02469700024483
RottenApple,rotated_by_15_Screen Shot 2018-06-07 at 2.35.10 PM.png,0.8974808673469388,bright,False,122.02787321767732
RottenApple,rotated_by_15_Screen Shot 2018-06-07 at 2.35.38 PM.png,0.8965242346938775,bright,False,120.84287657229612
RottenApple,rotated_by_15_Screen Shot 2018-06-07 at 2.36.06 PM.png,0.8958864795918368,bright,False,119.24268647974442
RottenApple,rotated_by_15_Screen Shot 2018-06-07 at 2.37.11 PM.png,0.23367745535714285,dark,False,120.37477176145315
RottenApple,rotated_by_15_Screen Shot 2018-06-07 at 2.37.20 PM.png,0.18963249362244897,dark,False,118.78020525388308
RottenApple,rotated_by_15_Screen Shot 2018-06-07 at 2.37.32 PM.png,0.8980986926020408,bright,False,120.9709987015289
RottenApple,rotated_by_15_Screen Shot 2018-06-07 at 2.37.43 PM.png,0.8967235331632653,bright,False,118.37504517572495
RottenApple,rotated_by_15_Screen Shot 2018-06-07 at 2.38.04 PM.png,0.2604432397959184,dark,False,124.76198400921417
RottenApple,rotated_by_15_Screen Shot 2018-06-07 at 2.38.13 PM.png,0.8987165178571429,bright,False,124.8253850357505
RottenApple,rotated_by_15_Screen Shot 2018-06-07 at 2.38.28 PM.png,0.8989756058673469,bright,False,124.95078307126728
RottenApple,rotated_by_15_Screen Shot 2018-06-07 at 2.39.20 PM.png,0.8993542729591837,bright,False,122.84338895133139
RottenApple,rotated_by_15_Screen Shot 2018-06-07 at 2.39.26 PM.png,0.8986567283163265,bright,False,125.3923656340621
RottenApple,rotated_by_15_Screen Shot 2018-06-07 at 2.39.35 PM.png,0.8986567283163265,bright,False,123.04955692131118
RottenApple,rotated_by_15_Screen Shot 2018-06-07 at 2.39.44 PM.png,0.06499123086734694,dark,False,122.2164108610624
RottenApple,rotated_by_15_Screen Shot 2018-06-07 at 2.39.53 PM.png,0.8957669005102041,bright,False,125.05851659922337
RottenApple,rotated_by_15_Screen Shot 2018-06-07 at 2.40.13 PM.png,0.8987364477040817,bright,False,119.40687748951622
RottenApple,rotated_by_15_Screen Shot 2018-06-07 at 2.40.55 PM.png,0.1835339604591837,dark,False,117.1000634975306
RottenApple,rotated_by_15_Screen Shot 2018-06-07 at 2.41.14 PM.png,0.14092394770408162,dark,False,116.25011014029917
RottenApple,rotated_by_15_Screen Shot 2018-06-07 at 2.41.23 PM.png,0.06814014668367346,dark,False,115.98915281166587
RottenApple,rotated_by_15_Screen Shot 2018-06-07 at 2.41.32 PM.png,0.9004504145408163,bright,False,125.4254170639474
RottenApple,rotated_by_15_Screen Shot 2018-06-07 at 2.42.18 PM.png,0.06375558035714286,dark,False,116.73133032396258
RottenApple,rotated_by_15_Screen Shot 2018-06-07 at 2.42.37 PM.png,0.8977997448979592,bright,False,112.30131164045474
RottenApple,rotated_by_15_Screen Shot 2018-06-07 at 2.43.13 PM.png,0.3229233099489796,dark,False,118.54768914892803
RottenApple,rotated_by_15_Screen Shot 2018-06-07 at 2.43.26 PM.png,0.258968431122449,dark,False,124.35494215511197
RottenApple,rotated_by_15_Screen Shot 2018-06-07 at 2.43.34 PM.png,0.16920440051020408,dark,False,124.2800098952763
RottenApple,rotated_by_15_Screen Shot 2018-06-07 at 2.43.48 PM.png,0.8980389030612245,bright,False,124.7994497435721
RottenApple,rotated_by_15_Screen Shot 2018-06-07 at 2.43.54 PM.png,0.10467155612244898,dark,False,122.58258304977937
RottenApple,rotated_by_15_Screen Shot 2018-06-07 at 2.44.26 PM.png,0.10534917091836735,dark,False,103.22988623783128
RottenApple,rotated_by_15_Screen Shot 2018-06-07 at 2.44.59 PM.png,0.8993343431122449,bright,False,123.80910316038985
RottenApple,rotated_by_15_Screen Shot 2018-06-07 at 2.45.18 PM.png,0.16338488520408162,dark,False,115.34908402477
RottenApple,rotated_by_15_Screen Shot 2018-06-07 at 2.45.35 PM.png,0.13526387117346939,dark,False,123.96414481432087
RottenApple,rotated_by_15_Screen Shot 2018-06-07 at 2.45.44 PM.png,0.8969427614795918,bright,False,123.63741914331605
RottenApple,rotated_by_15_Screen Shot 2018-06-07 at 2.45.55 PM.png,0.8978595344387755,bright,False,125.12226295452695
RottenApple,rotated_by_15_Screen Shot 2018-06-07 at 2.46.04 PM.png,0.8975007971938775,bright,False,125.34969052454964
RottenApple,rotated_by_15_Screen Shot 2018-06-07 at 2.46.12 PM.png,0.8969626913265306,bright,False,125.03076169568084
RottenApple,rotated_by_15_Screen Shot 2018-06-07 at 2.46.22 PM.png,0.1141780931122449,dark,False,124.49573190295264
RottenApple,rotated_by_15_Screen Shot 2018-06-07 at 2.46.43 PM.png,0.8972815688775511,bright,False,106.2919997885561
RottenApple,rotated_by_15_Screen Shot 2018-06-07 at 2.46.52 PM.png,0.8984175701530612,bright,False,122.13489201410361
RottenApple,rotated_by_15_Screen Shot 2018-06-07 at 2.47.01 PM.png,0.8986168686224489,bright,False,116.2507639665446
RottenApple,rotated_by_15_Screen Shot 2018-06-07 at 2.47.13 PM.png,0.8974609375,bright,False,117.56540326235074
RottenApple,rotated_by_15_Screen Shot 2018-06-07 at 2.47.20 PM.png,0.8990353954081632,bright,False,113.35428747692849
RottenApple,rotated_by_15_Screen Shot 2018-06-07 at 2.47.27 PM.png,0.8964046556122449,bright,False,114.91323176106893
RottenApple,rotated_by_15_Screen Shot 2018-06-07 at 2.47.50 PM.png,0.8973214285714286,bright,False,119.0354510494753
RottenApple,rotated_by_15_Screen Shot 2018-06-07 at 2.50.09 PM.png,0.8991749043367347,bright,False,125.42414925161484
RottenApple,rotated_by_15_Screen Shot 2018-06-07 at 2.50.31 PM.png,0.8971819196428571,bright,False,124.44208016446413
RottenApple,rotated_by_15_Screen Shot 2018-06-07 at 2.50.43 PM.png,0.1288265306122449,dark,False,96.23336049376856
RottenApple,rotated_by_15_Screen Shot 2018-06-07 at 2.50.52 PM.png,0.06283880739795919,dark,False,84.76324220959712
RottenApple,rotated_by_15_Screen Shot 2018-06-07 at 2.51.01 PM.png,0.896843112244898,bright,False,125.31132092397498
RottenApple,rotated_by_15_Screen Shot 2018-06-07 at 2.51.08 PM.png,0.8976602359693877,bright,False,125.1854508564938
RottenApple,rotated_by_15_Screen Shot 2018-06-07 at 2.51.16 PM.png,0.8971420599489796,bright,False,123.98606817688336
RottenApple,rotated_by_15_Screen Shot 2018-06-07 at 2.51.37 PM.png,0.15013153698979592,dark,False,124.63800293567304
RottenApple,rotated_by_15_Screen Shot 2018-06-07 at 2.51.45 PM.png,0.3858617665816326,dark,False,124.28844168552219
RottenApple,rotated_by_15_Screen Shot 2018-06-07 at 2.52.00 PM.png,0.09434789540816327,dark,False,97.10727774760225
RottenApple,rotated_by_15_Screen Shot 2018-06-07 at 2.52.09 PM.png,0.17998644770408162,dark,False,118.71401908733422
RottenApple,rotated_by_15_Screen Shot 2018-06-07 at 2.52.22 PM.png,0.8954480229591837,bright,False,122.98972947518826
RottenApple,rotated_by_15_Screen Shot 2018-06-07 at 2.52.30 PM.png,0.28091119260204084,dark,False,114.0087840757409
RottenApple,rotated_by_15_Screen Shot 2018-06-07 at 2.53.20 PM.png,0.8987364477040817,bright,False,118.44713426215236
RottenApple,rotated_by_15_Screen Shot 2018-06-07 at 2.53.33 PM.png,0.8954679528061225,bright,False,118.72676882815291
RottenApple,rotated_by_15_Screen Shot 2018-06-07 at 2.53.57 PM.png,0.8986965880102041,bright,False,122.9024559585468
RottenApple,rotated_by_15_Screen Shot 2018-06-07 at 2.54.08 PM.png,0.42362882653061223,dark,False,124.7999144178035
RottenApple,rotated_by_15_Screen Shot 2018-06-07 at 2.54.41 PM.png,0.8973014987244898,bright,False,108.60776412254337
RottenApple,rotated_by_15_Screen Shot 2018-06-07 at 2.54.58 PM.png,0.8973413584183674,bright,False,122.04046426797645
RottenApple,rotated_by_15_Screen Shot 2018-06-07 at 2.55.52 PM.png,0.08695392219387756,dark,False,123.63027668660054
RottenApple,rotated_by_15_Screen Shot 2018-06-07 at 2.56.09 PM.png,0.18602519132653061,dark,False,123.38680433678803
RottenApple,rotated_by_15_Screen Shot 2018-06-07 at 2.56.16 PM.png,0.10853794642857142,dark,False,124.40012844545522
RottenApple,rotated_by_15_Screen Shot 2018-06-07 at 2.56.34 PM.png,0.08442283163265306,dark,False,123.20763108769637
RottenApple,rotated_by_15_Screen Shot 2018-06-07 at 2.56.47 PM.png,0.22333386479591838,dark,False,111.71844578318458
RottenApple,rotated_by_15_Screen Shot 2018-06-07 at 2.57.05 PM.png,0.3043686224489796,dark,False,124.43427135065184
RottenApple,rotated_by_15_Screen Shot 2018-06-07 at 2.57.13 PM.png,0.40585140306122447,dark,False,112.36743375366116
RottenApple,rotated_by_15_Screen Shot 2018-06-07 at 2.57.17 PM.png,0.2772241709183674,dark,False,123.7701609432368
RottenApple,rotated_by_15_Screen Shot 2018-06-07 at 2.57.42 PM.png,0.05076132015306122,dark,False,125.45402143275099
RottenApple,rotated_by_15_Screen Shot 2018-06-07 at 2.57.49 PM.png,0.07661033163265306,dark,False,125.33732630297943
RottenApple,rotated_by_15_Screen Shot 2018-06-07 at 2.58.04 PM.png,0.8988161670918368,bright,False,124.69359867404064
RottenApple,rotated_by_15_Screen Shot 2018-06-07 at 2.58.17 PM.png,0.8977598852040817,bright,False,120.99097933790547
RottenApple,rotated_by_15_Screen Shot 2018-06-07 at 2.58.30 PM.png,0.896484375,bright,False,125.30068985783248
RottenApple,rotated_by_15_Screen Shot 2018-06-07 at 2.58.57 PM.png,0.34560347576530615,dark,False,124.97110238899108
RottenApple,rotated_by_15_Screen Shot 2018-06-07 at 2.59.09 PM.png,0.3526985012755102,dark,False,123.97822731836345
RottenApple,rotated_by_15_Screen Shot 2018-06-07 at 2.59.13 PM.png,0.25791214923469385,dark,False,124.44451100130539
RottenApple,rotated_by_15_Screen Shot 2018-06-07 at 2.59.38 PM.png,0.8993343431122449,bright,False,117.37310628130922
RottenApple,rotated_by_15_Screen Shot 2018-06-07 at 3.00.17 PM.png,0.4645846619897959,dark,False,124.94287099772926
RottenApple,rotated_by_15_Screen Shot 2018-06-07 at 3.00.25 PM.png,0.4514907525510204,dark,False,125.48675414441205
RottenApple,rotated_by_15_Screen Shot 2018-06-07 at 3.00.33 PM.png,0.5112005739795918,dark,False,125.5208505520222
RottenApple,rotated_by_15_Screen Shot 2018-06-07 at 3.00.40 PM.png,0.45545679209183676,dark,False,125.13621074157344
RottenApple,rotated_by_15_Screen Shot 2018-06-07 at 3.00.46 PM.png,0.49410076530612246,dark,False,125.53278928409351
RottenApple,rotated_by_15_Screen Shot 2018-06-07 at 3.00.56 PM.png,0.8986367984693877,bright,False,123.59789457680093
RottenApple,rotated_by_15_Screen Shot 2018-06-07 at 3.01.09 PM.png,0.3614078443877551,dark,False,124.85250641186626
RottenApple,rotated_by_15_Screen Shot 2018-06-07 at 3.01.21 PM.png,0.09807477678571429,dark,False,121.06465086933225
RottenApple,rotated_by_15_Screen Shot 2018-06-07 at 3.01.38 PM.png,0.4094188456632653,dark,False,121.56334088937564
RottenApple,rotated_by_15_Screen Shot 2018-06-07 at 3.02.02 PM.png,0.24830596301020408,dark,False,124.27641481852537
RottenApple,rotated_by_15_Screen Shot 2018-06-07 at 3.02.18 PM.png,0.16629464285714285,dark,False,106.55173494672037
RottenApple,rotated_by_15_Screen Shot 2018-06-07 at 3.02.24 PM.png,0.41035554846938777,dark,False,124.07451266539158
RottenApple,rotated_by_15_Screen Shot 2018-06-07 at 3.02.37 PM.png,0.2303890306122449,dark,False,120.78898342593008
RottenApple,rotated_by_15_Screen Shot 2018-06-07 at 3.03.02 PM.png,0.2797154017857143,dark,False,115.11977229660056
RottenApple,rotated_by_15_Screen Shot 2018-06-07 at 3.03.12 PM.png,0.10174186862244898,dark,False,125.38184610627484
RottenApple,rotated_by_15_Screen Shot 2018-06-07 at 3.03.21 PM.png,0.09157764668367346,dark,False,125.22773814627003
RottenApple,rotated_by_15_Screen Shot 2018-06-07 at 3.03.31 PM.png,0.8987165178571429,bright,False,125.4934387587874
RottenApple,rotated_by_15_Screen Shot 2018-06-07 at 3.03.38 PM.png,0.8988958864795918,bright,False,125.46683593574959
RottenApple,rotated_by_15_Screen Shot 2018-06-07 at 3.03.46 PM.png,0.23319913903061223,dark,False,124.59121362434546
RottenApple,rotated_by_15_Screen Shot 2018-06-07 at 3.03.58 PM.png,0.8980588329081632,bright,False,117.41606667888554
RottenApple,rotated_by_15_Screen Shot 2018-06-07 at 3.04.04 PM.png,0.8977997448979592,bright,False,119.86100176083711
RottenApple,rotated_by_15_Screen Shot 2018-06-07 at 3.04.10 PM.png,0.8975805165816326,bright,False,120.9215739184354
RottenApple,rotated_by_15_Screen Shot 2018-06-07 at 3.04.24 PM.png,0.8979591836734694,bright,False,117.88112273558254
RottenApple,rotated_by_15_Screen Shot 2018-06-07 at 3.04.35 PM.png,0.05149872448979592,dark,False,124.45946680414932
RottenApple,rotated_by_15_Screen Shot 2018-06-07 at 3.04.41 PM.png,0.05992904974489796,dark,False,125.38153239549358
RottenApple,rotated_by_15_Screen Shot 2018-06-07 at 3.04.47 PM.png,0.8969826211734694,bright,False,124.04673553546796
RottenApple,rotated_by_15_Screen Shot 2018-06-07 at 3.04.58 PM.png,0.10291772959183673,dark,False,124.62267954762272
RottenApple,rotated_by_15_Screen Shot 2018-06-07 at 3.05.05 PM.png,0.19314014668367346,dark,False,122.6178773059915
RottenApple,rotated_by_15_Screen Shot 2018-06-07 at 3.05.29 PM.png,0.09363042091836735,dark,False,109.2399299114024
RottenApple,rotated_by_15_Screen Shot 2018-06-07 at 3.05.38 PM.png,0.11202566964285714,dark,False,119.12825912793721
RottenApple,rotated_by_15_Screen Shot 2018-06-07 at 3.05.46 PM.png,0.6036352040816326,bright,False,75.70914285301404
RottenApple,rotated_by_15_Screen Shot 2018-06-07 at 3.05.53 PM.png,0.8945910395408163,bright,False,123.93030768610883
RottenApple,rotated_by_15_Screen Shot 2018-06-07 at 3.05.58 PM.png,0.8974808673469388,bright,False,122.97821666841618
RottenApple,rotated_by_15_Screen Shot 2018-06-07 at 3.06.06 PM.png,0.25663663903061223,dark,False,123.01373299424272
RottenApple,rotated_by_15_Screen Shot 2018-06-07 at 3.06.11 PM.png,0.8971221301020408,bright,False,125.46106144383707
RottenApple,rotated_by_15_Screen Shot 2018-06-07 at 3.06.30 PM.png,0.8972815688775511,bright,False,123.10097204565642
RottenApple,rotated_by_15_Screen Shot 2018-06-07 at 3.06.51 PM.png,0.8866390306122449,bright,False,121.50890366506984
RottenApple,rotated_by_15_Screen Shot 2018-06-07 at 3.17.25 PM.png,0.8991151147959183,bright,False,123.2687538451848
RottenApple,rotated_by_15_Screen Shot 2018-06-07 at 3.17.32 PM.png,0.28025350765306123,dark,False,95.25377677706105
RottenApple,rotated_by_15_Screen Shot 2018-06-08 at 2.24.09 PM.png,0.8984972895408163,bright,False,124.3715071814867
RottenApple,rotated_by_15_Screen Shot 2018-06-08 at 2.24.15 PM.png,0.8980189732142857,bright,False,122.6583214182737
RottenApple,rotated_by_15_Screen Shot 2018-06-08 at 2.25.04 PM.png,0.14879623724489796,dark,False,123.64435629798648
RottenApple,rotated_by_15_Screen Shot 2018-06-08 at 2.25.17 PM.png,0.8989556760204082,bright,False,123.62128947864026
RottenApple,rotated_by_15_Screen Shot 2018-06-08 at 2.25.24 PM.png,0.8998525191326531,bright,False,124.90283240180379
RottenApple,rotated_by_15_Screen Shot 2018-06-08 at 2.25.43 PM.png,0.8992944834183674,bright,False,124.78829311141463
RottenApple,rotated_by_15_Screen Shot 2018-06-08 at 2.26.09 PM.png,0.11623086734693877,dark,False,124.41753605267665
RottenApple,rotated_by_15_Screen Shot 2018-06-08 at 2.26.14 PM.png,0.1486766581632653,dark,False,125.45380836218872
RottenApple,rotated_by_15_Screen Shot 2018-06-08 at 2.26.34 PM.png,0.6001474808673469,bright,False,71.81084524211639
RottenApple,rotated_by_15_Screen Shot 2018-06-08 at 2.26.55 PM.png,0.1963488520408163,dark,False,125.46369389749903
RottenApple,rotated_by_15_Screen Shot 2018-06-08 at 2.27.15 PM.png,0.8988360969387755,bright,False,123.84718734559867
RottenApple,rotated_by_15_Screen Shot 2018-06-08 at 2.27.44 PM.png,0.8986965880102041,bright,False,118.50896536185093
RottenApple,rotated_by_15_Screen Shot 2018-06-08 at 2.28.00 PM.png,0.8966637436224489,bright,False,123.2908565896097
RottenApple,rotated_by_15_Screen Shot 2018-06-08 at 2.28.07 PM.png,0.14777981505102042,dark,False,123.24552844611843
RottenApple,rotated_by_15_Screen Shot 2018-06-08 at 2.28.42 PM.png,0.09357063137755102,dark,False,123.92077881470539
RottenApple,rotated_by_15_Screen Shot 2018-06-08 at 2.29.10 PM.png,0.8906449298469388,bright,False,122.98941823153302
RottenApple,rotated_by_15_Screen Shot 2018-06-08 at 2.29.20 PM.png,0.09490593112244898,dark,False,123.74672747281811
RottenApple,rotated_by_15_Screen Shot 2018-06-08 at 2.29.33 PM.png,0.8976403061224489,bright,False,123.03221440767739
RottenApple,rotated_by_15_Screen Shot 2018-06-08 at 2.29.55 PM.png,0.2541454081632653,dark,False,121.56552584339659
RottenApple,rotated_by_15_Screen Shot 2018-06-08 at 2.30.03 PM.png,0.8990353954081632,bright,False,118.8084223764698
RottenApple,rotated_by_15_Screen Shot 2018-06-08 at 2.30.26 PM.png,0.8968630420918368,bright,False,122.5960164262285
RottenApple,rotated_by_15_Screen Shot 2018-06-08 at 2.30.40 PM.png,0.3639987244897959,dark,False,119.20021073549454
RottenApple,rotated_by_15_Screen Shot 2018-06-08 at 2.30.45 PM.png,0.442562181122449,dark,False,119.82033792552944
RottenApple,rotated_by_15_Screen Shot 2018-06-08 at 2.30.51 PM.png,0.13841278698979592,dark,False,119.92846189631302
RottenApple,rotated_by_15_Screen Shot 2018-06-08 at 2.30.57 PM.png,0.33631616709183676,dark,False,120.62246360126481
RottenApple,rotated_by_15_Screen Shot 2018-06-08 at 2.31.03 PM.png,0.1421795280612245,dark,False,123.94687099107212
RottenApple,rotated_by_15_Screen Shot 2018-06-08 at 2.31.08 PM.png,0.4960140306122449,dark,False,123.2832717071363
RottenApple,rotated_by_15_Screen Shot 2018-06-08 at 2.31.16 PM.png,0.05044244260204082,dark,False,124.04343199815685
RottenApple,rotated_by_15_Screen Shot 2018-06-08 at 2.31.23 PM.png,0.34062101403061223,dark,False,120.67604918166639
RottenApple,rotated_by_15_Screen Shot 2018-06-08 at 2.31.33 PM.png,0.08661511479591837,dark,False,125.27918567660738
RottenApple,rotated_by_15_Screen Shot 2018-06-08 at 2.31.45 PM.png,0.8975207270408163,bright,False,124.25071157370957
RottenApple,rotated_by_15_Screen Shot 2018-06-08 at 2.32.42 PM.png,0.8990752551020408,bright,False,119.04847228896931
RottenApple,rotated_by_15_Screen Shot 2018-06-08 at 2.33.28 PM.png,0.29061702806122447,dark,False,116.44408406420193
RottenApple,rotated_by_15_Screen Shot 2018-06-08 at 2.33.49 PM.png,0.20196906887755103,dark,False,125.18825694505897
RottenApple,rotated_by_15_Screen Shot 2018-06-08 at 2.34.05 PM.png,0.8991749043367347,bright,False,122.5465073883613
RottenApple,rotated_by_15_Screen Shot 2018-06-08 at 2.34.42 PM.png,0.8975007971938775,bright,False,117.27867689147742
RottenApple,rotated_by_15_Screen Shot 2018-06-08 at 2.34.47 PM.png,0.8969826211734694,bright,False,124.25592699621933
RottenApple,rotated_by_15_Screen Shot 2018-06-08 at 2.34.51 PM.png,0.8971619897959183,bright,False,113.24218635811523
RottenApple,rotated_by_15_Screen Shot 2018-06-08 at 2.35.03 PM.png,0.8996133609693877,bright,False,124.84424581030066
RottenApple,rotated_by_15_Screen Shot 2018-06-08 at 2.35.10 PM.png,0.10879703443877552,dark,False,118.24117127009909
RottenApple,rotated_by_15_Screen Shot 2018-06-08 at 2.35.25 PM.png,0.07846380739795919,dark,False,124.99126727029416
RottenApple,rotated_by_15_Screen Shot 2018-06-08 at 2.35.32 PM.png,0.1825374681122449,dark,False,123.18770776674887
RottenApple,rotated_by_15_Screen Shot 2018-06-08 at 2.35.37 PM.png,0.05137914540816327,dark,False,123.14321579365982
RottenApple,rotated_by_15_Screen Shot 2018-06-08 at 2.36.01 PM.png,0.8970424107142857,bright,False,124.5737522384065
RottenApple,rotated_by_15_Screen Shot 2018-06-08 at 2.36.18 PM.png,0.10471141581632654,dark,False,123.74241522445959
RottenApple,rotated_by_15_Screen Shot 2018-06-08 at 2.36.23 PM.png,0.14512914540816327,dark,False,120.34129896113423
RottenApple,rotated_by_15_Screen Shot 2018-06-08 at 2.36.55 PM.png,0.8997927295918368,bright,False,124.3199138054327
RottenApple,rotated_by_15_Screen Shot 2018-06-08 at 2.37.03 PM.png,0.8976602359693877,bright,False,122.96284015662535
RottenApple,rotated_by_15_Screen Shot 2018-06-08 at 2.37.13 PM.png,0.09618144132653061,dark,False,122.55814057901323
RottenApple,rotated_by_15_Screen Shot 2018-06-08 at 2.37.19 PM.png,0.4207389987244898,dark,False,125.23565312600192
RottenApple,rotated_by_15_Screen Shot 2018-06-08 at 2.37.53 PM.png,0.897102200255102,bright,False,125.11043348850758
RottenApple,rotated_by_15_Screen Shot 2018-06-08 at 2.38.08 PM.png,0.5700135522959183,dark,False,123.91806874227443
RottenApple,rotated_by_15_Screen Shot 2018-06-08 at 2.38.33 PM.png,0.8996930803571429,bright,False,125.33475870071584
RottenApple,rotated_by_15_Screen Shot 2018-06-08 at 2.38.47 PM.png,0.13351004464285715,dark,False,121.4782755191962
RottenApple,rotated_by_15_Screen Shot 2018-06-08 at 2.38.54 PM.png,0.08571827168367346,dark,False,125.09239426786301
RottenApple,rotated_by_15_Screen Shot 2018-06-08 at 2.39.02 PM.png,0.4387157206632653,dark,False,125.44684407438734
RottenApple,rotated_by_15_Screen Shot 2018-06-08 at 2.39.21 PM.png,0.13187579719387754,dark,False,123.65699416971195
RottenApple,rotated_by_15_Screen Shot 2018-06-08 at 2.39.26 PM.png,0.123046875,dark,False,121.39763465872731
RottenApple,rotated_by_15_Screen Shot 2018-06-08 at 2.39.35 PM.png,0.10138313137755102,dark,False,120.55222006050015
RottenApple,rotated_by_15_Screen Shot 2018-06-08 at 2.39.51 PM.png,0.8982182716836735,bright,False,123.12257515504105
RottenApple,rotated_by_15_Screen Shot 2018-06-08 at 2.40.09 PM.png,0.8957868303571429,bright,False,121.66405168794967
RottenApple,rotated_by_15_Screen Shot 2018-06-08 at 2.40.13 PM.png,0.18486926020408162,dark,False,125.0333274857173
RottenApple,rotated_by_15_Screen Shot 2018-06-08 at 2.40.38 PM.png,0.8975406568877551,bright,False,124.25764769087228
RottenApple,rotated_by_15_Screen Shot 2018-06-08 at 2.40.46 PM.png,0.8983976403061225,bright,False,123.34789298719782
RottenApple,rotated_by_15_Screen Shot 2018-06-08 at 2.40.56 PM.png,0.8983179209183674,bright,False,123.06701611365611
RottenApple,rotated_by_15_Screen Shot 2018-06-08 at 2.41.16 PM.png,0.2265027104591837,dark,False,125.23274041165706
RottenApple,rotated_by_15_Screen Shot 2018-06-08 at 2.41.39 PM.png,0.05377072704081633,dark,False,123.82660887230283
RottenApple,rotated_by_15_Screen Shot 2018-06-08 at 2.41.44 PM.png,0.1584422831632653,dark,False,125.39859935621053
RottenApple,rotated_by_15_Screen Shot 2018-06-08 at 2.41.54 PM.png,0.4909717793367347,dark,False,117.38384269769809
RottenApple,rotated_by_15_Screen Shot 2018-06-08 at 2.42.06 PM.png,0.30313297193877553,dark,False,123.50529471811689
RottenApple,rotated_by_15_Screen Shot 2018-06-08 at 2.42.22 PM.png,0.051877391581632654,dark,False,125.42863853961624
RottenApple,rotated_by_15_Screen Shot 2018-06-08 at 2.42.30 PM.png,0.10168207908163265,dark,False,124.03616164939835
RottenApple,rotated_by_15_Screen Shot 2018-06-08 at 2.42.38 PM.png,0.11872209821428571,dark,False,123.71420950803599
RottenApple,rotated_by_15_Screen Shot 2018-06-08 at 2.42.52 PM.png,0.21314971301020408,dark,False,122.77137672129639
RottenApple,rotated_by_15_Screen Shot 2018-06-08 at 2.42.58 PM.png,0.06816007653061225,dark,False,125.39984401749724
RottenApple,rotated_by_15_Screen Shot 2018-06-08 at 2.43.29 PM.png,0.10447225765306123,dark,False,50.162256135107306
RottenApple,rotated_by_15_Screen Shot 2018-06-08 at 2.43.54 PM.png,0.9004902742346939,bright,False,125.07650939235926
RottenApple,rotated_by_15_Screen Shot 2018-06-08 at 2.44.13 PM.png,0.15092873086734693,dark,False,116.98411954456469
RottenApple,rotated_by_15_Screen Shot 2018-06-08 at 2.44.54 PM.png,0.1921436543367347,dark,False,122.39858263435671
RottenApple,rotated_by_15_Screen Shot 2018-06-08 at 2.45.05 PM.png,0.8990752551020408,bright,False,125.02619610463124
RottenApple,rotated_by_15_Screen Shot 2018-06-08 at 2.45.44 PM.png,0.7236926020408163,bright,False,73.33286327059248
RottenApple,rotated_by_15_Screen Shot 2018-06-08 at 2.45.50 PM.png,0.08502072704081633,dark,False,83.40060135500279
RottenApple,rotated_by_15_Screen Shot 2018-06-08 at 2.45.58 PM.png,0.5720463966836735,bright,False,72.67069752790742
RottenApple,rotated_by_15_Screen Shot 2018-06-08 at 2.46.08 PM.png,0.9002311862244898,bright,False,125.30218957573891
RottenApple,rotated_by_15_Screen Shot 2018-06-08 at 2.46.25 PM.png,0.08193160076530612,dark,False,111.28184883710003
RottenApple,rotated_by_15_Screen Shot 2018-06-08 at 2.46.36 PM.png,0.8989357461734694,bright,False,125.11969676360509
RottenApple,rotated_by_15_Screen Shot 2018-06-08 at 2.46.50 PM.png,0.8974210778061225,bright,False,125.32247843092141
RottenApple,rotated_by_15_Screen Shot 2018-06-08 at 2.47.03 PM.png,0.8982979910714286,bright,False,123.26760497122376
RottenApple,rotated_by_15_Screen Shot 2018-06-08 at 2.47.09 PM.png,0.8966039540816326,bright,False,125.11559731916232
RottenApple,rotated_by_15_Screen Shot 2018-06-08 at 2.47.30 PM.png,0.8994738520408163,bright,False,123.61577664968115
RottenApple,rotated_by_15_Screen Shot 2018-06-08 at 2.47.37 PM.png,0.8975805165816326,bright,False,122.54103574964667
RottenApple,rotated_by_15_Screen Shot 2018-06-08 at 2.47.49 PM.png,0.8597138073979592,bright,False,99.61426124963701
RottenApple,rotated_by_15_Screen Shot 2018-06-08 at 2.48.00 PM.png,0.07914142219387756,dark,False,124.44742092777885
RottenApple,rotated_by_15_Screen Shot 2018-06-08 at 2.48.09 PM.png,0.2651865433673469,dark,False,123.54151372261498
RottenApple,rotated_by_15_Screen Shot 2018-06-08 at 2.48.29 PM.png,0.8974210778061225,bright,False,101.52615216606648
RottenApple,rotated_by_15_Screen Shot 2018-06-08 at 2.48.43 PM.png,0.8989955357142857,bright,False,123.71221286948874
RottenApple,rotated_by_15_Screen Shot 2018-06-08 at 2.48.52 PM.png,0.2523915816326531,dark,False,125.24658514235307
RottenApple,rotated_by_15_Screen Shot 2018-06-08 at 2.49.27 PM.png,0.23166454081632654,dark,False,123.3881994632955
RottenApple,rotated_by_15_Screen Shot 2018-06-08 at 2.49.40 PM.png,0.21332908163265307,dark,False,125.42232685479239
RottenApple,rotated_by_15_Screen Shot 2018-06-08 at 2.50.14 PM.png,0.8981983418367347,bright,False,122.34946978651296
RottenApple,rotated_by_15_Screen Shot 2018-06-08 at 2.50.25 PM.png,0.23497289540816327,dark,False,117.10657545915524
RottenApple,rotated_by_15_Screen Shot 2018-06-08 at 2.50.38 PM.png,0.11969866071428571,dark,False,121.50250768312753
RottenApple,rotated_by_15_Screen Shot 2018-06-08 at 2.50.49 PM.png,0.12093431122448979,dark,False,120.67013423103147
RottenApple,rotated_by_15_Screen Shot 2018-06-08 at 2.50.55 PM.png,0.15124760841836735,dark,False,123.61555503173723
RottenApple,rotated_by_15_Screen Shot 2018-06-08 at 2.51.09 PM.png,0.1979033801020408,dark,False,122.67632013343838
RottenApple,rotated_by_15_Screen Shot 2018-06-08 at 2.51.28 PM.png,0.8989357461734694,bright,False,122.96729012631931
RottenApple,rotated_by_15_Screen Shot 2018-06-08 at 2.51.43 PM.png,0.8594945790816326,bright,False,77.7058441300859
RottenApple,rotated_by_15_Screen Shot 2018-06-08 at 2.51.55 PM.png,0.8998923788265306,bright,False,125.30802435993242
RottenApple,rotated_by_15_Screen Shot 2018-06-08 at 2.52.05 PM.png,0.21976642219387754,dark,False,125.49685820631949
RottenApple,rotated_by_15_Screen Shot 2018-06-08 at 2.52.20 PM.png,0.897102200255102,bright,False,123.21733294075982
RottenApple,rotated_by_15_Screen Shot 2018-06-08 at 2.52.43 PM.png,0.06883769132653061,dark,False,122.22895783046376
RottenApple,rotated_by_15_Screen Shot 2018-06-08 at 2.52.57 PM.png,0.8971619897959183,bright,False,122.13781837542238
RottenApple,rotated_by_15_Screen Shot 2018-06-08 at 2.53.14 PM.png,0.8995137117346939,bright,False,125.25281157319927
RottenApple,rotated_by_30_Screen Shot 2018-06-07 at 2.15.20 PM.png,0.8451650191326531,bright,False,122.22001200264485
RottenApple,rotated_by_30_Screen Shot 2018-06-07 at 2.15.34 PM.png,0.8439094387755102,bright,False,126.08987329891254
RottenApple,rotated_by_30_Screen Shot 2018-06-07 at 2.15.50 PM.png,0.8459622130102041,bright,False,115.80608137276268
RottenApple,rotated_by_30_Screen Shot 2018-06-07 at 2.16.18 PM.png,0.8455237563775511,bright,False,125.7295645758728
RottenApple,rotated_by_30_Screen Shot 2018-06-07 at 2.16.41 PM.png,0.8453045280612245,bright,False,124.77373192138079
RottenApple,rotated_by_30_Screen Shot 2018-06-07 at 2.16.54 PM.png,0.050502232142857144,dark,False,125.40164071821482
RottenApple,rotated_by_30_Screen Shot 2018-06-07 at 2.17.15 PM.png,0.8434909119897959,bright,False,123.19209252980198
RottenApple,rotated_by_30_Screen Shot 2018-06-07 at 2.17.25 PM.png,0.8440090880102041,bright,False,124.60537564635082
RottenApple,rotated_by_30_Screen Shot 2018-06-07 at 2.18.13 PM.png,0.051080197704081634,dark,False,125.07579779764808
RottenApple,rotated_by_30_Screen Shot 2018-06-07 at 2.18.57 PM.png,0.8452845982142857,bright,False,120.17957946949811
RottenApple,rotated_by_30_Screen Shot 2018-06-07 at 2.19.15 PM.png,0.84765625,bright,False,122.00994945460495
RottenApple,rotated_by_30_Screen Shot 2018-06-07 at 2.19.37 PM.png,0.07589285714285714,dark,False,126.57569545569571
RottenApple,rotated_by_30_Screen Shot 2018-06-07 at 2.20.04 PM.png,0.37814891581632654,dark,False,124.56930665749748
RottenApple,rotated_by_30_Screen Shot 2018-06-07 at 2.20.29 PM.png,0.8453045280612245,bright,False,125.8440682903522
RottenApple,rotated_by_30_Screen Shot 2018-06-07 at 2.20.34 PM.png,0.845344387755102,bright,False,125.49525369594681
RottenApple,rotated_by_30_Screen Shot 2018-06-07 at 2.20.56 PM.png,0.07053172831632654,dark,False,121.58539435960046
RottenApple,rotated_by_30_Screen Shot 2018-06-07 at 2.21.09 PM.png,0.8440290178571429,bright,False,124.31256789350556
RottenApple,rotated_by_30_Screen Shot 2018-06-07 at 2.22.00 PM.png,0.8451450892857143,bright,False,123.13992047646819
RottenApple,rotated_by_30_Screen Shot 2018-06-07 at 2.22.39 PM.png,0.8430325255102041,bright,False,123.92500399064674
RottenApple,rotated_by_30_Screen Shot 2018-06-07 at 2.23.24 PM.png,0.8441286670918368,bright,False,118.87579318448356
RottenApple,rotated_by_30_Screen Shot 2018-06-07 at 2.23.40 PM.png,0.8455835459183674,bright,False,123.28307329727129
RottenApple,rotated_by_30_Screen Shot 2018-06-07 at 2.23.51 PM.png,0.8445870535714286,bright,False,124.05143520251595
RottenApple,rotated_by_30_Screen Shot 2018-06-07 at 2.24.02 PM.png,0.09430803571428571,dark,False,117.76795321341599
RottenApple,rotated_by_30_Screen Shot 2018-06-07 at 2.24.35 PM.png,0.1386120854591837,dark,False,120.9676446885782
RottenApple,rotated_by_30_Screen Shot 2018-06-07 at 2.24.47 PM.png,0.8447066326530612,bright,False,126.31090984081528
RottenApple,rotated_by_30_Screen Shot 2018-06-07 at 2.24.59 PM.png,0.8359972895408163,bright,False,117.7315927182213
RottenApple,rotated_by_30_Screen Shot 2018-06-07 at 2.25.26 PM.png,0.8439094387755102,bright,False,120.88259774276601
RottenApple,rotated_by_30_Screen Shot 2018-06-07 at 2.31.43 PM.png,0.8454241071428571,bright,False,124.90525939256212
RottenApple,rotated_by_30_Screen Shot 2018-06-07 at 2.31.59 PM.png,0.8449856505102041,bright,False,123.78809879314802
RottenApple,rotated_by_30_Screen Shot 2018-06-07 at 2.33.38 PM.png,0.09711814413265306,dark,False,112.46651154631228
RottenApple,rotated_by_30_Screen Shot 2018-06-07 at 2.33.47 PM.png,0.05113998724489796,dark,False,125.4769701010192
RottenApple,rotated_by_30_Screen Shot 2018-06-07 at 2.34.18 PM.png,0.1509685905612245,dark,False,120.35018865397728
RottenApple,rotated_by_30_Screen Shot 2018-06-07 at 2.34.36 PM.png,0.8445870535714286,bright,False,115.74455548364705
RottenApple,rotated_by_30_Screen Shot 2018-06-07 at 2.34.49 PM.png,0.8454639668367347,bright,False,126.10072837489861
RottenApple,rotated_by_30_Screen Shot 2018-06-07 at 2.35.10 PM.png,0.842414700255102,bright,False,123.92920048038032
RottenApple,rotated_by_30_Screen Shot 2018-06-07 at 2.35.21 PM.png,0.05333227040816327,dark,False,117.10820024346954
RottenApple,rotated_by_30_Screen Shot 2018-06-07 at 2.35.38 PM.png,0.8430923150510204,bright,False,121.26254217829029
RottenApple,rotated_by_30_Screen Shot 2018-06-07 at 2.36.06 PM.png,0.8432716836734694,bright,False,119.16011502866581
RottenApple,rotated_by_30_Screen Shot 2018-06-07 at 2.37.01 PM.png,0.8442482461734694,bright,False,125.26008114454014
RottenApple,rotated_by_30_Screen Shot 2018-06-07 at 2.37.20 PM.png,0.13490513392857142,dark,False,119.10713949284538
RottenApple,rotated_by_30_Screen Shot 2018-06-07 at 2.37.32 PM.png,0.8449856505102041,bright,False,122.14843501315845
RottenApple,rotated_by_30_Screen Shot 2018-06-07 at 2.37.43 PM.png,0.8425542091836735,bright,False,118.36713010104715
RottenApple,rotated_by_30_Screen Shot 2018-06-07 at 2.37.53 PM.png,0.07387994260204081,dark,False,126.60764088294667
RottenApple,rotated_by_30_Screen Shot 2018-06-07 at 2.38.04 PM.png,0.08934550382653061,dark,False,124.79196812095059
RottenApple,rotated_by_30_Screen Shot 2018-06-07 at 2.38.13 PM.png,0.845344387755102,bright,False,125.9566838113455
RottenApple,rotated_by_30_Screen Shot 2018-06-07 at 2.38.28 PM.png,0.8455237563775511,bright,False,126.31131379495355
RottenApple,rotated_by_30_Screen Shot 2018-06-07 at 2.38.38 PM.png,0.06226084183673469,dark,False,121.20304085879495
RottenApple,rotated_by_30_Screen Shot 2018-06-07 at 2.38.59 PM.png,0.8449258609693877,bright,False,125.65931447283663
RottenApple,rotated_by_30_Screen Shot 2018-06-07 at 2.39.20 PM.png,0.8455835459183674,bright,False,123.53398706984245
RottenApple,rotated_by_30_Screen Shot 2018-06-07 at 2.39.26 PM.png,0.8453045280612245,bright,False,126.62328153762628
RottenApple,rotated_by_30_Screen Shot 2018-06-07 at 2.39.35 PM.png,0.8453045280612245,bright,False,123.12970577107119
RottenApple,rotated_by_30_Screen Shot 2018-06-07 at 2.39.44 PM.png,0.053830516581632654,dark,False,122.37156854866639
RottenApple,rotated_by_30_Screen Shot 2018-06-07 at 2.39.53 PM.png,0.051877391581632654,dark,False,126.10931784871373
RottenApple,rotated_by_30_Screen Shot 2018-06-07 at 2.40.00 PM.png,0.33322704081632654,dark,False,125.90060719289693
RottenApple,rotated_by_30_Screen Shot 2018-06-07 at 2.40.13 PM.png,0.8443080357142857,bright,False,120.33507220724273
RottenApple,rotated_by_30_Screen Shot 2018-06-07 at 2.40.28 PM.png,0.2730189732142857,dark,False,124.4215485649879
RottenApple,rotated_by_30_Screen Shot 2018-06-07 at 2.41.07 PM.png,0.07712850765306123,dark,False,115.93160911983027
RottenApple,rotated_by_30_Screen Shot 2018-06-07 at 2.41.14 PM.png,0.06674505739795919,dark,False,116.27248810991317
RottenApple,rotated_by_30_Screen Shot 2018-06-07 at 2.41.23 PM.png,0.058494100765306124,dark,False,117.28287263061186
RottenApple,rotated_by_30_Screen Shot 2018-06-07 at 2.41.32 PM.png,0.8465202487244898,bright,False,126.60267915359832
RottenApple,rotated_by_30_Screen Shot 2018-06-07 at 2.42.18 PM.png,0.052853954081632654,dark,False,117.97210348810306
RottenApple,rotated_by_30_Screen Shot 2018-06-07 at 2.42.37 PM.png,0.8435307716836735,bright,False,113.32951784060246
RottenApple,rotated_by_30_Screen Shot 2018-06-07 at 2.42.58 PM.png,0.1588408801020408,dark,False,121.82093751995718
RottenApple,rotated_by_30_Screen Shot 2018-06-07 at 2.43.07 PM.png,0.1530811543367347,dark,False,120.26061450688344
RottenApple,rotated_by_30_Screen Shot 2018-06-07 at 2.43.13 PM.png,0.23238201530612246,dark,False,117.38291446332137
RottenApple,rotated_by_30_Screen Shot 2018-06-07 at 2.43.34 PM.png,0.16260762117346939,dark,False,124.62264260528445
RottenApple,rotated_by_30_Screen Shot 2018-06-07 at 2.43.48 PM.png,0.8427933673469388,bright,False,125.92795373894198
RottenApple,rotated_by_30_Screen Shot 2018-06-07 at 2.43.54 PM.png,0.07912149234693877,dark,False,122.23062257983635
RottenApple,rotated_by_30_Screen Shot 2018-06-07 at 2.44.05 PM.png,0.14202008928571427,dark,False,95.42575435998901
RottenApple,rotated_by_30_Screen Shot 2018-06-07 at 2.44.26 PM.png,0.10411352040816327,dark,False,101.79265453456388
RottenApple,rotated_by_30_Screen Shot 2018-06-07 at 2.44.36 PM.png,0.844367825255102,bright,False,109.62990124626499
RottenApple,rotated_by_30_Screen Shot 2018-06-07 at 2.44.51 PM.png,0.05072146045918367,dark,False,114.23127664413016
RottenApple,rotated_by_30_Screen Shot 2018-06-07 at 2.44.59 PM.png,0.8454639668367347,bright,False,124.73140339426715
RottenApple,rotated_by_30_Screen Shot 2018-06-07 at 2.45.09 PM.png,0.8451650191326531,bright,False,115.85434059448134
RottenApple,rotated_by_30_Screen Shot 2018-06-07 at 2.45.18 PM.png,0.839225924744898,bright,False,116.20394163617966
RottenApple,rotated_by_30_Screen Shot 2018-06-07 at 2.45.35 PM.png,0.05040258290816327,dark,False,124.06601723755409
RottenApple,rotated_by_30_Screen Shot 2018-06-07 at 2.45.55 PM.png,0.8446269132653061,bright,False,126.44880154934344
RottenApple,rotated_by_30_Screen Shot 2018-06-07 at 2.46.12 PM.png,0.05056202168367347,dark,False,126.37748624032507
RottenApple,rotated_by_30_Screen Shot 2018-06-07 at 2.46.22 PM.png,0.8433115433673469,bright,False,125.73264072704694
RottenApple,rotated_by_30_Screen Shot 2018-06-07 at 2.46.32 PM.png,0.8449059311224489,bright,False,124.72543320961114
RottenApple,rotated_by_30_Screen Shot 2018-06-07 at 2.46.43 PM.png,0.8443877551020408,bright,False,107.13081975349392
RottenApple,rotated_by_30_Screen Shot 2018-06-07 at 2.46.52 PM.png,0.8439891581632653,bright,False,123.18379942164881
RottenApple,rotated_by_30_Screen Shot 2018-06-07 at 2.47.01 PM.png,0.8445471938775511,bright,False,117.10580260570195
RottenApple,rotated_by_30_Screen Shot 2018-06-07 at 2.47.13 PM.png,0.8448660714285714,bright,False,117.21594879501515
RottenApple,rotated_by_30_Screen Shot 2018-06-07 at 2.47.20 PM.png,0.8463010204081632,bright,False,111.96761834003496
RottenApple,rotated_by_30_Screen Shot 2018-06-07 at 2.47.27 PM.png,0.05155851403061224,dark,False,113.43256359944404
RottenApple,rotated_by_30_Screen Shot 2018-06-07 at 2.47.35 PM.png,0.8451052295918368,bright,False,117.6670198164649
RottenApple,rotated_by_30_Screen Shot 2018-06-07 at 2.47.50 PM.png,0.8446867028061225,bright,False,118.62421667545586
RottenApple,rotated_by_30_Screen Shot 2018-06-07 at 2.50.09 PM.png,0.8444674744897959,bright,False,126.51796074544961
RottenApple,rotated_by_30_Screen Shot 2018-06-07 at 2.50.43 PM.png,0.05219626913265306,dark,False,96.33519898734352
RottenApple,rotated_by_30_Screen Shot 2018-06-07 at 2.50.52 PM.png,0.05076132015306122,dark,False,85.0704485768825
RottenApple,rotated_by_30_Screen Shot 2018-06-07 at 2.51.01 PM.png,0.8436902104591837,bright,False,126.55977867928281
RottenApple,rotated_by_30_Screen Shot 2018-06-07 at 2.51.08 PM.png,0.8434311224489796,bright,False,125.52766757528808
RottenApple,rotated_by_30_Screen Shot 2018-06-07 at 2.51.16 PM.png,0.8395647321428571,bright,False,123.78161366301833
RottenApple,rotated_by_30_Screen Shot 2018-06-07 at 2.51.37 PM.png,0.06489158163265306,dark,False,125.10889467827444
RottenApple,rotated_by_30_Screen Shot 2018-06-07 at 2.51.45 PM.png,0.05239556760204082,dark,False,123.34357479412559
RottenApple,rotated_by_30_Screen Shot 2018-06-07 at 2.52.09 PM.png,0.1330516581632653,dark,False,119.13800153285707
RottenApple,rotated_by_30_Screen Shot 2018-06-07 at 2.52.22 PM.png,0.842155612244898,bright,False,122.9151183911212
RottenApple,rotated_by_30_Screen Shot 2018-06-07 at 2.53.57 PM.png,0.845085299744898,bright,False,123.25114269550544
RottenApple,rotated_by_30_Screen Shot 2018-06-07 at 2.54.08 PM.png,0.2134685905612245,dark,False,125.34607711796046
RottenApple,rotated_by_30_Screen Shot 2018-06-07 at 2.54.41 PM.png,0.8422353316326531,bright,False,109.34632689149164
RottenApple,rotated_by_30_Screen Shot 2018-06-07 at 2.54.49 PM.png,0.15949856505102042,dark,False,126.65914867202589
RottenApple,rotated_by_30_Screen Shot 2018-06-07 at 2.56.34 PM.png,0.8451052295918368,bright,False,122.56914350930572
RottenApple,rotated_by_30_Screen Shot 2018-06-07 at 2.56.47 PM.png,0.12818877551020408,dark,False,111.12369135975202
RottenApple,rotated_by_30_Screen Shot 2018-06-07 at 2.57.05 PM.png,0.29025829081632654,dark,False,125.95767378159228
RottenApple,rotated_by_30_Screen Shot 2018-06-07 at 2.57.13 PM.png,0.4099170918367347,dark,False,111.92684108204945
RottenApple,rotated_by_30_Screen Shot 2018-06-07 at 2.57.26 PM.png,0.13737643494897958,dark,False,121.43688762554764
RottenApple,rotated_by_30_Screen Shot 2018-06-07 at 2.57.42 PM.png,0.050502232142857144,dark,False,126.65903150410948
RottenApple,rotated_by_30_Screen Shot 2018-06-07 at 2.57.49 PM.png,0.06640625,dark,False,126.58638510517007
RottenApple,rotated_by_30_Screen Shot 2018-06-07 at 2.58.04 PM.png,0.8453045280612245,bright,False,125.84595002966431
RottenApple,rotated_by_30_Screen Shot 2018-06-07 at 2.58.17 PM.png,0.8442881058673469,bright,False,120.99950253615202
RottenApple,rotated_by_30_Screen Shot 2018-06-07 at 2.58.30 PM.png,0.05149872448979592,dark,False,125.68890110741397
RottenApple,rotated_by_30_Screen Shot 2018-06-07 at 2.58.57 PM.png,0.8440290178571429,bright,False,125.80273461150244
RottenApple,rotated_by_30_Screen Shot 2018-06-07 at 2.59.13 PM.png,0.17629942602040816,dark,False,125.16109980076222
RottenApple,rotated_by_30_Screen Shot 2018-06-07 at 2.59.23 PM.png,0.23728475765306123,dark,False,124.23353433272013
RottenApple,rotated_by_30_Screen Shot 2018-06-07 at 2.59.38 PM.png,0.8456632653061225,bright,False,117.50305059802248
RottenApple,rotated_by_30_Screen Shot 2018-06-07 at 2.59.52 PM.png,0.26450892857142855,dark,False,119.29980320872401
RottenApple,rotated_by_30_Screen Shot 2018-06-07 at 3.00.00 PM.png,0.12976323341836735,dark,False,112.58405008923353
RottenApple,rotated_by_30_Screen Shot 2018-06-07 at 3.00.17 PM.png,0.43429129464285715,dark,False,124.97867533579144
RottenApple,rotated_by_30_Screen Shot 2018-06-07 at 3.00.25 PM.png,0.4387954400510204,dark,False,126.66933649651286
RottenApple,rotated_by_30_Screen Shot 2018-06-07 at 3.00.33 PM.png,0.5039261798469388,dark,False,126.67947523543751
RottenApple,rotated_by_30_Screen Shot 2018-06-07 at 3.00.40 PM.png,0.45527742346938777,dark,False,125.51360122123238
RottenApple,rotated_by_30_Screen Shot 2018-06-07 at 3.00.46 PM.png,0.4866270727040816,dark,False,126.67399717220833
RottenApple,rotated_by_30_Screen Shot 2018-06-07 at 3.01.09 PM.png,0.3456234056122449,dark,False,126.1872859026111
RottenApple,rotated_by_30_Screen Shot 2018-06-07 at 3.01.21 PM.png,0.058274872448979595,dark,False,122.30819830450936
RottenApple,rotated_by_30_Screen Shot 2018-06-07 at 3.02.02 PM.png,0.22014508928571427,dark,False,125.07822942546524
RottenApple,rotated_by_30_Screen Shot 2018-06-07 at 3.02.18 PM.png,0.13693797831632654,dark,False,107.44331718545713
RottenApple,rotated_by_30_Screen Shot 2018-06-07 at 3.02.24 PM.png,0.8464405293367347,bright,False,125.14958410627953
RottenApple,rotated_by_30_Screen Shot 2018-06-07 at 3.02.37 PM.png,0.22283561862244897,dark,False,121.35659487803103
RottenApple,rotated_by_30_Screen Shot 2018-06-07 at 3.02.51 PM.png,0.8445671237244898,bright,False,123.10567403597226
RottenApple,rotated_by_30_Screen Shot 2018-06-07 at 3.03.02 PM.png,0.1413624043367347,dark,False,113.0932977590458
RottenApple,rotated_by_30_Screen Shot 2018-06-07 at 3.03.12 PM.png,0.09751674107142858,dark,False,126.58892475595745
RottenApple,rotated_by_30_Screen Shot 2018-06-07 at 3.03.21 PM.png,0.08876753826530612,dark,False,126.34761005539053
RottenApple,rotated_by_30_Screen Shot 2018-06-07 at 3.03.31 PM.png,0.8452447385204082,bright,False,126.68003795822597
RottenApple,rotated_by_30_Screen Shot 2018-06-07 at 3.03.38 PM.png,0.8454838966836735,bright,False,126.66367258309934
RottenApple,rotated_by_30_Screen Shot 2018-06-07 at 3.03.46 PM.png,0.08539939413265306,dark,False,124.92023157194656
RottenApple,rotated_by_30_Screen Shot 2018-06-07 at 3.03.58 PM.png,0.8452447385204082,bright,False,116.09782344354106
RottenApple,rotated_by_30_Screen Shot 2018-06-07 at 3.04.04 PM.png,0.8445073341836735,bright,False,120.38532299412753
RottenApple,rotated_by_30_Screen Shot 2018-06-07 at 3.04.10 PM.png,0.8440090880102041,bright,False,121.19658463197182
RottenApple,rotated_by_30_Screen Shot 2018-06-07 at 3.04.24 PM.png,0.8446069834183674,bright,False,117.93791156866041
RottenApple,rotated_by_30_Screen Shot 2018-06-07 at 3.04.47 PM.png,0.053631218112244895,dark,False,125.00608213373839
RottenApple,rotated_by_30_Screen Shot 2018-06-07 at 3.05.05 PM.png,0.11908083545918367,dark,False,123.91954404366841
RottenApple,rotated_by_30_Screen Shot 2018-06-07 at 3.05.13 PM.png,0.8464405293367347,bright,False,124.25488674075827
RottenApple,rotated_by_30_Screen Shot 2018-06-07 at 3.05.29 PM.png,0.8419363839285714,bright,False,108.64339216251325
RottenApple,rotated_by_30_Screen Shot 2018-06-07 at 3.05.58 PM.png,0.8427734375,bright,False,123.01100596537681
RottenApple,rotated_by_30_Screen Shot 2018-06-07 at 3.06.11 PM.png,0.8433115433673469,bright,False,126.46609083722963
RottenApple,rotated_by_30_Screen Shot 2018-06-07 at 3.06.22 PM.png,0.18797831632653061,dark,False,121.91963361354387
RottenApple,rotated_by_30_Screen Shot 2018-06-07 at 3.06.30 PM.png,0.8419961734693877,bright,False,121.34129461255948
RottenApple,rotated_by_30_Screen Shot 2018-06-07 at 3.06.51 PM.png,0.05580357142857143,dark,False,120.53169978232275
RottenApple,rotated_by_30_Screen Shot 2018-06-08 at 2.21.33 PM.png,0.844108737244898,bright,False,124.90100455846944
RottenApple,rotated_by_30_Screen Shot 2018-06-08 at 2.23.40 PM.png,0.8440090880102041,bright,False,126.61766861357042
RottenApple,rotated_by_30_Screen Shot 2018-06-08 at 2.23.48 PM.png,0.05113998724489796,dark,False,124.79125191857746
RottenApple,rotated_by_30_Screen Shot 2018-06-08 at 2.24.15 PM.png,0.8450055803571429,bright,False,124.50416312645568
RottenApple,rotated_by_30_Screen Shot 2018-06-08 at 2.24.31 PM.png,0.8423748405612245,bright,False,124.22395462256839
RottenApple,rotated_by_30_Screen Shot 2018-06-08 at 2.24.37 PM.png,0.8454639668367347,bright,False,124.01619638848922
RottenApple,rotated_by_30_Screen Shot 2018-06-08 at 2.24.46 PM.png,0.8451052295918368,bright,False,120.08010003066137
RottenApple,rotated_by_30_Screen Shot 2018-06-08 at 2.25.04 PM.png,0.054767219387755105,dark,False,125.12391502695012
RottenApple,rotated_by_30_Screen Shot 2018-06-08 at 2.25.17 PM.png,0.8447664221938775,bright,False,124.31695465142367
RottenApple,rotated_by_30_Screen Shot 2018-06-08 at 2.25.24 PM.png,0.8462412308673469,bright,False,126.17641463120886
RottenApple,rotated_by_30_Screen Shot 2018-06-08 at 2.25.43 PM.png,0.8457828443877551,bright,False,125.20979200246757
RottenApple,rotated_by_30_Screen Shot 2018-06-08 at 2.26.09 PM.png,0.08426339285714286,dark,False,125.6399463604201
RottenApple,rotated_by_30_Screen Shot 2018-06-08 at 2.26.14 PM.png,0.050661670918367346,dark,False,126.65652825670061
RottenApple,rotated_by_30_Screen Shot 2018-06-08 at 2.26.34 PM.png,0.6137595663265306,bright,False,71.5538531242921
RottenApple,rotated_by_30_Screen Shot 2018-06-08 at 2.26.55 PM.png,0.16810825892857142,dark,False,126.67209042054117
RottenApple,rotated_by_30_Screen Shot 2018-06-08 at 2.27.44 PM.png,0.8451052295918368,bright,False,118.27160864987353
RottenApple,rotated_by_30_Screen Shot 2018-06-08 at 2.28.00 PM.png,0.8439891581632653,bright,False,124.9876361721684
RottenApple,rotated_by_30_Screen Shot 2018-06-08 at 2.28.07 PM.png,0.8424545599489796,bright,False,124.88594837223455
RottenApple,rotated_by_30_Screen Shot 2018-06-08 at 2.28.12 PM.png,0.09428810586734694,dark,False,125.74781026630467
RottenApple,rotated_by_30_Screen Shot 2018-06-08 at 2.28.42 PM.png,0.8417171556122449,bright,False,125.35635256201128
RottenApple,rotated_by_30_Screen Shot 2018-06-08 at 2.29.10 PM.png,0.05058195153061224,dark,False,124.02881872068588
RottenApple,rotated_by_30_Screen Shot 2018-06-08 at 2.29.20 PM.png,0.054189253826530615,dark,False,125.1818771589323
RottenApple,rotated_by_30_Screen Shot 2018-06-08 at 2.29.33 PM.png,0.8427933673469388,bright,False,124.74381490462169
RottenApple,rotated_by_30_Screen Shot 2018-06-08 at 2.29.55 PM.png,0.2408721301020408,dark,False,121.14132065152963
RottenApple,rotated_by_30_Screen Shot 2018-06-08 at 2.30.26 PM.png,0.053033322704081634,dark,False,122.61761146297097
RottenApple,rotated_by_30_Screen Shot 2018-06-08 at 2.30.31 PM.png,0.8430524553571429,bright,False,119.68970711642332
RottenApple,rotated_by_30_Screen Shot 2018-06-08 at 2.30.40 PM.png,0.8437898596938775,bright,False,116.17400363308282
RottenApple,rotated_by_30_Screen Shot 2018-06-08 at 2.30.45 PM.png,0.3001235650510204,dark,False,118.90324804520439
RottenApple,rotated_by_30_Screen Shot 2018-06-08 at 2.30.51 PM.png,0.08870774872448979,dark,False,119.21917206582391
RottenApple,rotated_by_30_Screen Shot 2018-06-08 at 2.30.57 PM.png,0.053611288265306124,dark,False,117.81301606585737
RottenApple,rotated_by_30_Screen Shot 2018-06-08 at 2.31.08 PM.png,0.8460220025510204,bright,False,122.66639116342186
RottenApple,rotated_by_30_Screen Shot 2018-06-08 at 2.31.16 PM.png,0.8455038265306123,bright,False,123.84460402961493
RottenApple,rotated_by_30_Screen Shot 2018-06-08 at 2.31.33 PM.png,0.07661033163265306,dark,False,125.68152150501935
RottenApple,rotated_by_30_Screen Shot 2018-06-08 at 2.31.45 PM.png,0.843132174744898,bright,False,125.28285286788889
RottenApple,rotated_by_30_Screen Shot 2018-06-08 at 2.32.10 PM.png,0.844367825255102,bright,False,121.56184467113707
RottenApple,rotated_by_30_Screen Shot 2018-06-08 at 2.33.04 PM.png,0.8460220025510204,bright,False,119.2066463391849
RottenApple,rotated_by_30_Screen Shot 2018-06-08 at 2.33.28 PM.png,0.14580676020408162,dark,False,114.71224083374386
RottenApple,rotated_by_30_Screen Shot 2018-06-08 at 2.33.49 PM.png,0.8429328762755102,bright,False,126.26162775708086
RottenApple,rotated_by_30_Screen Shot 2018-06-08 at 2.34.05 PM.png,0.8453045280612245,bright,False,122.21451709921735
RottenApple,rotated_by_30_Screen Shot 2018-06-08 at 2.34.37 PM.png,0.843132174744898,bright,False,126.25197712535864
RottenApple,rotated_by_30_Screen Shot 2018-06-08 at 2.34.42 PM.png,0.8443877551020408,bright,False,114.42497820134054
RottenApple,rotated_by_30_Screen Shot 2018-06-08 at 2.34.51 PM.png,0.8439094387755102,bright,False,111.84812605393704
RottenApple,rotated_by_30_Screen Shot 2018-06-08 at 2.35.10 PM.png,0.10650510204081633,dark,False,119.53056993752438
RottenApple,rotated_by_30_Screen Shot 2018-06-08 at 2.35.25 PM.png,0.05325255102040816,dark,False,126.1645677106499
RottenApple,rotated_by_30_Screen Shot 2018-06-08 at 2.35.32 PM.png,0.15973772321428573,dark,False,124.55525602584288
RottenApple,rotated_by_30_Screen Shot 2018-06-08 at 2.35.37 PM.png,0.050900829081632654,dark,False,124.12651576843588
RottenApple,rotated_by_30_Screen Shot 2018-06-08 at 2.36.01 PM.png,0.05000398596938776,dark,False,124.92677531181393
RottenApple,rotated_by_30_Screen Shot 2018-06-08 at 2.36.18 PM.png,0.08719308035714286,dark,False,125.06514602011401
RottenApple,rotated_by_30_Screen Shot 2018-06-08 at 2.36.23 PM.png,0.06546954719387756,dark,False,120.99842990622973
RottenApple,rotated_by_30_Screen Shot 2018-06-08 at 2.36.31 PM.png,0.11013233418367346,dark,False,123.72966489515397
RottenApple,rotated_by_30_Screen Shot 2018-06-08 at 2.36.43 PM.png,0.844367825255102,bright,False,125.65467846039716
RottenApple,rotated_by_30_Screen Shot 2018-06-08 at 2.36.55 PM.png,0.8459024234693877,bright,False,125.3099072446296
RottenApple,rotated_by_30_Screen Shot 2018-06-08 at 2.37.03 PM.png,0.8423947704081632,bright,False,123.29667774283173
RottenApple,rotated_by_30_Screen Shot 2018-06-08 at 2.37.13 PM.png,0.8420958227040817,bright,False,122.63274006097048
RottenApple,rotated_by_30_Screen Shot 2018-06-08 at 2.37.19 PM.png,0.13135762117346939,dark,False,125.44740208518203
RottenApple,rotated_by_30_Screen Shot 2018-06-08 at 2.37.24 PM.png,0.8453045280612245,bright,False,118.97815991347055
RottenApple,rotated_by_30_Screen Shot 2018-06-08 at 2.37.53 PM.png,0.8438695790816326,bright,False,125.20662032174772
RottenApple,rotated_by_30_Screen Shot 2018-06-08 at 2.38.08 PM.png,0.5535514987244898,dark,False,123.0669062786244
RottenApple,rotated_by_30_Screen Shot 2018-06-08 at 2.38.33 PM.png,0.8465003188775511,bright,False,126.45760063203363
RottenApple,rotated_by_30_Screen Shot 2018-06-08 at 2.38.47 PM.png,0.13161670918367346,dark,False,122.1233004392891
RottenApple,rotated_by_30_Screen Shot 2018-06-08 at 2.39.02 PM.png,0.23744419642857142,dark,False,126.50563775074441
RottenApple,rotated_by_30_Screen Shot 2018-06-08 at 2.39.21 PM.png,0.11812420280612244,dark,False,124.85396826208704
RottenApple,rotated_by_30_Screen Shot 2018-06-08 at 2.39.26 PM.png,0.8439293686224489,bright,False,121.80979920832327
RottenApple,rotated_by_30_Screen Shot 2018-06-08 at 2.39.35 PM.png,0.0817123724489796,dark,False,121.30194708765738
RottenApple,rotated_by_30_Screen Shot 2018-06-08 at 2.39.51 PM.png,0.8430325255102041,bright,False,124.14869693236913
RottenApple,rotated_by_30_Screen Shot 2018-06-08 at 2.40.09 PM.png,0.054986447704081634,dark,False,122.24107152366044
RottenApple,rotated_by_30_Screen Shot 2018-06-08 at 2.40.30 PM.png,0.8443279655612245,bright,False,125.02692468493268
RottenApple,rotated_by_30_Screen Shot 2018-06-08 at 2.40.38 PM.png,0.8448262117346939,bright,False,123.54095685780074
RottenApple,rotated_by_30_Screen Shot 2018-06-08 at 2.40.46 PM.png,0.8455835459183674,bright,False,123.18802202172184
RottenApple,rotated_by_30_Screen Shot 2018-06-08 at 2.40.56 PM.png,0.8441685267857143,bright,False,124.2338804048748
RottenApple,rotated_by_30_Screen Shot 2018-06-08 at 2.41.16 PM.png,0.2001155931122449,dark,False,126.44414912739387
RottenApple,rotated_by_30_Screen Shot 2018-06-08 at 2.41.39 PM.png,0.8440090880102041,bright,False,124.89868640884463
RottenApple,rotated_by_30_Screen Shot 2018-06-08 at 2.41.44 PM.png,0.09167729591836735,dark,False,126.63374278929653
RottenApple,rotated_by_30_Screen Shot 2018-06-08 at 2.41.54 PM.png,0.29219148596938777,dark,False,116.89774082360607
RottenApple,rotated_by_30_Screen Shot 2018-06-08 at 2.42.06 PM.png,0.15595105229591838,dark,False,125.25832811370292
RottenApple,rotated_by_30_Screen Shot 2018-06-08 at 2.42.22 PM.png,0.8455038265306123,bright,False,126.62011309248544
RottenApple,rotated_by_30_Screen Shot 2018-06-08 at 2.42.30 PM.png,0.09789540816326531,dark,False,125.49358494552978
RottenApple,rotated_by_30_Screen Shot 2018-06-08 at 2.42.38 PM.png,0.11403858418367346,dark,False,123.24350177611633
RottenApple,rotated_by_30_Screen Shot 2018-06-08 at 2.42.52 PM.png,0.08027742346938775,dark,False,123.6626570997243
RottenApple,rotated_by_30_Screen Shot 2018-06-08 at 2.42.58 PM.png,0.8458027742346939,bright,False,126.61633778907908
RottenApple,rotated_by_30_Screen Shot 2018-06-08 at 2.43.29 PM.png,0.10961415816326531,dark,False,50.10066420773026
RottenApple,rotated_by_30_Screen Shot 2018-06-08 at 2.43.54 PM.png,0.8466796875,bright,False,125.70853754537809
RottenApple,rotated_by_30_Screen Shot 2018-06-08 at 2.44.13 PM.png,0.08832908163265306,dark,False,115.47532852873424
RottenApple,rotated_by_30_Screen Shot 2018-06-08 at 2.45.05 PM.png,0.8456831951530612,bright,False,125.88264487833554
RottenApple,rotated_by_30_Screen Shot 2018-06-08 at 2.45.44 PM.png,0.6963289221938775,bright,False,72.77413573349973
RottenApple,rotated_by_30_Screen Shot 2018-06-08 at 2.45.50 PM.png,0.08597735969387756,dark,False,81.83033383892374
RottenApple,rotated_by_30_Screen Shot 2018-06-08 at 2.46.08 PM.png,0.8468191964285714,bright,False,126.53659861470435
RottenApple,rotated_by_30_Screen Shot 2018-06-08 at 2.46.25 PM.png,0.8410196109693877,bright,False,108.46601463019488
RottenApple,rotated_by_30_Screen Shot 2018-06-08 at 2.46.36 PM.png,0.8451251594387755,bright,False,126.32149649874304
RottenApple,rotated_by_30_Screen Shot 2018-06-08 at 2.46.44 PM.png,0.8466198979591837,bright,False,126.51028413154353
RottenApple,rotated_by_30_Screen Shot 2018-06-08 at 2.46.50 PM.png,0.8451251594387755,bright,False,126.59254344480452
RottenApple,rotated_by_30_Screen Shot 2018-06-08 at 2.47.03 PM.png,0.8425940688775511,bright,False,122.46866845092916
RottenApple,rotated_by_30_Screen Shot 2018-06-08 at 2.47.09 PM.png,0.05177774234693878,dark,False,124.42622886953154
RottenApple,rotated_by_30_Screen Shot 2018-06-08 at 2.47.37 PM.png,0.8429129464285714,bright,False,121.3373686778773
RottenApple,rotated_by_30_Screen Shot 2018-06-08 at 2.47.49 PM.png,0.05444834183673469,dark,False,99.11528554869447
RottenApple,rotated_by_30_Screen Shot 2018-06-08 at 2.47.54 PM.png,0.8455636160714286,bright,False,126.5371217316989
RottenApple,rotated_by_30_Screen Shot 2018-06-08 at 2.48.00 PM.png,0.05434869260204082,dark,False,121.39624496264513
RottenApple,rotated_by_30_Screen Shot 2018-06-08 at 2.48.09 PM.png,0.11806441326530612,dark,False,122.84180634543257
RottenApple,rotated_by_30_Screen Shot 2018-06-08 at 2.48.15 PM.png,0.2557796556122449,dark,False,123.94133849145669
RottenApple,rotated_by_30_Screen Shot 2018-06-08 at 2.48.29 PM.png,0.8432716836734694,bright,False,101.4053118282457
RottenApple,rotated_by_30_Screen Shot 2018-06-08 at 2.48.43 PM.png,0.8454838966836735,bright,False,124.27994920496916
RottenApple,rotated_by_30_Screen Shot 2018-06-08 at 2.48.52 PM.png,0.18680245535714285,dark,False,126.5557097202644
RottenApple,rotated_by_30_Screen Shot 2018-06-08 at 2.49.27 PM.png,0.21611926020408162,dark,False,125.49542426379213
RottenApple,rotated_by_30_Screen Shot 2018-06-08 at 2.50.14 PM.png,0.8451650191326531,bright,False,123.56685479523965
RottenApple,rotated_by_30_Screen Shot 2018-06-08 at 2.50.25 PM.png,0.16549744897959184,dark,False,114.06377291481118
RottenApple,rotated_by_30_Screen Shot 2018-06-08 at 2.50.38 PM.png,0.06536989795918367,dark,False,120.67336777966095
RottenApple,rotated_by_30_Screen Shot 2018-06-08 at 2.50.55 PM.png,0.8449059311224489,bright,False,124.3587301784987
RottenApple,rotated_by_30_Screen Shot 2018-06-08 at 2.51.09 PM.png,0.09988839285714286,dark,False,123.90421396228926
RottenApple,rotated_by_30_Screen Shot 2018-06-08 at 2.51.28 PM.png,0.8453045280612245,bright,False,123.28108385307576
RottenApple,rotated_by_30_Screen Shot 2018-06-08 at 2.51.43 PM.png,0.05239556760204082,dark,False,79.80272334188541
RottenApple,rotated_by_30_Screen Shot 2018-06-08 at 2.51.55 PM.png,0.8457629145408163,bright,False,126.54667650610469
RottenApple,rotated_by_30_Screen Shot 2018-06-08 at 2.52.05 PM.png,0.06877790178571429,dark,False,126.6885398205806
RottenApple,rotated_by_30_Screen Shot 2018-06-08 at 2.52.20 PM.png,0.0506218112244898,dark,False,123.60551678388852
RottenApple,rotated_by_30_Screen Shot 2018-06-08 at 2.52.57 PM.png,0.8435307716836735,bright,False,123.48311965638311
RottenApple,rotated_by_30_Screen Shot 2018-06-08 at 2.53.14 PM.png,0.8462412308673469,bright,False,126.48899071163645
RottenApple,rotated_by_45_Screen Shot 2018-06-07 at 2.15.20 PM.png,0.05102040816326531,dark,False,124.17039515053028
RottenApple,rotated_by_45_Screen Shot 2018-06-07 at 2.15.50 PM.png,0.8289819834183674,bright,False,115.18886104799277
RottenApple,rotated_by_45_Screen Shot 2018-06-07 at 2.16.41 PM.png,0.05229591836734694,dark,False,123.18336459119608
RottenApple,rotated_by_45_Screen Shot 2018-06-07 at 2.16.54 PM.png,0.06148357780612245,dark,False,126.11626782467552
RottenApple,rotated_by_45_Screen Shot 2018-06-07 at 2.17.15 PM.png,0.05335220025510204,dark,False,123.11042612814747
RottenApple,rotated_by_45_Screen Shot 2018-06-07 at 2.17.25 PM.png,0.05911192602040816,dark,False,125.32339756490192
RottenApple,rotated_by_45_Screen Shot 2018-06-07 at 2.18.25 PM.png,0.06078603316326531,dark,False,122.6537423975691
RottenApple,rotated_by_45_Screen Shot 2018-06-07 at 2.18.57 PM.png,0.05092075892857143,dark,False,119.63194028492082
RottenApple,rotated_by_45_Screen Shot 2018-06-07 at 2.19.15 PM.png,0.8311344068877551,bright,False,120.42467747581283
RottenApple,rotated_by_45_Screen Shot 2018-06-07 at 2.19.37 PM.png,0.06210140306122449,dark,False,126.55272154006643
RottenApple,rotated_by_45_Screen Shot 2018-06-07 at 2.19.46 PM.png,0.8301777742346939,bright,False,116.88981810510104
RottenApple,rotated_by_45_Screen Shot 2018-06-07 at 2.20.04 PM.png,0.2546237244897959,dark,False,124.31863357856382
RottenApple,rotated_by_45_Screen Shot 2018-06-07 at 2.20.29 PM.png,0.8284638073979592,bright,False,125.59295106387492
RottenApple,rotated_by_45_Screen Shot 2018-06-07 at 2.20.34 PM.png,0.05201690051020408,dark,False,125.84607523299503
RottenApple,rotated_by_45_Screen Shot 2018-06-07 at 2.20.46 PM.png,0.06971460459183673,dark,False,120.41573431768775
RottenApple,rotated_by_45_Screen Shot 2018-06-07 at 2.21.09 PM.png,0.05442841198979592,dark,False,124.55372244290163
RottenApple,rotated_by_45_Screen Shot 2018-06-07 at 2.22.00 PM.png,0.8286830357142857,bright,False,123.39544381682458
RottenApple,rotated_by_45_Screen Shot 2018-06-07 at 2.22.39 PM.png,0.05221619897959184,dark,False,123.77064874733033
RottenApple,rotated_by_45_Screen Shot 2018-06-07 at 2.23.40 PM.png,0.8290218431122449,bright,False,123.80794148544597
RottenApple,rotated_by_45_Screen Shot 2018-06-07 at 2.23.51 PM.png,0.05628188775510204,dark,False,124.71270434628526
RottenApple,rotated_by_45_Screen Shot 2018-06-07 at 2.24.02 PM.png,0.08523995535714286,dark,False,117.8840158527587
RottenApple,rotated_by_45_Screen Shot 2018-06-07 at 2.24.47 PM.png,0.0546875,dark,False,126.0896262642138
RottenApple,rotated_by_45_Screen Shot 2018-06-07 at 2.25.16 PM.png,0.8289221938775511,bright,False,125.0303348872301
RottenApple,rotated_by_45_Screen Shot 2018-06-07 at 2.25.26 PM.png,0.05662069515306122,dark,False,119.32235834420119
RottenApple,rotated_by_45_Screen Shot 2018-06-07 at 2.31.43 PM.png,0.8283442283163265,bright,False,125.54887701934636
RottenApple,rotated_by_45_Screen Shot 2018-06-07 at 2.33.38 PM.png,0.08984375,dark,False,112.68969264617739
RottenApple,rotated_by_45_Screen Shot 2018-06-07 at 2.33.47 PM.png,0.06253985969387756,dark,False,124.45293430911215
RottenApple,rotated_by_45_Screen Shot 2018-06-07 at 2.34.18 PM.png,0.14325573979591838,dark,False,119.62660954687784
RottenApple,rotated_by_45_Screen Shot 2018-06-07 at 2.35.10 PM.png,0.05785634566326531,dark,False,124.14731740908644
RottenApple,rotated_by_45_Screen Shot 2018-06-07 at 2.35.21 PM.png,0.06594786352040816,dark,False,115.59368756577014
RottenApple,rotated_by_45_Screen Shot 2018-06-07 at 2.35.38 PM.png,0.052415497448979595,dark,False,120.60479334739222
RottenApple,rotated_by_45_Screen Shot 2018-06-07 at 2.36.06 PM.png,0.8268295599489796,bright,False,119.22233101408169
RottenApple,rotated_by_45_Screen Shot 2018-06-07 at 2.36.21 PM.png,0.057936065051020405,dark,False,117.42441886205138
RottenApple,rotated_by_45_Screen Shot 2018-06-07 at 2.37.01 PM.png,0.05080117984693878,dark,False,124.78982277368702
RottenApple,rotated_by_45_Screen Shot 2018-06-07 at 2.37.11 PM.png,0.12274792729591837,dark,False,119.44602921373826
RottenApple,rotated_by_45_Screen Shot 2018-06-07 at 2.37.32 PM.png,0.8284638073979592,bright,False,122.61092636583498
RottenApple,rotated_by_45_Screen Shot 2018-06-07 at 2.37.53 PM.png,0.828125,bright,False,126.50702300279356
RottenApple,rotated_by_45_Screen Shot 2018-06-07 at 2.38.04 PM.png,0.07977917729591837,dark,False,121.6044113552032
RottenApple,rotated_by_45_Screen Shot 2018-06-07 at 2.38.13 PM.png,0.828125,bright,False,125.4181659634947
RottenApple,rotated_by_45_Screen Shot 2018-06-07 at 2.38.28 PM.png,0.8292211415816326,bright,False,125.94860989745659
RottenApple,rotated_by_45_Screen Shot 2018-06-07 at 2.38.38 PM.png,0.0628188775510204,dark,False,119.70887962215436
RottenApple,rotated_by_45_Screen Shot 2018-06-07 at 2.38.49 PM.png,0.05193718112244898,dark,False,121.50374053735531
RottenApple,rotated_by_45_Screen Shot 2018-06-07 at 2.38.59 PM.png,0.05123963647959184,dark,False,125.65118931060857
RottenApple,rotated_by_45_Screen Shot 2018-06-07 at 2.39.20 PM.png,0.8283641581632653,bright,False,122.9094037384097
RottenApple,rotated_by_45_Screen Shot 2018-06-07 at 2.39.35 PM.png,0.05076132015306122,dark,False,122.83204200604871
RottenApple,rotated_by_45_Screen Shot 2018-06-07 at 2.39.44 PM.png,0.059291294642857144,dark,False,122.35691721780863
RottenApple,rotated_by_45_Screen Shot 2018-06-07 at 2.39.53 PM.png,0.06353635204081633,dark,False,126.07288554860355
RottenApple,rotated_by_45_Screen Shot 2018-06-07 at 2.40.00 PM.png,0.31660554846938777,dark,False,125.9272455953677
RottenApple,rotated_by_45_Screen Shot 2018-06-07 at 2.40.48 PM.png,0.05937101403061224,dark,False,118.47577051459797
RottenApple,rotated_by_45_Screen Shot 2018-06-07 at 2.40.55 PM.png,0.059271364795918366,dark,False,116.12543438799047
RottenApple,rotated_by_45_Screen Shot 2018-06-07 at 2.41.07 PM.png,0.07481664540816327,dark,False,116.39274738597379
RottenApple,rotated_by_45_Screen Shot 2018-06-07 at 2.41.14 PM.png,0.08617665816326531,dark,False,115.67305322003931
RottenApple,rotated_by_45_Screen Shot 2018-06-07 at 2.41.23 PM.png,0.05879304846938776,dark,False,117.51565793908976
RottenApple,rotated_by_45_Screen Shot 2018-06-07 at 2.41.32 PM.png,0.8295998086734694,bright,False,126.10539353632531
RottenApple,rotated_by_45_Screen Shot 2018-06-07 at 2.42.25 PM.png,0.8293407206632653,bright,False,126.03167951748624
RottenApple,rotated_by_45_Screen Shot 2018-06-07 at 2.42.37 PM.png,0.050462372448979595,dark,False,112.79415496912047
RottenApple,rotated_by_45_Screen Shot 2018-06-07 at 2.42.58 PM.png,0.16061463647959184,dark,False,121.54491307652489
RottenApple,rotated_by_45_Screen Shot 2018-06-07 at 2.43.07 PM.png,0.13871173469387754,dark,False,119.91942228444246
RottenApple,rotated_by_45_Screen Shot 2018-06-07 at 2.43.13 PM.png,0.20348373724489796,dark,False,116.55360120204911
RottenApple,rotated_by_45_Screen Shot 2018-06-07 at 2.43.26 PM.png,0.055963010204081634,dark,False,124.02384355913584
RottenApple,rotated_by_45_Screen Shot 2018-06-07 at 2.43.34 PM.png,0.05155851403061224,dark,False,124.14928146895345
RottenApple,rotated_by_45_Screen Shot 2018-06-07 at 2.43.48 PM.png,0.05921157525510204,dark,False,125.84187654004337
RottenApple,rotated_by_45_Screen Shot 2018-06-07 at 2.43.54 PM.png,0.08506058673469388,dark,False,121.19512679971945
RottenApple,rotated_by_45_Screen Shot 2018-06-07 at 2.44.05 PM.png,0.09490593112244898,dark,False,94.36666363654182
RottenApple,rotated_by_45_Screen Shot 2018-06-07 at 2.44.26 PM.png,0.09986846301020408,dark,False,102.29530882554182
RottenApple,rotated_by_45_Screen Shot 2018-06-07 at 2.44.51 PM.png,0.061822385204081634,dark,False,113.91251543518376
RottenApple,rotated_by_45_Screen Shot 2018-06-07 at 2.44.59 PM.png,0.8287627551020408,bright,False,125.15990419752772
RottenApple,rotated_by_45_Screen Shot 2018-06-07 at 2.45.09 PM.png,0.8288026147959183,bright,False,115.7140889336941
RottenApple,rotated_by_45_Screen Shot 2018-06-07 at 2.45.18 PM.png,0.0545280612244898,dark,False,115.24910939371786
RottenApple,rotated_by_45_Screen Shot 2018-06-07 at 2.45.35 PM.png,0.828483737244898,bright,False,123.84102233627397
RottenApple,rotated_by_45_Screen Shot 2018-06-07 at 2.45.44 PM.png,0.058115433673469385,dark,False,124.63137493296357
RottenApple,rotated_by_45_Screen Shot 2018-06-07 at 2.46.04 PM.png,0.05307318239795918,dark,False,126.45357272666882
RottenApple,rotated_by_45_Screen Shot 2018-06-07 at 2.46.12 PM.png,0.0615234375,dark,False,126.346336545375
RottenApple,rotated_by_45_Screen Shot 2018-06-07 at 2.46.22 PM.png,0.05442841198979592,dark,False,126.26000860824611
RottenApple,rotated_by_45_Screen Shot 2018-06-07 at 2.46.32 PM.png,0.8282445790816326,bright,False,123.91963985984675
RottenApple,rotated_by_45_Screen Shot 2018-06-07 at 2.46.43 PM.png,0.8276267538265306,bright,False,106.95872450913396
RottenApple,rotated_by_45_Screen Shot 2018-06-07 at 2.46.52 PM.png,0.05570392219387755,dark,False,123.8059041798058
RottenApple,rotated_by_45_Screen Shot 2018-06-07 at 2.47.01 PM.png,0.050103635204081634,dark,False,116.77910980180029
RottenApple,rotated_by_45_Screen Shot 2018-06-07 at 2.47.13 PM.png,0.05169802295918367,dark,False,117.30988661109241
RottenApple,rotated_by_45_Screen Shot 2018-06-07 at 2.47.20 PM.png,0.8293407206632653,bright,False,113.62113296731208
RottenApple,rotated_by_45_Screen Shot 2018-06-07 at 2.47.35 PM.png,0.8276466836734694,bright,False,117.06213501806046
RottenApple,rotated_by_45_Screen Shot 2018-06-07 at 2.47.50 PM.png,0.05135921556122449,dark,False,118.23392943338399
RottenApple,rotated_by_45_Screen Shot 2018-06-07 at 2.50.09 PM.png,0.05528539540816327,dark,False,126.40884358210683
RottenApple,rotated_by_45_Screen Shot 2018-06-07 at 2.50.31 PM.png,0.06357621173469388,dark,False,124.8513747453739
RottenApple,rotated_by_45_Screen Shot 2018-06-07 at 2.50.43 PM.png,0.056740274234693876,dark,False,95.92767944800892
RottenApple,rotated_by_45_Screen Shot 2018-06-07 at 2.51.08 PM.png,0.055385044642857144,dark,False,124.53746326141676
RottenApple,rotated_by_45_Screen Shot 2018-06-07 at 2.51.16 PM.png,0.05113998724489796,dark,False,124.35985889518149
RottenApple,rotated_by_45_Screen Shot 2018-06-07 at 2.51.37 PM.png,0.055763711734693876,dark,False,123.82692014419946
RottenApple,rotated_by_45_Screen Shot 2018-06-07 at 2.52.00 PM.png,0.05937101403061224,dark,False,98.02952728154507
RottenApple,rotated_by_45_Screen Shot 2018-06-07 at 2.52.09 PM.png,0.13083944515306123,dark,False,118.51892064221424
RottenApple,rotated_by_45_Screen Shot 2018-06-07 at 2.52.22 PM.png,0.052834024234693876,dark,False,121.76333660368304
RottenApple,rotated_by_45_Screen Shot 2018-06-07 at 2.52.30 PM.png,0.14821827168367346,dark,False,108.47348628867285
RottenApple,rotated_by_45_Screen Shot 2018-06-07 at 2.53.33 PM.png,0.06857860331632654,dark,False,114.72695615046548
RottenApple,rotated_by_45_Screen Shot 2018-06-07 at 2.53.57 PM.png,0.052256058673469385,dark,False,122.62655919988278
RottenApple,rotated_by_45_Screen Shot 2018-06-07 at 2.54.08 PM.png,0.21259167729591838,dark,False,124.98179977057703
RottenApple,rotated_by_45_Screen Shot 2018-06-07 at 2.54.41 PM.png,0.05747767857142857,dark,False,109.10793389456309
RottenApple,rotated_by_45_Screen Shot 2018-06-07 at 2.54.49 PM.png,0.16392299107142858,dark,False,126.53768950078423
RottenApple,rotated_by_45_Screen Shot 2018-06-07 at 2.54.58 PM.png,0.06248007015306122,dark,False,120.98156605381253
RottenApple,rotated_by_45_Screen Shot 2018-06-07 at 2.55.27 PM.png,0.8282246492346939,bright,False,124.94453750845913
RottenApple,rotated_by_45_Screen Shot 2018-06-07 at 2.55.52 PM.png,0.06206154336734694,dark,False,123.6176227197573
RottenApple,rotated_by_45_Screen Shot 2018-06-07 at 2.56.09 PM.png,0.057318239795918366,dark,False,122.2526177517841
RottenApple,rotated_by_45_Screen Shot 2018-06-07 at 2.56.16 PM.png,0.08003826530612244,dark,False,122.10803806093095
RottenApple,rotated_by_45_Screen Shot 2018-06-07 at 2.56.47 PM.png,0.10981345663265306,dark,False,110.6360776454491
RottenApple,rotated_by_45_Screen Shot 2018-06-07 at 2.57.05 PM.png,0.28184789540816324,dark,False,126.07872225544081
RottenApple,rotated_by_45_Screen Shot 2018-06-07 at 2.57.13 PM.png,0.3932557397959184,dark,False,109.9165099569074
RottenApple,rotated_by_45_Screen Shot 2018-06-07 at 2.57.17 PM.png,0.2626355229591837,dark,False,121.95531252807888
RottenApple,rotated_by_45_Screen Shot 2018-06-07 at 2.57.26 PM.png,0.13446667729591838,dark,False,121.14217446256215
RottenApple,rotated_by_45_Screen Shot 2018-06-07 at 2.58.04 PM.png,0.8283242984693877,bright,False,125.91898031040087
RottenApple,rotated_by_45_Screen Shot 2018-06-07 at 2.58.17 PM.png,0.0515983737244898,dark,False,121.84222894435455
RottenApple,rotated_by_45_Screen Shot 2018-06-07 at 2.58.38 PM.png,0.07358099489795919,dark,False,125.73395228873314
RottenApple,rotated_by_45_Screen Shot 2018-06-07 at 2.58.47 PM.png,0.05580357142857143,dark,False,125.21508758815283
RottenApple,rotated_by_45_Screen Shot 2018-06-07 at 2.58.57 PM.png,0.055943080357142856,dark,False,125.27119927317392
RottenApple,rotated_by_45_Screen Shot 2018-06-07 at 2.59.09 PM.png,0.15579161352040816,dark,False,125.11167103149033
RottenApple,rotated_by_45_Screen Shot 2018-06-07 at 2.59.13 PM.png,0.10873724489795919,dark,False,124.80614679086132
RottenApple,rotated_by_45_Screen Shot 2018-06-07 at 2.59.23 PM.png,0.23425542091836735,dark,False,124.67615331100713
RottenApple,rotated_by_45_Screen Shot 2018-06-07 at 3.00.17 PM.png,0.43361367984693877,dark,False,125.44622334289579
RottenApple,rotated_by_45_Screen Shot 2018-06-07 at 3.00.25 PM.png,0.43199936224489793,dark,False,126.53752604568318
RottenApple,rotated_by_45_Screen Shot 2018-06-07 at 3.00.46 PM.png,0.4760841836734694,dark,False,125.78418957291875
RottenApple,rotated_by_45_Screen Shot 2018-06-07 at 3.00.56 PM.png,0.05014349489795918,dark,False,124.14781662624539
RottenApple,rotated_by_45_Screen Shot 2018-06-07 at 3.01.21 PM.png,0.05255500637755102,dark,False,122.04579291791545
RottenApple,rotated_by_45_Screen Shot 2018-06-07 at 3.01.38 PM.png,0.2976921237244898,dark,False,120.21176370084225
RottenApple,rotated_by_45_Screen Shot 2018-06-07 at 3.02.02 PM.png,0.2149234693877551,dark,False,124.83907676912992
RottenApple,rotated_by_45_Screen Shot 2018-06-07 at 3.02.09 PM.png,0.05096061862244898,dark,False,125.81778787227215
RottenApple,rotated_by_45_Screen Shot 2018-06-07 at 3.02.24 PM.png,0.8297991071428571,bright,False,125.30235809748883
RottenApple,rotated_by_45_Screen Shot 2018-06-07 at 3.02.51 PM.png,0.052814094387755105,dark,False,122.84337412433213
RottenApple,rotated_by_45_Screen Shot 2018-06-07 at 3.03.12 PM.png,0.09353077168367346,dark,False,126.51214444159456
RottenApple,rotated_by_45_Screen Shot 2018-06-07 at 3.03.21 PM.png,0.07210618622448979,dark,False,126.16761238215061
RottenApple,rotated_by_45_Screen Shot 2018-06-07 at 3.03.31 PM.png,0.8294005102040817,bright,False,126.57051764831452
RottenApple,rotated_by_45_Screen Shot 2018-06-07 at 3.03.38 PM.png,0.828483737244898,bright,False,126.51795483221444
RottenApple,rotated_by_45_Screen Shot 2018-06-07 at 3.03.46 PM.png,0.07294323979591837,dark,False,123.16261875781277
RottenApple,rotated_by_45_Screen Shot 2018-06-07 at 3.03.58 PM.png,0.8290816326530612,bright,False,116.35965031646909
RottenApple,rotated_by_45_Screen Shot 2018-06-07 at 3.04.04 PM.png,0.05129942602040816,dark,False,121.01784322755275
RottenApple,rotated_by_45_Screen Shot 2018-06-07 at 3.04.10 PM.png,0.05080117984693878,dark,False,121.49785256619964
RottenApple,rotated_by_45_Screen Shot 2018-06-07 at 3.04.35 PM.png,0.8293407206632653,bright,False,124.92094238040453
RottenApple,rotated_by_45_Screen Shot 2018-06-07 at 3.04.41 PM.png,0.8295001594387755,bright,False,126.48647808051534
RottenApple,rotated_by_45_Screen Shot 2018-06-07 at 3.04.47 PM.png,0.06656568877551021,dark,False,125.34113881888696
RottenApple,rotated_by_45_Screen Shot 2018-06-07 at 3.04.58 PM.png,0.057517538265306124,dark,False,125.66148506897541
RottenApple,rotated_by_45_Screen Shot 2018-06-07 at 3.05.05 PM.png,0.14243861607142858,dark,False,124.1306567764138
RottenApple,rotated_by_45_Screen Shot 2018-06-07 at 3.05.13 PM.png,0.8298788265306123,bright,False,124.18006630371848
RottenApple,rotated_by_45_Screen Shot 2018-06-07 at 3.05.53 PM.png,0.07674984056122448,dark,False,124.64926308598474
RottenApple,rotated_by_45_Screen Shot 2018-06-07 at 3.05.58 PM.png,0.05781648596938776,dark,False,120.97015481282635
RottenApple,rotated_by_45_Screen Shot 2018-06-07 at 3.06.11 PM.png,0.05528539540816327,dark,False,124.03556263376198
RottenApple,rotated_by_45_Screen Shot 2018-06-07 at 3.06.22 PM.png,0.11969866071428571,dark,False,120.49347572323363
RottenApple,rotated_by_45_Screen Shot 2018-06-07 at 3.06.30 PM.png,0.05885283801020408,dark,False,119.24170127100241
RottenApple,rotated_by_45_Screen Shot 2018-06-07 at 3.06.51 PM.png,0.07908163265306123,dark,False,119.63338057499243
RottenApple,rotated_by_45_Screen Shot 2018-06-07 at 3.17.25 PM.png,0.051857461734693876,dark,False,123.09896431464068
RottenApple,rotated_by_45_Screen Shot 2018-06-08 at 2.21.33 PM.png,0.056640625,dark,False,124.9796981706756
RottenApple,rotated_by_45_Screen Shot 2018-06-08 at 2.23.40 PM.png,0.05819515306122449,dark,False,126.10163875188563
RottenApple,rotated_by_45_Screen Shot 2018-06-08 at 2.23.48 PM.png,0.06265943877551021,dark,False,124.64109388458348
RottenApple,rotated_by_45_Screen Shot 2018-06-08 at 2.24.09 PM.png,0.05056202168367347,dark,False,125.77485955919728
RottenApple,rotated_by_45_Screen Shot 2018-06-08 at 2.24.31 PM.png,0.05917171556122449,dark,False,124.04757632109526
RottenApple,rotated_by_45_Screen Shot 2018-06-08 at 2.24.37 PM.png,0.8284239477040817,bright,False,124.24811242100031
RottenApple,rotated_by_45_Screen Shot 2018-06-08 at 2.25.04 PM.png,0.058514030612244895,dark,False,125.08494244259502
RottenApple,rotated_by_45_Screen Shot 2018-06-08 at 2.25.17 PM.png,0.05432876275510204,dark,False,124.11218258325182
RottenApple,rotated_by_45_Screen Shot 2018-06-08 at 2.25.24 PM.png,0.8294204400510204,bright,False,126.36000415921127
RottenApple,rotated_by_45_Screen Shot 2018-06-08 at 2.25.43 PM.png,0.8284438775510204,bright,False,125.04594605915236
RottenApple,rotated_by_45_Screen Shot 2018-06-08 at 2.26.09 PM.png,0.0613639987244898,dark,False,125.6348287430573
RottenApple,rotated_by_45_Screen Shot 2018-06-08 at 2.26.34 PM.png,0.6147759885204082,bright,False,71.73026477195589
RottenApple,rotated_by_45_Screen Shot 2018-06-08 at 2.26.44 PM.png,0.8290218431122449,bright,False,123.49301557961367
RottenApple,rotated_by_45_Screen Shot 2018-06-08 at 2.26.55 PM.png,0.08541932397959184,dark,False,126.50705501525437
RottenApple,rotated_by_45_Screen Shot 2018-06-08 at 2.27.15 PM.png,0.8282246492346939,bright,False,124.3582924119168
RottenApple,rotated_by_45_Screen Shot 2018-06-08 at 2.27.44 PM.png,0.8286232461734694,bright,False,117.84632871474554
RottenApple,rotated_by_45_Screen Shot 2018-06-08 at 2.28.00 PM.png,0.0546875,dark,False,124.9796092337494
RottenApple,rotated_by_45_Screen Shot 2018-06-08 at 2.28.07 PM.png,0.05899234693877551,dark,False,125.07582035286039
RottenApple,rotated_by_45_Screen Shot 2018-06-08 at 2.28.12 PM.png,0.11698820153061225,dark,False,125.70504054186934
RottenApple,rotated_by_45_Screen Shot 2018-06-08 at 2.28.23 PM.png,0.05155851403061224,dark,False,126.29864703339429
RottenApple,rotated_by_45_Screen Shot 2018-06-08 at 2.29.10 PM.png,0.0548469387755102,dark,False,123.96805254602936
RottenApple,rotated_by_45_Screen Shot 2018-06-08 at 2.29.20 PM.png,0.06742267219387756,dark,False,125.4429169190271
RottenApple,rotated_by_45_Screen Shot 2018-06-08 at 2.29.55 PM.png,0.23545121173469388,dark,False,121.33289180124386
RottenApple,rotated_by_45_Screen Shot 2018-06-08 at 2.30.03 PM.png,0.05903220663265306,dark,False,114.68997916219318
RottenApple,rotated_by_45_Screen Shot 2018-06-08 at 2.30.26 PM.png,0.06566884566326531,dark,False,122.48886779496547
RottenApple,rotated_by_45_Screen Shot 2018-06-08 at 2.30.31 PM.png,0.05546476403061224,dark,False,118.83395899080737
RottenApple,rotated_by_45_Screen Shot 2018-06-08 at 2.30.40 PM.png,0.057338169642857144,dark,False,114.13135951281707
RottenApple,rotated_by_45_Screen Shot 2018-06-08 at 2.30.45 PM.png,0.22142059948979592,dark,False,118.45101430075299
RottenApple,rotated_by_45_Screen Shot 2018-06-08 at 2.30.57 PM.png,0.06658561862244898,dark,False,114.21715602318011
RottenApple,rotated_by_45_Screen Shot 2018-06-08 at 2.31.03 PM.png,0.05404974489795918,dark,False,123.08633093961826
RottenApple,rotated_by_45_Screen Shot 2018-06-08 at 2.31.08 PM.png,0.05076132015306122,dark,False,121.31394757745863
RottenApple,rotated_by_45_Screen Shot 2018-06-08 at 2.31.23 PM.png,0.05723852040816327,dark,False,116.92015211975037
RottenApple,rotated_by_45_Screen Shot 2018-06-08 at 2.31.33 PM.png,0.06754225127551021,dark,False,125.50152712025397
RottenApple,rotated_by_45_Screen Shot 2018-06-08 at 2.32.10 PM.png,0.052614795918367346,dark,False,122.12832719728969
RottenApple,rotated_by_45_Screen Shot 2018-06-08 at 2.32.42 PM.png,0.8289022640306123,bright,False,117.98012435205226
RottenApple,rotated_by_45_Screen Shot 2018-06-08 at 2.33.04 PM.png,0.8295998086734694,bright,False,118.57587704022272
RottenApple,rotated_by_45_Screen Shot 2018-06-08 at 2.33.28 PM.png,0.08384486607142858,dark,False,115.63642209983544
RottenApple,rotated_by_45_Screen Shot 2018-06-08 at 2.33.49 PM.png,0.05863360969387755,dark,False,126.23038038592581
RottenApple,rotated_by_45_Screen Shot 2018-06-08 at 2.34.05 PM.png,0.8278659119897959,bright,False,121.54280333638037
RottenApple,rotated_by_45_Screen Shot 2018-06-08 at 2.34.47 PM.png,0.06263950892857142,dark,False,124.25670315428293
RottenApple,rotated_by_45_Screen Shot 2018-06-08 at 2.34.51 PM.png,0.8270089285714286,bright,False,112.09437846044989
RottenApple,rotated_by_45_Screen Shot 2018-06-08 at 2.35.10 PM.png,0.10540896045918367,dark,False,119.11483872964048
RottenApple,rotated_by_45_Screen Shot 2018-06-08 at 2.35.32 PM.png,0.1587810905612245,dark,False,124.55266727295047
RottenApple,rotated_by_45_Screen Shot 2018-06-08 at 2.35.37 PM.png,0.05131935586734694,dark,False,123.97954992184516
RottenApple,rotated_by_45_Screen Shot 2018-06-08 at 2.36.01 PM.png,0.060447225765306124,dark,False,124.21553355851019
RottenApple,rotated_by_45_Screen Shot 2018-06-08 at 2.36.18 PM.png,0.09008290816326531,dark,False,125.01495211673053
RottenApple,rotated_by_45_Screen Shot 2018-06-08 at 2.36.23 PM.png,0.10088488520408163,dark,False,120.81194122958397
RottenApple,rotated_by_45_Screen Shot 2018-06-08 at 2.37.03 PM.png,0.06078603316326531,dark,False,122.4345026655891
RottenApple,rotated_by_45_Screen Shot 2018-06-08 at 2.37.13 PM.png,0.060048628826530615,dark,False,120.82825235035544
RottenApple,rotated_by_45_Screen Shot 2018-06-08 at 2.37.24 PM.png,0.8285235969387755,bright,False,117.47904015546231
RottenApple,rotated_by_45_Screen Shot 2018-06-08 at 2.37.53 PM.png,0.054009885204081634,dark,False,124.33847920486141
RottenApple,rotated_by_45_Screen Shot 2018-06-08 at 2.38.33 PM.png,0.8296595982142857,bright,False,126.34034535622926
RottenApple,rotated_by_45_Screen Shot 2018-06-08 at 2.38.47 PM.png,0.1317761479591837,dark,False,122.1447174450251
RottenApple,rotated_by_45_Screen Shot 2018-06-08 at 2.38.54 PM.png,0.8285235969387755,bright,False,125.71037761150343
RottenApple,rotated_by_45_Screen Shot 2018-06-08 at 2.39.21 PM.png,0.12665417729591838,dark,False,125.17139130164647
RottenApple,rotated_by_45_Screen Shot 2018-06-08 at 2.39.35 PM.png,0.06997369260204081,dark,False,121.23450816072068
RottenApple,rotated_by_45_Screen Shot 2018-06-08 at 2.39.51 PM.png,0.05727838010204082,dark,False,124.05217462848732
RottenApple,rotated_by_45_Screen Shot 2018-06-08 at 2.40.09 PM.png,0.06849888392857142,dark,False,121.52215929283079
RottenApple,rotated_by_45_Screen Shot 2018-06-08 at 2.40.13 PM.png,0.16208944515306123,dark,False,126.02830850463681
RottenApple,rotated_by_45_Screen Shot 2018-06-08 at 2.40.30 PM.png,0.05568399234693878,dark,False,124.97174538764672
RottenApple,rotated_by_45_Screen Shot 2018-06-08 at 2.40.38 PM.png,0.8283840880102041,bright,False,122.87035832509245
RottenApple,rotated_by_45_Screen Shot 2018-06-08 at 2.40.46 PM.png,0.8291613520408163,bright,False,123.5420976861455
RottenApple,rotated_by_45_Screen Shot 2018-06-08 at 2.40.56 PM.png,0.05221619897959184,dark,False,124.45775721582709
RottenApple,rotated_by_45_Screen Shot 2018-06-08 at 2.41.16 PM.png,0.19126674107142858,dark,False,126.31808803174688
RottenApple,rotated_by_45_Screen Shot 2018-06-08 at 2.41.54 PM.png,0.24623325892857142,dark,False,115.71592361907858
RottenApple,rotated_by_45_Screen Shot 2018-06-08 at 2.42.22 PM.png,0.8286232461734694,bright,False,126.49316570167844
RottenApple,rotated_by_45_Screen Shot 2018-06-08 at 2.42.58 PM.png,0.8294403698979592,bright,False,126.49799137975033
RottenApple,rotated_by_45_Screen Shot 2018-06-08 at 2.43.54 PM.png,0.8302375637755102,bright,False,125.68478205084388
RottenApple,rotated_by_45_Screen Shot 2018-06-08 at 2.44.54 PM.png,0.060267857142857144,dark,False,121.70852151231372
RottenApple,rotated_by_45_Screen Shot 2018-06-08 at 2.45.05 PM.png,0.8285634566326531,bright,False,125.20974604277478
RottenApple,rotated_by_45_Screen Shot 2018-06-08 at 2.45.44 PM.png,0.7049386160714286,bright,False,72.67067438253483
RottenApple,rotated_by_45_Screen Shot 2018-06-08 at 2.45.50 PM.png,0.10532924107142858,dark,False,81.54394960030733
RottenApple,rotated_by_45_Screen Shot 2018-06-08 at 2.45.58 PM.png,0.7008330676020408,bright,False,73.72596077483941
RottenApple,rotated_by_45_Screen Shot 2018-06-08 at 2.46.08 PM.png,0.8300382653061225,bright,False,126.4841455860663
RottenApple,rotated_by_45_Screen Shot 2018-06-08 at 2.46.25 PM.png,0.05817522321428571,dark,False,108.22842328325312
RottenApple,rotated_by_45_Screen Shot 2018-06-08 at 2.46.44 PM.png,0.8298788265306123,bright,False,126.36635702419933
RottenApple,rotated_by_45_Screen Shot 2018-06-08 at 2.47.09 PM.png,0.06333705357142858,dark,False,120.99779435970872
RottenApple,rotated_by_45_Screen Shot 2018-06-08 at 2.47.37 PM.png,0.05741788903061224,dark,False,120.32849160332837
RottenApple,rotated_by_45_Screen Shot 2018-06-08 at 2.47.49 PM.png,0.06736288265306123,dark,False,97.27688572557877
RottenApple,rotated_by_45_Screen Shot 2018-06-08 at 2.47.54 PM.png,0.8285833864795918,bright,False,126.42486219963043
RottenApple,rotated_by_45_Screen Shot 2018-06-08 at 2.48.00 PM.png,0.0677016900510204,dark,False,118.36298142201645
RottenApple,rotated_by_45_Screen Shot 2018-06-08 at 2.48.09 PM.png,0.11802455357142858,dark,False,122.69043672639164
RottenApple,rotated_by_45_Screen Shot 2018-06-08 at 2.48.15 PM.png,0.25583944515306123,dark,False,123.067653094781
RottenApple,rotated_by_45_Screen Shot 2018-06-08 at 2.48.29 PM.png,0.05347177933673469,dark,False,100.05595090953084
RottenApple,rotated_by_45_Screen Shot 2018-06-08 at 2.48.43 PM.png,0.8288624043367347,bright,False,124.39945669888618
RottenApple,rotated_by_45_Screen Shot 2018-06-08 at 2.48.52 PM.png,0.1818797831632653,dark,False,123.9542055865112
RottenApple,rotated_by_45_Screen Shot 2018-06-08 at 2.49.27 PM.png,0.21532206632653061,dark,False,125.89175733326188
RottenApple,rotated_by_45_Screen Shot 2018-06-08 at 2.49.40 PM.png,0.07306281887755102,dark,False,124.67894442888507
RottenApple,rotated_by_45_Screen Shot 2018-06-08 at 2.50.22 PM.png,0.1908282844387755,dark,False,126.20092747192552
RottenApple,rotated_by_45_Screen Shot 2018-06-08 at 2.50.25 PM.png,0.1551139987244898,dark,False,112.38227704345411
RottenApple,rotated_by_45_Screen Shot 2018-06-08 at 2.50.33 PM.png,0.8277463329081632,bright,False,122.1048859988248
RottenApple,rotated_by_45_Screen Shot 2018-06-08 at 2.50.38 PM.png,0.08531967474489796,dark,False,119.00529074540297
RottenApple,rotated_by_45_Screen Shot 2018-06-08 at 2.50.49 PM.png,0.8285833864795918,bright,False,118.4785864698653
RottenApple,rotated_by_45_Screen Shot 2018-06-08 at 2.50.55 PM.png,0.8281847895408163,bright,False,123.71129301926476
RottenApple,rotated_by_45_Screen Shot 2018-06-08 at 2.51.09 PM.png,0.0846420599489796,dark,False,123.5403275025872
RottenApple,rotated_by_45_Screen Shot 2018-06-08 at 2.51.28 PM.png,0.8280452806122449,bright,False,122.9463205332623
RottenApple,rotated_by_45_Screen Shot 2018-06-08 at 2.51.43 PM.png,0.0692562181122449,dark,False,81.35362129912028
RottenApple,rotated_by_45_Screen Shot 2018-06-08 at 2.51.55 PM.png,0.8293207908163265,bright,False,126.45200724037998
RottenApple,rotated_by_45_Screen Shot 2018-06-08 at 2.52.05 PM.png,0.06503109056122448,dark,False,126.56132787430936
RottenApple,rotated_by_45_Screen Shot 2018-06-08 at 2.52.20 PM.png,0.0615234375,dark,False,122.31700702664875
RottenApple,rotated_by_45_Screen Shot 2018-06-08 at 2.52.43 PM.png,0.8283641581632653,bright,False,123.89580903607556
RottenApple,rotated_by_45_Screen Shot 2018-06-08 at 2.52.57 PM.png,0.059450733418367346,dark,False,123.47433791767746
RottenApple,rotated_by_45_Screen Shot 2018-06-08 at 2.53.14 PM.png,0.8295200892857143,bright,False,126.25728068767972
RottenApple,rotated_by_60_Screen Shot 2018-06-07 at 2.15.20 PM.png,0.050502232142857144,dark,False,125.08149507006154
RottenApple,rotated_by_60_Screen Shot 2018-06-07 at 2.15.34 PM.png,0.8423748405612245,bright,False,123.37162638988853
RottenApple,rotated_by_60_Screen Shot 2018-06-07 at 2.15.50 PM.png,0.8455835459183674,bright,False,116.31186940107646
RottenApple,rotated_by_60_Screen Shot 2018-06-07 at 2.16.18 PM.png,0.8454838966836735,bright,False,125.6963622460788
RottenApple,rotated_by_60_Screen Shot 2018-06-07 at 2.16.41 PM.png,0.0525749362244898,dark,False,122.49042178193172
RottenApple,rotated_by_60_Screen Shot 2018-06-07 at 2.16.54 PM.png,0.06556919642857142,dark,False,126.56947958699273
RottenApple,rotated_by_60_Screen Shot 2018-06-07 at 2.17.15 PM.png,0.053591358418367346,dark,False,123.99253071213877
RottenApple,rotated_by_60_Screen Shot 2018-06-07 at 2.18.13 PM.png,0.06750239158163265,dark,False,125.04797889631787
RottenApple,rotated_by_60_Screen Shot 2018-06-07 at 2.18.25 PM.png,0.06485172193877552,dark,False,122.20840392866678
RottenApple,rotated_by_60_Screen Shot 2018-06-07 at 2.18.57 PM.png,0.05072146045918367,dark,False,120.21010026191315
RottenApple,rotated_by_60_Screen Shot 2018-06-07 at 2.19.15 PM.png,0.8475765306122449,bright,False,120.5473363704674
RottenApple,rotated_by_60_Screen Shot 2018-06-07 at 2.19.37 PM.png,0.07788584183673469,dark,False,126.66995454225405
RottenApple,rotated_by_60_Screen Shot 2018-06-07 at 2.19.46 PM.png,0.8463807397959183,bright,False,118.14338221056931
RottenApple,rotated_by_60_Screen Shot 2018-06-07 at 2.20.04 PM.png,0.2576929209183674,dark,False,125.30827457994951
RottenApple,rotated_by_60_Screen Shot 2018-06-07 at 2.20.29 PM.png,0.8441685267857143,bright,False,125.78899323002274
RottenApple,rotated_by_60_Screen Shot 2018-06-07 at 2.20.34 PM.png,0.05189732142857143,dark,False,125.68331493866845
RottenApple,rotated_by_60_Screen Shot 2018-06-07 at 2.20.56 PM.png,0.07517538265306123,dark,False,122.7719769047683
RottenApple,rotated_by_60_Screen Shot 2018-06-07 at 2.21.09 PM.png,0.05540497448979592,dark,False,124.55577094516521
RottenApple,rotated_by_60_Screen Shot 2018-06-07 at 2.22.39 PM.png,0.05199697066326531,dark,False,124.48603743859276
RottenApple,rotated_by_60_Screen Shot 2018-06-07 at 2.23.02 PM.png,0.8434909119897959,bright,False,122.67145655306813
RottenApple,rotated_by_60_Screen Shot 2018-06-07 at 2.23.24 PM.png,0.8437699298469388,bright,False,120.07343390283602
RottenApple,rotated_by_60_Screen Shot 2018-06-07 at 2.23.40 PM.png,0.8452447385204082,bright,False,125.25930012852392
RottenApple,rotated_by_60_Screen Shot 2018-06-07 at 2.24.02 PM.png,0.08765146683673469,dark,False,119.36182200422984
RottenApple,rotated_by_60_Screen Shot 2018-06-07 at 2.24.35 PM.png,0.13783482142857142,dark,False,120.93771117218806
RottenApple,rotated_by_60_Screen Shot 2018-06-07 at 2.24.47 PM.png,0.05568399234693878,dark,False,126.31774328070662
RottenApple,rotated_by_60_Screen Shot 2018-06-07 at 2.24.59 PM.png,0.8219467474489796,bright,False,119.7060342782399
RottenApple,rotated_by_60_Screen Shot 2018-06-07 at 2.25.16 PM.png,0.8451251594387755,bright,False,125.03127400644296
RottenApple,rotated_by_60_Screen Shot 2018-06-07 at 2.25.26 PM.png,0.05855389030612245,dark,False,119.25551486933568
RottenApple,rotated_by_60_Screen Shot 2018-06-07 at 2.31.43 PM.png,0.845085299744898,bright,False,125.93650050318116
RottenApple,rotated_by_60_Screen Shot 2018-06-07 at 2.31.59 PM.png,0.8440090880102041,bright,False,125.4731632703786
RottenApple,rotated_by_60_Screen Shot 2018-06-07 at 2.33.38 PM.png,0.09141820790816327,dark,False,115.62188756878307
RottenApple,rotated_by_60_Screen Shot 2018-06-07 at 2.33.47 PM.png,0.06740274234693877,dark,False,123.2450218219866
RottenApple,rotated_by_60_Screen Shot 2018-06-07 at 2.34.18 PM.png,0.14945392219387754,dark,False,119.94867239477752
RottenApple,rotated_by_60_Screen Shot 2018-06-07 at 2.34.36 PM.png,0.8409398915816326,bright,False,114.47036875540482
RottenApple,rotated_by_60_Screen Shot 2018-06-07 at 2.34.49 PM.png,0.8441286670918368,bright,False,126.08348656854145
RottenApple,rotated_by_60_Screen Shot 2018-06-07 at 2.35.10 PM.png,0.06034757653061224,dark,False,124.49212585443205
RottenApple,rotated_by_60_Screen Shot 2018-06-07 at 2.35.21 PM.png,0.07282366071428571,dark,False,114.82470692117994
RottenApple,rotated_by_60_Screen Shot 2018-06-07 at 2.35.38 PM.png,0.05219626913265306,dark,False,120.56526749101708
RottenApple,rotated_by_60_Screen Shot 2018-06-07 at 2.36.06 PM.png,0.8435108418367347,bright,False,119.65202532455396
RottenApple,rotated_by_60_Screen Shot 2018-06-07 at 2.37.01 PM.png,0.050083705357142856,dark,False,125.00874674673999
RottenApple,rotated_by_60_Screen Shot 2018-06-07 at 2.37.11 PM.png,0.12460140306122448,dark,False,120.67329313957362
RottenApple,rotated_by_60_Screen Shot 2018-06-07 at 2.37.53 PM.png,0.07477678571428571,dark,False,126.62979795591828
RottenApple,rotated_by_60_Screen Shot 2018-06-07 at 2.38.04 PM.png,0.09361049107142858,dark,False,117.7984845757599
RottenApple,rotated_by_60_Screen Shot 2018-06-07 at 2.38.13 PM.png,0.8441286670918368,bright,False,125.34627371744
RottenApple,rotated_by_60_Screen Shot 2018-06-07 at 2.38.28 PM.png,0.8449258609693877,bright,False,125.7498702986237
RottenApple,rotated_by_60_Screen Shot 2018-06-07 at 2.38.38 PM.png,0.07447783801020408,dark,False,119.20469586452805
RottenApple,rotated_by_60_Screen Shot 2018-06-07 at 2.38.49 PM.png,0.10704320790816327,dark,False,122.50821964517361
RottenApple,rotated_by_60_Screen Shot 2018-06-07 at 2.38.59 PM.png,0.05052216198979592,dark,False,126.06246042598525
RottenApple,rotated_by_60_Screen Shot 2018-06-07 at 2.39.20 PM.png,0.8456234056122449,bright,False,122.22634523812269
RottenApple,rotated_by_60_Screen Shot 2018-06-07 at 2.39.26 PM.png,0.8435307716836735,bright,False,126.61022325322396
RottenApple,rotated_by_60_Screen Shot 2018-06-07 at 2.39.35 PM.png,0.050123565051020405,dark,False,123.5793598501861
RottenApple,rotated_by_60_Screen Shot 2018-06-07 at 2.39.44 PM.png,0.0623405612244898,dark,False,122.25190557717285
RottenApple,rotated_by_60_Screen Shot 2018-06-07 at 2.39.53 PM.png,0.06865832270408163,dark,False,126.09800947411907
RottenApple,rotated_by_60_Screen Shot 2018-06-07 at 2.40.00 PM.png,0.32778619260204084,dark,False,126.65676253973366
RottenApple,rotated_by_60_Screen Shot 2018-06-07 at 2.40.13 PM.png,0.05016342474489796,dark,False,119.16830639714219
RottenApple,rotated_by_60_Screen Shot 2018-06-07 at 2.40.48 PM.png,0.06244021045918367,dark,False,118.8575429485398
RottenApple,rotated_by_60_Screen Shot 2018-06-07 at 2.40.55 PM.png,0.0623405612244898,dark,False,116.04241878727713
RottenApple,rotated_by_60_Screen Shot 2018-06-07 at 2.41.07 PM.png,0.0768295599489796,dark,False,117.28720812375371
RottenApple,rotated_by_60_Screen Shot 2018-06-07 at 2.41.23 PM.png,0.05998883928571429,dark,False,117.15108002044174
RottenApple,rotated_by_60_Screen Shot 2018-06-07 at 2.41.32 PM.png,0.8464803890306123,bright,False,125.92480515119773
RottenApple,rotated_by_60_Screen Shot 2018-06-07 at 2.42.18 PM.png,0.057517538265306124,dark,False,119.09121936208153
RottenApple,rotated_by_60_Screen Shot 2018-06-07 at 2.42.25 PM.png,0.8461415816326531,bright,False,125.76829454443013
RottenApple,rotated_by_60_Screen Shot 2018-06-07 at 2.42.37 PM.png,0.8423549107142857,bright,False,112.80073342294331
RottenApple,rotated_by_60_Screen Shot 2018-06-07 at 2.42.58 PM.png,0.17566167091836735,dark,False,121.05226228605085
RottenApple,rotated_by_60_Screen Shot 2018-06-07 at 2.43.07 PM.png,0.1603954081632653,dark,False,119.98078643097831
RottenApple,rotated_by_60_Screen Shot 2018-06-07 at 2.43.13 PM.png,0.22618383290816327,dark,False,117.21650727699829
RottenApple,rotated_by_60_Screen Shot 2018-06-07 at 2.43.34 PM.png,0.1665935905612245,dark,False,124.98076401946338
RottenApple,rotated_by_60_Screen Shot 2018-06-07 at 2.43.48 PM.png,0.06244021045918367,dark,False,126.20855567275267
RottenApple,rotated_by_60_Screen Shot 2018-06-07 at 2.44.05 PM.png,0.08663504464285714,dark,False,94.46052956610687
RottenApple,rotated_by_60_Screen Shot 2018-06-07 at 2.44.26 PM.png,0.09151785714285714,dark,False,103.87502937196875
RottenApple,rotated_by_60_Screen Shot 2018-06-07 at 2.44.36 PM.png,0.8446867028061225,bright,False,108.58487702015857
RottenApple,rotated_by_60_Screen Shot 2018-06-07 at 2.44.51 PM.png,0.07158801020408163,dark,False,112.43995393673197
RottenApple,rotated_by_60_Screen Shot 2018-06-07 at 2.44.59 PM.png,0.8451052295918368,bright,False,125.23586881081877
RottenApple,rotated_by_60_Screen Shot 2018-06-07 at 2.45.09 PM.png,0.8451052295918368,bright,False,115.9673808900748
RottenApple,rotated_by_60_Screen Shot 2018-06-07 at 2.45.18 PM.png,0.05347177933673469,dark,False,114.62126306483628
RottenApple,rotated_by_60_Screen Shot 2018-06-07 at 2.45.35 PM.png,0.8432318239795918,bright,False,124.66689603811479
RottenApple,rotated_by_60_Screen Shot 2018-06-07 at 2.45.44 PM.png,0.0603874362244898,dark,False,124.66456616956013
RottenApple,rotated_by_60_Screen Shot 2018-06-07 at 2.46.04 PM.png,0.05325255102040816,dark,False,126.56910655027822
RottenApple,rotated_by_60_Screen Shot 2018-06-07 at 2.46.12 PM.png,0.06562898596938775,dark,False,126.46335170787488
RottenApple,rotated_by_60_Screen Shot 2018-06-07 at 2.46.32 PM.png,0.8439891581632653,bright,False,124.55871218916786
RottenApple,rotated_by_60_Screen Shot 2018-06-07 at 2.46.43 PM.png,0.8435706313775511,bright,False,107.17046708129357
RottenApple,rotated_by_60_Screen Shot 2018-06-07 at 2.46.52 PM.png,0.0568000637755102,dark,False,125.25038493105994
RottenApple,rotated_by_60_Screen Shot 2018-06-07 at 2.47.01 PM.png,0.8425741390306123,bright,False,116.90614910655681
RottenApple,rotated_by_60_Screen Shot 2018-06-07 at 2.47.27 PM.png,0.06796077806122448,dark,False,114.30649074155808
RottenApple,rotated_by_60_Screen Shot 2018-06-07 at 2.47.35 PM.png,0.8437898596938775,bright,False,116.98931722983043
RottenApple,rotated_by_60_Screen Shot 2018-06-07 at 2.47.50 PM.png,0.05084103954081633,dark,False,118.76790186093747
RottenApple,rotated_by_60_Screen Shot 2018-06-07 at 2.50.09 PM.png,0.056540975765306124,dark,False,126.61212128784211
RottenApple,rotated_by_60_Screen Shot 2018-06-07 at 2.50.31 PM.png,0.06885762117346939,dark,False,125.9796880006755
RottenApple,rotated_by_60_Screen Shot 2018-06-07 at 2.50.43 PM.png,0.05845424107142857,dark,False,96.28635453989084
RottenApple,rotated_by_60_Screen Shot 2018-06-07 at 2.50.52 PM.png,0.05044244260204082,dark,False,85.41191933670179
RottenApple,rotated_by_60_Screen Shot 2018-06-07 at 2.51.01 PM.png,0.05076132015306122,dark,False,125.85895395759314
RottenApple,rotated_by_60_Screen Shot 2018-06-07 at 2.51.08 PM.png,0.05646125637755102,dark,False,124.53027290606828
RottenApple,rotated_by_60_Screen Shot 2018-06-07 at 2.51.16 PM.png,0.050681600765306124,dark,False,125.71943348274063
RottenApple,rotated_by_60_Screen Shot 2018-06-07 at 2.51.37 PM.png,0.06040736607142857,dark,False,123.35532675042549
RottenApple,rotated_by_60_Screen Shot 2018-06-07 at 2.52.00 PM.png,0.07220583545918367,dark,False,97.9598800629196
RottenApple,rotated_by_60_Screen Shot 2018-06-07 at 2.52.09 PM.png,0.12864716198979592,dark,False,117.983102348607
RottenApple,rotated_by_60_Screen Shot 2018-06-07 at 2.52.22 PM.png,0.05181760204081633,dark,False,121.7567854650395
RottenApple,rotated_by_60_Screen Shot 2018-06-07 at 2.52.30 PM.png,0.17085857780612246,dark,False,110.73748480150408
RottenApple,rotated_by_60_Screen Shot 2018-06-07 at 2.53.20 PM.png,0.8460220025510204,bright,False,117.22477422770855
RottenApple,rotated_by_60_Screen Shot 2018-06-07 at 2.53.33 PM.png,0.07541454081632654,dark,False,114.5692876609542
RottenApple,rotated_by_60_Screen Shot 2018-06-07 at 2.53.57 PM.png,0.052056760204081634,dark,False,123.31856454437032
RottenApple,rotated_by_60_Screen Shot 2018-06-07 at 2.54.08 PM.png,0.21454480229591838,dark,False,125.6240071574354
RottenApple,rotated_by_60_Screen Shot 2018-06-07 at 2.54.41 PM.png,0.05963010204081633,dark,False,109.18788321476798
RottenApple,rotated_by_60_Screen Shot 2018-06-07 at 2.54.49 PM.png,0.1638233418367347,dark,False,126.64830249659082
RottenApple,rotated_by_60_Screen Shot 2018-06-07 at 2.54.58 PM.png,0.06688456632653061,dark,False,120.50902222348681
RottenApple,rotated_by_60_Screen Shot 2018-06-07 at 2.55.27 PM.png,0.8438496492346939,bright,False,125.56714706197484
RottenApple,rotated_by_60_Screen Shot 2018-06-07 at 2.55.52 PM.png,0.06232063137755102,dark,False,124.70167218362208
RottenApple,rotated_by_60_Screen Shot 2018-06-07 at 2.56.16 PM.png,0.09400908801020408,dark,False,120.0533121055664
RottenApple,rotated_by_60_Screen Shot 2018-06-07 at 2.56.34 PM.png,0.8451650191326531,bright,False,122.978820281972
RottenApple,rotated_by_60_Screen Shot 2018-06-07 at 2.56.57 PM.png,0.07605229591836735,dark,False,126.28274616239749
RottenApple,rotated_by_60_Screen Shot 2018-06-07 at 2.57.05 PM.png,0.2696508290816326,dark,False,126.2880103616532
RottenApple,rotated_by_60_Screen Shot 2018-06-07 at 2.57.13 PM.png,0.39182079081632654,dark,False,110.12638332572864
RottenApple,rotated_by_60_Screen Shot 2018-06-07 at 2.57.17 PM.png,0.25077726403061223,dark,False,122.1159802799412
RottenApple,rotated_by_60_Screen Shot 2018-06-07 at 2.57.26 PM.png,0.1419403698979592,dark,False,121.54813539194008
RottenApple,rotated_by_60_Screen Shot 2018-06-07 at 2.57.42 PM.png,0.05135921556122449,dark,False,126.65345788017987
RottenApple,rotated_by_60_Screen Shot 2018-06-07 at 2.57.49 PM.png,0.06465242346938775,dark,False,126.53173216134455
RottenApple,rotated_by_60_Screen Shot 2018-06-07 at 2.58.04 PM.png,0.845085299744898,bright,False,126.11662141641618
RottenApple,rotated_by_60_Screen Shot 2018-06-07 at 2.58.17 PM.png,0.05121970663265306,dark,False,123.51184547457017
RottenApple,rotated_by_60_Screen Shot 2018-06-07 at 2.58.30 PM.png,0.06794084821428571,dark,False,123.89859248975036
RottenApple,rotated_by_60_Screen Shot 2018-06-07 at 2.58.47 PM.png,0.05747767857142857,dark,False,125.29522514301152
RottenApple,rotated_by_60_Screen Shot 2018-06-07 at 2.58.57 PM.png,0.05763711734693878,dark,False,125.68606084104742
RottenApple,rotated_by_60_Screen Shot 2018-06-07 at 2.59.09 PM.png,0.16814811862244897,dark,False,125.04314588229313
RottenApple,rotated_by_60_Screen Shot 2018-06-07 at 2.59.13 PM.png,0.1494937818877551,dark,False,125.43672720059455
RottenApple,rotated_by_60_Screen Shot 2018-06-07 at 2.59.23 PM.png,0.23957669005102042,dark,False,125.82471939923857
RottenApple,rotated_by_60_Screen Shot 2018-06-07 at 2.59.38 PM.png,0.8452646683673469,bright,False,117.71872766739263
RottenApple,rotated_by_60_Screen Shot 2018-06-07 at 2.59.52 PM.png,0.18044483418367346,dark,False,118.62095233473258
RottenApple,rotated_by_60_Screen Shot 2018-06-07 at 3.00.00 PM.png,0.13440688775510204,dark,False,114.07396615899616
RottenApple,rotated_by_60_Screen Shot 2018-06-07 at 3.00.25 PM.png,0.43688217474489793,dark,False,126.65888664944146
RottenApple,rotated_by_60_Screen Shot 2018-06-07 at 3.00.33 PM.png,0.505500637755102,dark,False,126.6747747426695
RottenApple,rotated_by_60_Screen Shot 2018-06-07 at 3.00.40 PM.png,0.4440967793367347,dark,False,124.854528214168
RottenApple,rotated_by_60_Screen Shot 2018-06-07 at 3.00.46 PM.png,0.48826132015306123,dark,False,125.58717143334336
RottenApple,rotated_by_60_Screen Shot 2018-06-07 at 3.00.56 PM.png,0.8429926658163265,bright,False,124.52728491047456
RottenApple,rotated_by_60_Screen Shot 2018-06-07 at 3.01.09 PM.png,0.3461216517857143,dark,False,126.65717501460813
RottenApple,rotated_by_60_Screen Shot 2018-06-07 at 3.01.21 PM.png,0.06228077168367347,dark,False,122.19327000888802
RottenApple,rotated_by_60_Screen Shot 2018-06-07 at 3.01.38 PM.png,0.2880859375,dark,False,120.60433944601657
RottenApple,rotated_by_60_Screen Shot 2018-06-07 at 3.02.02 PM.png,0.21657764668367346,dark,False,125.51695720933363
RottenApple,rotated_by_60_Screen Shot 2018-06-07 at 3.02.09 PM.png,0.05034279336734694,dark,False,126.30388928967834
RottenApple,rotated_by_60_Screen Shot 2018-06-07 at 3.02.18 PM.png,0.13819355867346939,dark,False,107.8442881226453
RottenApple,rotated_by_60_Screen Shot 2018-06-07 at 3.02.24 PM.png,0.8458227040816326,bright,False,125.89367999258901
RottenApple,rotated_by_60_Screen Shot 2018-06-07 at 3.02.37 PM.png,0.21474410076530612,dark,False,122.2907573434107
RottenApple,rotated_by_60_Screen Shot 2018-06-07 at 3.02.51 PM.png,0.05297353316326531,dark,False,122.9800522440521
RottenApple,rotated_by_60_Screen Shot 2018-06-07 at 3.03.02 PM.png,0.14269770408163265,dark,False,117.05470736619183
RottenApple,rotated_by_60_Screen Shot 2018-06-07 at 3.03.12 PM.png,0.09518494897959184,dark,False,126.64640884109254
RottenApple,rotated_by_60_Screen Shot 2018-06-07 at 3.03.21 PM.png,0.08143335459183673,dark,False,126.43688420799634
RottenApple,rotated_by_60_Screen Shot 2018-06-07 at 3.03.31 PM.png,0.8451849489795918,bright,False,126.69858079206567
RottenApple,rotated_by_60_Screen Shot 2018-06-07 at 3.03.46 PM.png,0.0821109693877551,dark,False,122.21729233426935
RottenApple,rotated_by_60_Screen Shot 2018-06-07 at 3.03.58 PM.png,0.8449059311224489,bright,False,119.00018595666677
RottenApple,rotated_by_60_Screen Shot 2018-06-07 at 3.04.10 PM.png,0.05002391581632653,dark,False,122.49645780472599
RottenApple,rotated_by_60_Screen Shot 2018-06-07 at 3.04.24 PM.png,0.8449457908163265,bright,False,119.00774295673311
RottenApple,rotated_by_60_Screen Shot 2018-06-07 at 3.04.41 PM.png,0.8456034757653061,bright,False,126.60867113335559
RottenApple,rotated_by_60_Screen Shot 2018-06-07 at 3.04.47 PM.png,0.07302295918367346,dark,False,126.11357212003145
RottenApple,rotated_by_60_Screen Shot 2018-06-07 at 3.04.58 PM.png,0.059689891581632654,dark,False,125.97425678394224
RottenApple,rotated_by_60_Screen Shot 2018-06-07 at 3.05.05 PM.png,0.1572863520408163,dark,False,124.62631481444959
RottenApple,rotated_by_60_Screen Shot 2018-06-07 at 3.05.29 PM.png,0.061802455357142856,dark,False,110.80785958867487
RottenApple,rotated_by_60_Screen Shot 2018-06-07 at 3.05.38 PM.png,0.10566804846938775,dark,False,121.16733942422714
RottenApple,rotated_by_60_Screen Shot 2018-06-07 at 3.05.53 PM.png,0.08888711734693877,dark,False,125.15331101347203
RottenApple,rotated_by_60_Screen Shot 2018-06-07 at 3.06.06 PM.png,0.19084821428571427,dark,False,122.99130741520516
RottenApple,rotated_by_60_Screen Shot 2018-06-07 at 3.06.11 PM.png,0.05668048469387755,dark,False,124.51192138267326
RottenApple,rotated_by_60_Screen Shot 2018-06-07 at 3.06.22 PM.png,0.06513073979591837,dark,False,119.77118582232175
RottenApple,rotated_by_60_Screen Shot 2018-06-07 at 3.06.30 PM.png,0.06186224489795918,dark,False,118.83569566354812
RottenApple,rotated_by_60_Screen Shot 2018-06-07 at 3.06.51 PM.png,0.08824936224489796,dark,False,119.64269279108233
RottenApple,rotated_by_60_Screen Shot 2018-06-07 at 3.17.25 PM.png,0.051678093112244895,dark,False,122.42552588405317
RottenApple,rotated_by_60_Screen Shot 2018-06-07 at 3.17.32 PM.png,0.08432318239795919,dark,False,90.37893800106134
RottenApple,rotated_by_60_Screen Shot 2018-06-08 at 2.21.33 PM.png,0.05863360969387755,dark,False,125.23376190886624
RottenApple,rotated_by_60_Screen Shot 2018-06-08 at 2.23.40 PM.png,0.06090561224489796,dark,False,125.3430391507746
RottenApple,rotated_by_60_Screen Shot 2018-06-08 at 2.23.48 PM.png,0.06760204081632654,dark,False,124.57380390551327
RottenApple,rotated_by_60_Screen Shot 2018-06-08 at 2.24.09 PM.png,0.8426737882653061,bright,False,126.2016624759395
RottenApple,rotated_by_60_Screen Shot 2018-06-08 at 2.24.15 PM.png,0.8441286670918368,bright,False,124.8634903636527
RottenApple,rotated_by_60_Screen Shot 2018-06-08 at 2.24.31 PM.png,0.06244021045918367,dark,False,124.49348393405249
RottenApple,rotated_by_60_Screen Shot 2018-06-08 at 2.24.37 PM.png,0.8436503507653061,bright,False,124.61176909638398
RottenApple,rotated_by_60_Screen Shot 2018-06-08 at 2.24.46 PM.png,0.8450653698979592,bright,False,122.31987294096086
RottenApple,rotated_by_60_Screen Shot 2018-06-08 at 2.25.17 PM.png,0.05522560586734694,dark,False,123.83822294896238
RottenApple,rotated_by_60_Screen Shot 2018-06-08 at 2.25.24 PM.png,0.8458625637755102,bright,False,126.42105381754736
RottenApple,rotated_by_60_Screen Shot 2018-06-08 at 2.25.43 PM.png,0.8439692283163265,bright,False,125.90338001698404
RottenApple,rotated_by_60_Screen Shot 2018-06-08 at 2.26.09 PM.png,0.06529017857142858,dark,False,126.02315300899886
RottenApple,rotated_by_60_Screen Shot 2018-06-08 at 2.26.44 PM.png,0.8447265625,bright,False,122.11289654361049
RottenApple,rotated_by_60_Screen Shot 2018-06-08 at 2.26.55 PM.png,0.09143813775510204,dark,False,126.33240634828576
RottenApple,rotated_by_60_Screen Shot 2018-06-08 at 2.27.15 PM.png,0.8442881058673469,bright,False,125.57893757470332
RottenApple,rotated_by_60_Screen Shot 2018-06-08 at 2.27.44 PM.png,0.8452845982142857,bright,False,119.03397185126671
RottenApple,rotated_by_60_Screen Shot 2018-06-08 at 2.28.00 PM.png,0.05586336096938776,dark,False,125.26954330530639
RottenApple,rotated_by_60_Screen Shot 2018-06-08 at 2.28.07 PM.png,0.06216119260204082,dark,False,125.50702684801983
RottenApple,rotated_by_60_Screen Shot 2018-06-08 at 2.28.12 PM.png,0.09265385841836735,dark,False,125.50847259576112
RottenApple,rotated_by_60_Screen Shot 2018-06-08 at 2.28.23 PM.png,0.05955038265306122,dark,False,126.45290386959148
RottenApple,rotated_by_60_Screen Shot 2018-06-08 at 2.28.42 PM.png,0.062201052295918366,dark,False,125.62622407780476
RottenApple,rotated_by_60_Screen Shot 2018-06-08 at 2.29.10 PM.png,0.05759725765306122,dark,False,123.82704133852297
RottenApple,rotated_by_60_Screen Shot 2018-06-08 at 2.29.33 PM.png,0.06409438775510204,dark,False,125.24865642367683
RottenApple,rotated_by_60_Screen Shot 2018-06-08 at 2.29.55 PM.png,0.2424266581632653,dark,False,122.41872990085648
RottenApple,rotated_by_60_Screen Shot 2018-06-08 at 2.30.26 PM.png,0.07208625637755102,dark,False,122.16511441076956
RottenApple,rotated_by_60_Screen Shot 2018-06-08 at 2.30.31 PM.png,0.056760204081632654,dark,False,119.22295076596889
RottenApple,rotated_by_60_Screen Shot 2018-06-08 at 2.30.40 PM.png,0.05951052295918367,dark,False,113.968492665216
RottenApple,rotated_by_60_Screen Shot 2018-06-08 at 2.30.45 PM.png,0.2614198022959184,dark,False,119.03907936883768
RottenApple,rotated_by_60_Screen Shot 2018-06-08 at 2.30.51 PM.png,0.09747688137755102,dark,False,120.22676734131956
RottenApple,rotated_by_60_Screen Shot 2018-06-08 at 2.30.57 PM.png,0.07322225765306123,dark,False,114.7690808493354
RottenApple,rotated_by_60_Screen Shot 2018-06-08 at 2.31.03 PM.png,0.05472735969387755,dark,False,123.42006556314128
RottenApple,rotated_by_60_Screen Shot 2018-06-08 at 2.31.08 PM.png,0.8439094387755102,bright,False,121.79966983573871
RottenApple,rotated_by_60_Screen Shot 2018-06-08 at 2.31.16 PM.png,0.8451251594387755,bright,False,123.16835086815736
RottenApple,rotated_by_60_Screen Shot 2018-06-08 at 2.31.23 PM.png,0.05953045280612245,dark,False,117.98613178675329
RottenApple,rotated_by_60_Screen Shot 2018-06-08 at 2.31.33 PM.png,0.07615194515306123,dark,False,126.17887808309918
RottenApple,rotated_by_60_Screen Shot 2018-06-08 at 2.31.45 PM.png,0.06244021045918367,dark,False,125.60339721665783
RottenApple,rotated_by_60_Screen Shot 2018-06-08 at 2.32.10 PM.png,0.053013392857142856,dark,False,122.48515067314611
RottenApple,rotated_by_60_Screen Shot 2018-06-08 at 2.32.42 PM.png,0.8456632653061225,bright,False,118.68784968015763
RottenApple,rotated_by_60_Screen Shot 2018-06-08 at 2.33.04 PM.png,0.8461814413265306,bright,False,119.24246236248742
RottenApple,rotated_by_60_Screen Shot 2018-06-08 at 2.33.28 PM.png,0.13368941326530612,dark,False,118.03346255577384
RottenApple,rotated_by_60_Screen Shot 2018-06-08 at 2.33.49 PM.png,0.06134406887755102,dark,False,126.54595011009758
RottenApple,rotated_by_60_Screen Shot 2018-06-08 at 2.34.05 PM.png,0.8434510522959183,bright,False,122.29102944916978
RottenApple,rotated_by_60_Screen Shot 2018-06-08 at 2.34.37 PM.png,0.062400350765306124,dark,False,126.28830986241415
RottenApple,rotated_by_60_Screen Shot 2018-06-08 at 2.34.42 PM.png,0.8439094387755102,bright,False,116.16486293987374
RottenApple,rotated_by_60_Screen Shot 2018-06-08 at 2.34.47 PM.png,0.0673030931122449,dark,False,124.57957561894916
RottenApple,rotated_by_60_Screen Shot 2018-06-08 at 2.35.03 PM.png,0.8456632653061225,bright,False,126.48971828130134
RottenApple,rotated_by_60_Screen Shot 2018-06-08 at 2.35.10 PM.png,0.10680404974489796,dark,False,117.935577033784
RottenApple,rotated_by_60_Screen Shot 2018-06-08 at 2.35.32 PM.png,0.1636639030612245,dark,False,124.49985812080928
RottenApple,rotated_by_60_Screen Shot 2018-06-08 at 2.35.37 PM.png,0.8447664221938775,bright,False,123.95806761327272
RottenApple,rotated_by_60_Screen Shot 2018-06-08 at 2.36.01 PM.png,0.06403459821428571,dark,False,123.98064225474974
RottenApple,rotated_by_60_Screen Shot 2018-06-08 at 2.36.23 PM.png,0.07459741709183673,dark,False,121.29167785887178
RottenApple,rotated_by_60_Screen Shot 2018-06-08 at 2.36.31 PM.png,0.10339604591836735,dark,False,124.06671725093766
RottenApple,rotated_by_60_Screen Shot 2018-06-08 at 2.37.03 PM.png,0.06449298469387756,dark,False,123.08226248288109
RottenApple,rotated_by_60_Screen Shot 2018-06-08 at 2.37.13 PM.png,0.06359614158163265,dark,False,121.43601680546813
RottenApple,rotated_by_60_Screen Shot 2018-06-08 at 2.37.53 PM.png,0.054607780612244895,dark,False,124.81249488793124
RottenApple,rotated_by_60_Screen Shot 2018-06-08 at 2.38.33 PM.png,0.8463408801020408,bright,False,126.44456758614577
RottenApple,rotated_by_60_Screen Shot 2018-06-08 at 2.38.54 PM.png,0.05492665816326531,dark,False,126.0156111908877
RottenApple,rotated_by_60_Screen Shot 2018-06-08 at 2.39.02 PM.png,0.17169563137755103,dark,False,126.50894403579271
RottenApple,rotated_by_60_Screen Shot 2018-06-08 at 2.39.21 PM.png,0.12352519132653061,dark,False,125.29360238877682
RottenApple,rotated_by_60_Screen Shot 2018-06-08 at 2.39.26 PM.png,0.06170280612244898,dark,False,122.52724475564867
RottenApple,rotated_by_60_Screen Shot 2018-06-08 at 2.39.35 PM.png,0.08262914540816327,dark,False,121.8099720718878
RottenApple,rotated_by_60_Screen Shot 2018-06-08 at 2.39.51 PM.png,0.0594108737244898,dark,False,124.53485973919351
RottenApple,rotated_by_60_Screen Shot 2018-06-08 at 2.40.13 PM.png,0.15834263392857142,dark,False,126.23315432852833
RottenApple,rotated_by_60_Screen Shot 2018-06-08 at 2.40.38 PM.png,0.8447066326530612,bright,False,123.71621055031683
RottenApple,rotated_by_60_Screen Shot 2018-06-08 at 2.40.46 PM.png,0.8454041772959183,bright,False,125.24965521856552
RottenApple,rotated_by_60_Screen Shot 2018-06-08 at 2.41.39 PM.png,0.05100047831632653,dark,False,126.02564840671955
RottenApple,rotated_by_60_Screen Shot 2018-06-08 at 2.41.44 PM.png,0.09105947066326531,dark,False,126.58598300430134
RottenApple,rotated_by_60_Screen Shot 2018-06-08 at 2.41.54 PM.png,0.22000558035714285,dark,False,115.70915346337314
RottenApple,rotated_by_60_Screen Shot 2018-06-08 at 2.42.06 PM.png,0.10837850765306123,dark,False,125.02452170002749
RottenApple,rotated_by_60_Screen Shot 2018-06-08 at 2.42.22 PM.png,0.8447066326530612,bright,False,126.61841827118451
RottenApple,rotated_by_60_Screen Shot 2018-06-08 at 2.42.38 PM.png,0.11479591836734694,dark,False,124.339093238065
RottenApple,rotated_by_60_Screen Shot 2018-06-08 at 2.42.52 PM.png,0.05895248724489796,dark,False,124.8292896963
RottenApple,rotated_by_60_Screen Shot 2018-06-08 at 2.42.58 PM.png,0.8455237563775511,bright,False,126.61412413344385
RottenApple,rotated_by_60_Screen Shot 2018-06-08 at 2.43.29 PM.png,0.11904097576530612,dark,False,52.47823681372241
RottenApple,rotated_by_60_Screen Shot 2018-06-08 at 2.44.54 PM.png,0.06415417729591837,dark,False,122.33073422434357
RottenApple,rotated_by_60_Screen Shot 2018-06-08 at 2.45.44 PM.png,0.6868423150510204,bright,False,74.13052212577564
RottenApple,rotated_by_60_Screen Shot 2018-06-08 at 2.45.50 PM.png,0.1256377551020408,dark,False,83.87006338206093
RottenApple,rotated_by_60_Screen Shot 2018-06-08 at 2.45.58 PM.png,0.7154217155612245,bright,False,71.9061513436901
RottenApple,rotated_by_60_Screen Shot 2018-06-08 at 2.46.08 PM.png,0.8464205994897959,bright,False,126.19862097269623
RottenApple,rotated_by_60_Screen Shot 2018-06-08 at 2.46.25 PM.png,0.06088568239795918,dark,False,110.8713979322596
RottenApple,rotated_by_60_Screen Shot 2018-06-08 at 2.46.36 PM.png,0.8427535076530612,bright,False,125.97762532382471
RottenApple,rotated_by_60_Screen Shot 2018-06-08 at 2.46.44 PM.png,0.8467793367346939,bright,False,126.42452612272388
RottenApple,rotated_by_60_Screen Shot 2018-06-08 at 2.46.50 PM.png,0.8446069834183674,bright,False,126.68270815380477
RottenApple,rotated_by_60_Screen Shot 2018-06-08 at 2.47.03 PM.png,0.06435347576530612,dark,False,122.7055408204043
RottenApple,rotated_by_60_Screen Shot 2018-06-08 at 2.47.30 PM.png,0.8452845982142857,bright,False,124.90210145276474
RottenApple,rotated_by_60_Screen Shot 2018-06-08 at 2.47.37 PM.png,0.05961017219387755,dark,False,120.90774573944837
RottenApple,rotated_by_60_Screen Shot 2018-06-08 at 2.47.54 PM.png,0.8445471938775511,bright,False,126.54761707830215
RottenApple,rotated_by_60_Screen Shot 2018-06-08 at 2.48.00 PM.png,0.07517538265306123,dark,False,117.63498773394856
RottenApple,rotated_by_60_Screen Shot 2018-06-08 at 2.48.09 PM.png,0.12055564413265306,dark,False,123.68946727191398
RottenApple,rotated_by_60_Screen Shot 2018-06-08 at 2.48.15 PM.png,0.287288743622449,dark,False,123.3500559134207
RottenApple,rotated_by_60_Screen Shot 2018-06-08 at 2.48.29 PM.png,0.05060188137755102,dark,False,99.52503320000342
RottenApple,rotated_by_60_Screen Shot 2018-06-08 at 2.48.43 PM.png,0.8451450892857143,bright,False,125.08445599725381
RottenApple,rotated_by_60_Screen Shot 2018-06-08 at 2.48.52 PM.png,0.18624441964285715,dark,False,122.258269615836
RottenApple,rotated_by_60_Screen Shot 2018-06-08 at 2.49.27 PM.png,0.21709582270408162,dark,False,124.0047657490528
RottenApple,rotated_by_60_Screen Shot 2018-06-08 at 2.49.40 PM.png,0.08288823341836735,dark,False,122.11721488968497
RottenApple,rotated_by_60_Screen Shot 2018-06-08 at 2.50.14 PM.png,0.845085299744898,bright,False,123.77692745312635
RottenApple,rotated_by_60_Screen Shot 2018-06-08 at 2.50.22 PM.png,0.1931999362244898,dark,False,126.54248534741701
RottenApple,rotated_by_60_Screen Shot 2018-06-08 at 2.50.25 PM.png,0.2546436543367347,dark,False,114.2601681178155
RottenApple,rotated_by_60_Screen Shot 2018-06-08 at 2.50.33 PM.png,0.8438097895408163,bright,False,123.01469619701709
RottenApple,rotated_by_60_Screen Shot 2018-06-08 at 2.50.55 PM.png,0.8449258609693877,bright,False,123.64356246423813
RottenApple,rotated_by_60_Screen Shot 2018-06-08 at 2.51.28 PM.png,0.8437300701530612,bright,False,123.73776395629174
RottenApple,rotated_by_60_Screen Shot 2018-06-08 at 2.51.43 PM.png,0.08808992346938775,dark,False,80.433770662685
RottenApple,rotated_by_60_Screen Shot 2018-06-08 at 2.51.55 PM.png,0.8452845982142857,bright,False,126.5296430328675
RottenApple,rotated_by_60_Screen Shot 2018-06-08 at 2.52.43 PM.png,0.8442881058673469,bright,False,124.24007874848901
RottenApple,rotated_by_60_Screen Shot 2018-06-08 at 2.52.57 PM.png,0.06271922831632654,dark,False,123.80763676380063
RottenApple,rotated_by_60_Screen Shot 2018-06-08 at 2.53.14 PM.png,0.8457629145408163,bright,False,126.07955244531551
RottenApple,rotated_by_75_Screen Shot 2018-06-07 at 2.15.20 PM.png,0.8916613520408163,bright,False,123.11087305302497
RottenApple,rotated_by_75_Screen Shot 2018-06-07 at 2.15.50 PM.png,0.8975805165816326,bright,False,117.90835320010973
RottenApple,rotated_by_75_Screen Shot 2018-06-07 at 2.16.18 PM.png,0.8978794642857143,bright,False,124.56171914044154
RottenApple,rotated_by_75_Screen Shot 2018-06-07 at 2.16.41 PM.png,0.8892299107142857,bright,False,121.83961556093419
RottenApple,rotated_by_75_Screen Shot 2018-06-07 at 2.16.54 PM.png,0.06562898596938775,dark,False,125.89402274329723
RottenApple,rotated_by_75_Screen Shot 2018-06-07 at 2.17.15 PM.png,0.8848254145408163,bright,False,124.31132910116939
RottenApple,rotated_by_75_Screen Shot 2018-06-07 at 2.17.25 PM.png,0.06016820790816327,dark,False,125.12217119188881
RottenApple,rotated_by_75_Screen Shot 2018-06-07 at 2.18.25 PM.png,0.06491151147959184,dark,False,122.44483796569762
RottenApple,rotated_by_75_Screen Shot 2018-06-07 at 2.18.57 PM.png,0.8952088647959183,bright,False,119.90040385445384
RottenApple,rotated_by_75_Screen Shot 2018-06-07 at 2.19.15 PM.png,0.1683673469387755,dark,False,121.79604928386692
RottenApple,rotated_by_75_Screen Shot 2018-06-07 at 2.19.37 PM.png,0.08605707908163265,dark,False,125.54513171010883
RottenApple,rotated_by_75_Screen Shot 2018-06-07 at 2.20.04 PM.png,0.2551219706632653,dark,False,126.4241181056462
RottenApple,rotated_by_75_Screen Shot 2018-06-07 at 2.20.29 PM.png,0.05112005739795918,dark,False,124.82251101017907
RottenApple,rotated_by_75_Screen Shot 2018-06-07 at 2.20.34 PM.png,0.8897879464285714,bright,False,124.52305990277817
RottenApple,rotated_by_75_Screen Shot 2018-06-07 at 2.20.46 PM.png,0.08529974489795919,dark,False,123.49520042640722
RottenApple,rotated_by_75_Screen Shot 2018-06-07 at 2.20.56 PM.png,0.08155293367346939,dark,False,122.89085115610868
RottenApple,rotated_by_75_Screen Shot 2018-06-07 at 2.22.39 PM.png,0.06509088010204081,dark,False,124.53040362988747
RottenApple,rotated_by_75_Screen Shot 2018-06-07 at 2.23.02 PM.png,0.8838488520408163,bright,False,121.62482505276529
RottenApple,rotated_by_75_Screen Shot 2018-06-07 at 2.23.40 PM.png,0.8992346938775511,bright,False,123.79585136810807
RottenApple,rotated_by_75_Screen Shot 2018-06-07 at 2.23.51 PM.png,0.8920400191326531,bright,False,124.38163755833746
RottenApple,rotated_by_75_Screen Shot 2018-06-07 at 2.24.02 PM.png,0.10118383290816327,dark,False,119.97058916074002
RottenApple,rotated_by_75_Screen Shot 2018-06-07 at 2.24.35 PM.png,0.14540816326530612,dark,False,122.37807687696932
RottenApple,rotated_by_75_Screen Shot 2018-06-07 at 2.24.47 PM.png,0.8833306760204082,bright,False,125.58521777309431
RottenApple,rotated_by_75_Screen Shot 2018-06-07 at 2.24.59 PM.png,0.3988560267857143,dark,False,121.61914312620884
RottenApple,rotated_by_75_Screen Shot 2018-06-07 at 2.25.26 PM.png,0.05426897321428571,dark,False,120.62872187227693
RottenApple,rotated_by_75_Screen Shot 2018-06-07 at 2.31.59 PM.png,0.8953882334183674,bright,False,124.60471246634357
RottenApple,rotated_by_75_Screen Shot 2018-06-07 at 2.33.38 PM.png,0.1045719068877551,dark,False,118.5866147529674
RottenApple,rotated_by_75_Screen Shot 2018-06-07 at 2.33.47 PM.png,0.06823979591836735,dark,False,122.51580882232024
RottenApple,rotated_by_75_Screen Shot 2018-06-07 at 2.34.36 PM.png,0.07818478954081633,dark,False,114.96978907801137
RottenApple,rotated_by_75_Screen Shot 2018-06-07 at 2.34.49 PM.png,0.89453125,bright,False,125.23207074693157
RottenApple,rotated_by_75_Screen Shot 2018-06-07 at 2.35.10 PM.png,0.05717873086734694,dark,False,124.12293382081846
RottenApple,rotated_by_75_Screen Shot 2018-06-07 at 2.35.21 PM.png,0.07766661352040816,dark,False,115.98853039703211
RottenApple,rotated_by_75_Screen Shot 2018-06-07 at 2.35.38 PM.png,0.8866988201530612,bright,False,120.9428454207454
RottenApple,rotated_by_75_Screen Shot 2018-06-07 at 2.36.06 PM.png,0.054607780612244895,dark,False,119.37206892936666
RottenApple,rotated_by_75_Screen Shot 2018-06-07 at 2.37.01 PM.png,0.8912627551020408,bright,False,124.52516363279601
RottenApple,rotated_by_75_Screen Shot 2018-06-07 at 2.37.20 PM.png,0.15353954081632654,dark,False,118.4250397396382
RottenApple,rotated_by_75_Screen Shot 2018-06-07 at 2.37.32 PM.png,0.8978595344387755,bright,False,122.39586306514103
RottenApple,rotated_by_75_Screen Shot 2018-06-07 at 2.37.43 PM.png,0.05239556760204082,dark,False,118.57692113565876
RottenApple,rotated_by_75_Screen Shot 2018-06-07 at 2.37.53 PM.png,0.07539461096938775,dark,False,125.44891179964107
RottenApple,rotated_by_75_Screen Shot 2018-06-07 at 2.38.04 PM.png,0.11258370535714286,dark,False,112.40750443817622
RottenApple,rotated_by_75_Screen Shot 2018-06-07 at 2.38.13 PM.png,0.8949896364795918,bright,False,124.31399759571862
RottenApple,rotated_by_75_Screen Shot 2018-06-07 at 2.38.28 PM.png,0.8970025510204082,bright,False,124.59385318000166
RottenApple,rotated_by_75_Screen Shot 2018-06-07 at 2.38.49 PM.png,0.2209422831632653,dark,False,123.27843296231838
RottenApple,rotated_by_75_Screen Shot 2018-06-07 at 2.38.59 PM.png,0.05169802295918367,dark,False,125.35857347111259
RottenApple,rotated_by_75_Screen Shot 2018-06-07 at 2.39.20 PM.png,0.8991749043367347,bright,False,121.85805442862376
RottenApple,rotated_by_75_Screen Shot 2018-06-07 at 2.39.26 PM.png,0.8927375637755102,bright,False,125.47997417386982
RottenApple,rotated_by_75_Screen Shot 2018-06-07 at 2.40.13 PM.png,0.8923987563775511,bright,False,119.3596198661122
RottenApple,rotated_by_75_Screen Shot 2018-06-07 at 2.40.28 PM.png,0.28087133290816324,dark,False,124.33611350316126
RottenApple,rotated_by_75_Screen Shot 2018-06-07 at 2.40.48 PM.png,0.06078603316326531,dark,False,120.15400372980811
RottenApple,rotated_by_75_Screen Shot 2018-06-07 at 2.40.55 PM.png,0.060546875,dark,False,117.42605679071313
RottenApple,rotated_by_75_Screen Shot 2018-06-07 at 2.41.07 PM.png,0.07579320790816327,dark,False,117.44825850324044
RottenApple,rotated_by_75_Screen Shot 2018-06-07 at 2.41.14 PM.png,0.11597177933673469,dark,False,116.30157963551922
RottenApple,rotated_by_75_Screen Shot 2018-06-07 at 2.42.18 PM.png,0.05931122448979592,dark,False,118.82299943217633
RottenApple,rotated_by_75_Screen Shot 2018-06-07 at 2.42.25 PM.png,0.8989158163265306,bright,False,124.95602177913855
RottenApple,rotated_by_75_Screen Shot 2018-06-07 at 2.42.37 PM.png,0.8926578443877551,bright,False,111.97349231605948
RottenApple,rotated_by_75_Screen Shot 2018-06-07 at 2.43.07 PM.png,0.15037069515306123,dark,False,118.59304524468031
RottenApple,rotated_by_75_Screen Shot 2018-06-07 at 2.43.13 PM.png,0.2739955357142857,dark,False,118.54695725470044
RottenApple,rotated_by_75_Screen Shot 2018-06-07 at 2.43.26 PM.png,0.05837452168367347,dark,False,124.56411891562611
RottenApple,rotated_by_75_Screen Shot 2018-06-07 at 2.43.34 PM.png,0.17207429846938777,dark,False,125.21571420780356
RottenApple,rotated_by_75_Screen Shot 2018-06-07 at 2.43.48 PM.png,0.05974968112244898,dark,False,125.6530925574488
RottenApple,rotated_by_75_Screen Shot 2018-06-07 at 2.44.26 PM.png,0.10289779974489796,dark,False,103.98399267082588
RottenApple,rotated_by_75_Screen Shot 2018-06-07 at 2.44.36 PM.png,0.8968231823979592,bright,False,110.20458794693506
RottenApple,rotated_by_75_Screen Shot 2018-06-07 at 2.44.51 PM.png,0.06660554846938775,dark,False,112.67212575112926
RottenApple,rotated_by_75_Screen Shot 2018-06-07 at 2.45.09 PM.png,0.8977997448979592,bright,False,115.28140626520303
RottenApple,rotated_by_75_Screen Shot 2018-06-07 at 2.45.18 PM.png,0.1686065051020408,dark,False,114.0141139844926
RottenApple,rotated_by_75_Screen Shot 2018-06-07 at 2.45.35 PM.png,0.06676498724489796,dark,False,123.50526498434436
RottenApple,rotated_by_75_Screen Shot 2018-06-07 at 2.45.44 PM.png,0.05727838010204082,dark,False,123.55883078000518
RottenApple,rotated_by_75_Screen Shot 2018-06-07 at 2.46.04 PM.png,0.8862404336734694,bright,False,125.50753501763644
RottenApple,rotated_by_75_Screen Shot 2018-06-07 at 2.46.22 PM.png,0.05678013392857143,dark,False,125.49469181780641
RottenApple,rotated_by_75_Screen Shot 2018-06-07 at 2.46.32 PM.png,0.8952885841836735,bright,False,124.75101665761495
RottenApple,rotated_by_75_Screen Shot 2018-06-07 at 2.46.43 PM.png,0.895149075255102,bright,False,106.83502849420661
RottenApple,rotated_by_75_Screen Shot 2018-06-07 at 2.46.52 PM.png,0.0515983737244898,dark,False,125.25131842959006
RottenApple,rotated_by_75_Screen Shot 2018-06-07 at 2.47.01 PM.png,0.8925581951530612,bright,False,116.4014391176189
RottenApple,rotated_by_75_Screen Shot 2018-06-07 at 2.47.20 PM.png,0.8982581313775511,bright,False,118.17896725199586
RottenApple,rotated_by_75_Screen Shot 2018-06-07 at 2.47.27 PM.png,0.06899713010204081,dark,False,116.23688708990089
RottenApple,rotated_by_75_Screen Shot 2018-06-07 at 2.47.35 PM.png,0.8944913903061225,bright,False,118.0752293280393
RottenApple,rotated_by_75_Screen Shot 2018-06-07 at 2.47.50 PM.png,0.8898676658163265,bright,False,119.87266402608266
RottenApple,rotated_by_75_Screen Shot 2018-06-07 at 2.50.09 PM.png,0.051060267857142856,dark,False,125.65867280062044
RottenApple,rotated_by_75_Screen Shot 2018-06-07 at 2.50.43 PM.png,0.09058115433673469,dark,False,96.85912315586513
RottenApple,rotated_by_75_Screen Shot 2018-06-07 at 2.50.52 PM.png,0.06698421556122448,dark,False,85.2991161451782
RottenApple,rotated_by_75_Screen Shot 2018-06-07 at 2.51.01 PM.png,0.8902861926020408,bright,False,124.77589692589977
RottenApple,rotated_by_75_Screen Shot 2018-06-07 at 2.51.08 PM.png,0.05098054846938776,dark,False,124.1337176206412
RottenApple,rotated_by_75_Screen Shot 2018-06-07 at 2.51.16 PM.png,0.8874760841836735,bright,False,125.01749177678501
RottenApple,rotated_by_75_Screen Shot 2018-06-07 at 2.51.37 PM.png,0.15051020408163265,dark,False,123.64101025820968
RottenApple,rotated_by_75_Screen Shot 2018-06-07 at 2.51.45 PM.png,0.07330197704081633,dark,False,122.93141407450317
RottenApple,rotated_by_75_Screen Shot 2018-06-07 at 2.52.09 PM.png,0.1460857780612245,dark,False,118.46446714787741
RottenApple,rotated_by_75_Screen Shot 2018-06-07 at 2.52.22 PM.png,0.8887914540816326,bright,False,121.14343954571002
RottenApple,rotated_by_75_Screen Shot 2018-06-07 at 2.52.30 PM.png,0.25564014668367346,dark,False,113.90410818241212
RottenApple,rotated_by_75_Screen Shot 2018-06-07 at 2.52.44 PM.png,0.05506616709183673,dark,False,124.41945429236235
RottenApple,rotated_by_75_Screen Shot 2018-06-07 at 2.53.20 PM.png,0.8978794642857143,bright,False,118.30842923970208
RottenApple,rotated_by_75_Screen Shot 2018-06-07 at 2.53.33 PM.png,0.08221061862244898,dark,False,116.92973100443116
RottenApple,rotated_by_75_Screen Shot 2018-06-07 at 2.54.41 PM.png,0.05602279974489796,dark,False,108.69162683818804
RottenApple,rotated_by_75_Screen Shot 2018-06-07 at 2.54.49 PM.png,0.15971779336734693,dark,False,125.61221421254943
RottenApple,rotated_by_75_Screen Shot 2018-06-07 at 2.55.27 PM.png,0.8945910395408163,bright,False,124.93961913518024
RottenApple,rotated_by_75_Screen Shot 2018-06-07 at 2.55.52 PM.png,0.0770687181122449,dark,False,125.26700260178877
RottenApple,rotated_by_75_Screen Shot 2018-06-07 at 2.56.09 PM.png,0.05590322066326531,dark,False,122.68726091366828
RottenApple,rotated_by_75_Screen Shot 2018-06-07 at 2.56.16 PM.png,0.09614158163265306,dark,False,119.81403071110617
RottenApple,rotated_by_75_Screen Shot 2018-06-07 at 2.56.34 PM.png,0.8971619897959183,bright,False,123.68978082766007
RottenApple,rotated_by_75_Screen Shot 2018-06-07 at 2.56.47 PM.png,0.2110969387755102,dark,False,111.7537797400718
RottenApple,rotated_by_75_Screen Shot 2018-06-07 at 2.56.57 PM.png,0.08310746173469388,dark,False,126.40654280150231
RottenApple,rotated_by_75_Screen Shot 2018-06-07 at 2.57.13 PM.png,0.4137436224489796,dark,False,109.92582111344693
RottenApple,rotated_by_75_Screen Shot 2018-06-07 at 2.57.17 PM.png,0.24302455357142858,dark,False,121.2879343088121
RottenApple,rotated_by_75_Screen Shot 2018-06-07 at 2.57.26 PM.png,0.14403300382653061,dark,False,122.52673401387467
RottenApple,rotated_by_75_Screen Shot 2018-06-07 at 2.57.42 PM.png,0.052056760204081634,dark,False,125.47862952487439
RottenApple,rotated_by_75_Screen Shot 2018-06-07 at 2.57.49 PM.png,0.0637954400510204,dark,False,125.7621119846437
RottenApple,rotated_by_75_Screen Shot 2018-06-07 at 2.58.04 PM.png,0.8981983418367347,bright,False,125.13302096986068
RottenApple,rotated_by_75_Screen Shot 2018-06-07 at 2.58.17 PM.png,0.8888512436224489,bright,False,123.87115072238375
RottenApple,rotated_by_75_Screen Shot 2018-06-07 at 2.58.30 PM.png,0.06871811224489796,dark,False,122.75236297351853
RottenApple,rotated_by_75_Screen Shot 2018-06-07 at 2.58.38 PM.png,0.09656010841836735,dark,False,126.55831099759575
RottenApple,rotated_by_75_Screen Shot 2018-06-07 at 2.58.47 PM.png,0.053053252551020405,dark,False,124.34899255841572
RottenApple,rotated_by_75_Screen Shot 2018-06-07 at 2.58.57 PM.png,0.3161073022959184,dark,False,125.35769245350478
RottenApple,rotated_by_75_Screen Shot 2018-06-07 at 2.59.09 PM.png,0.17229352678571427,dark,False,124.19990447265985
RottenApple,rotated_by_75_Screen Shot 2018-06-07 at 2.59.13 PM.png,0.24890385841836735,dark,False,124.90507064042947
RottenApple,rotated_by_75_Screen Shot 2018-06-07 at 2.59.23 PM.png,0.23995535714285715,dark,False,125.28782165478037
RottenApple,rotated_by_75_Screen Shot 2018-06-07 at 2.59.38 PM.png,0.8972417091836735,bright,False,118.01633371050688
RottenApple,rotated_by_75_Screen Shot 2018-06-07 at 2.59.52 PM.png,0.31943558673469385,dark,False,119.07677395559546
RottenApple,rotated_by_75_Screen Shot 2018-06-07 at 3.00.00 PM.png,0.13552295918367346,dark,False,115.64588563881995
RottenApple,rotated_by_75_Screen Shot 2018-06-07 at 3.00.17 PM.png,0.44571109693877553,dark,False,125.52198243780754
RottenApple,rotated_by_75_Screen Shot 2018-06-07 at 3.00.25 PM.png,0.4461694834183674,dark,False,125.60686834304327
RottenApple,rotated_by_75_Screen Shot 2018-06-07 at 3.00.33 PM.png,0.5143694196428571,dark,False,125.64866096666704
RottenApple,rotated_by_75_Screen Shot 2018-06-07 at 3.00.40 PM.png,0.45186941964285715,dark,False,125.00157547026653
RottenApple,rotated_by_75_Screen Shot 2018-06-07 at 3.00.46 PM.png,0.492984693877551,dark,False,125.07934835757374
RottenApple,rotated_by_75_Screen Shot 2018-06-07 at 3.00.56 PM.png,0.8927176339285714,bright,False,124.29970358557478
RottenApple,rotated_by_75_Screen Shot 2018-06-07 at 3.01.09 PM.png,0.35365513392857145,dark,False,125.50362079811043
RottenApple,rotated_by_75_Screen Shot 2018-06-07 at 3.01.21 PM.png,0.06776147959183673,dark,False,122.14781324251784
RottenApple,rotated_by_75_Screen Shot 2018-06-07 at 3.01.38 PM.png,0.36910076530612246,dark,False,121.63907967520494
RottenApple,rotated_by_75_Screen Shot 2018-06-07 at 3.01.54 PM.png,0.291194993622449,dark,False,118.126517208699
RottenApple,rotated_by_75_Screen Shot 2018-06-07 at 3.02.02 PM.png,0.24583466198979592,dark,False,125.0376856336331
RottenApple,rotated_by_75_Screen Shot 2018-06-07 at 3.02.18 PM.png,0.15778459821428573,dark,False,108.0333803486004
RottenApple,rotated_by_75_Screen Shot 2018-06-07 at 3.02.37 PM.png,0.2142059948979592,dark,False,122.53289739495908
RottenApple,rotated_by_75_Screen Shot 2018-06-07 at 3.02.51 PM.png,0.8879344706632653,bright,False,122.23852399494733
RottenApple,rotated_by_75_Screen Shot 2018-06-07 at 3.03.02 PM.png,0.2179328762755102,dark,False,118.08049950064998
RottenApple,rotated_by_75_Screen Shot 2018-06-07 at 3.03.12 PM.png,0.10184151785714286,dark,False,125.4359809644227
RottenApple,rotated_by_75_Screen Shot 2018-06-07 at 3.03.21 PM.png,0.08816964285714286,dark,False,125.30347375311123
RottenApple,rotated_by_75_Screen Shot 2018-06-07 at 3.03.31 PM.png,0.8985371492346939,bright,False,125.52694643796058
RottenApple,rotated_by_75_Screen Shot 2018-06-07 at 3.03.38 PM.png,0.8951291454081632,bright,False,125.185299817334
RottenApple,rotated_by_75_Screen Shot 2018-06-07 at 3.03.46 PM.png,0.10004783163265306,dark,False,121.99132143612566
RottenApple,rotated_by_75_Screen Shot 2018-06-07 at 3.03.58 PM.png,0.8964445153061225,bright,False,120.4400498292117
RottenApple,rotated_by_75_Screen Shot 2018-06-07 at 3.04.04 PM.png,0.890266262755102,bright,False,122.65523149699852
RottenApple,rotated_by_75_Screen Shot 2018-06-07 at 3.04.10 PM.png,0.8903459821428571,bright,False,122.01613140745955
RottenApple,rotated_by_75_Screen Shot 2018-06-07 at 3.04.24 PM.png,0.8977399553571429,bright,False,118.99885031366385
RottenApple,rotated_by_75_Screen Shot 2018-06-07 at 3.04.35 PM.png,0.8954878826530612,bright,False,125.181625215193
RottenApple,rotated_by_75_Screen Shot 2018-06-07 at 3.04.41 PM.png,0.07126913265306123,dark,False,125.40533158732103
RottenApple,rotated_by_75_Screen Shot 2018-06-07 at 3.04.47 PM.png,0.07794563137755102,dark,False,125.93238403813989
RottenApple,rotated_by_75_Screen Shot 2018-06-07 at 3.04.58 PM.png,0.08107461734693877,dark,False,125.17638812944642
RottenApple,rotated_by_75_Screen Shot 2018-06-07 at 3.05.05 PM.png,0.18309550382653061,dark,False,124.71465496274534
RottenApple,rotated_by_75_Screen Shot 2018-06-07 at 3.05.13 PM.png,0.8985969387755102,bright,False,124.02280008409686
RottenApple,rotated_by_75_Screen Shot 2018-06-07 at 3.05.29 PM.png,0.072265625,dark,False,110.58333946188884
RottenApple,rotated_by_75_Screen Shot 2018-06-07 at 3.05.38 PM.png,0.10801977040816327,dark,False,122.18277574560386
RottenApple,rotated_by_75_Screen Shot 2018-06-07 at 3.05.53 PM.png,0.10511001275510204,dark,False,125.15416777801572
RottenApple,rotated_by_75_Screen Shot 2018-06-07 at 3.05.58 PM.png,0.056740274234693876,dark,False,122.10521213053318
RottenApple,rotated_by_75_Screen Shot 2018-06-07 at 3.06.06 PM.png,0.2022281568877551,dark,False,122.59223152880112
RottenApple,rotated_by_75_Screen Shot 2018-06-07 at 3.06.11 PM.png,0.05119977678571429,dark,False,124.22216081996307
RottenApple,rotated_by_75_Screen Shot 2018-06-07 at 3.06.30 PM.png,0.05921157525510204,dark,False,119.1806931348197
RottenApple,rotated_by_75_Screen Shot 2018-06-07 at 3.17.25 PM.png,0.8895886479591837,bright,False,121.83263046875868
RottenApple,rotated_by_75_Screen Shot 2018-06-07 at 3.17.32 PM.png,0.2060546875,dark,False,91.95274785972317
RottenApple,rotated_by_75_Screen Shot 2018-06-08 at 2.21.33 PM.png,0.05502630739795918,dark,False,124.52507775551601
RottenApple,rotated_by_75_Screen Shot 2018-06-08 at 2.23.48 PM.png,0.06899713010204081,dark,False,123.9441953757571
RottenApple,rotated_by_75_Screen Shot 2018-06-08 at 2.24.09 PM.png,0.8917610012755102,bright,False,125.18361062031858
RottenApple,rotated_by_75_Screen Shot 2018-06-08 at 2.24.15 PM.png,0.8949298469387755,bright,False,123.66434061183656
RottenApple,rotated_by_75_Screen Shot 2018-06-08 at 2.24.31 PM.png,0.06094547193877551,dark,False,124.75013874204286
RottenApple,rotated_by_75_Screen Shot 2018-06-08 at 2.24.37 PM.png,0.057298309948979595,dark,False,123.56001034112113
RottenApple,rotated_by_75_Screen Shot 2018-06-08 at 2.24.46 PM.png,0.8980389030612245,bright,False,122.30463146279162
RottenApple,rotated_by_75_Screen Shot 2018-06-08 at 2.25.04 PM.png,0.09576291454081633,dark,False,124.9994566487041
RottenApple,rotated_by_75_Screen Shot 2018-06-08 at 2.25.17 PM.png,0.8831911670918368,bright,False,123.2141958027902
RottenApple,rotated_by_75_Screen Shot 2018-06-08 at 2.25.24 PM.png,0.8974808673469388,bright,False,125.14109957716842
RottenApple,rotated_by_75_Screen Shot 2018-06-08 at 2.26.09 PM.png,0.06499123086734694,dark,False,125.52833014259163
RottenApple,rotated_by_75_Screen Shot 2018-06-08 at 2.26.34 PM.png,0.5939094387755102,bright,False,67.63462719916781
RottenApple,rotated_by_75_Screen Shot 2018-06-08 at 2.26.44 PM.png,0.8957868303571429,bright,False,121.40091425248488
RottenApple,rotated_by_75_Screen Shot 2018-06-08 at 2.26.55 PM.png,0.18500876913265307,dark,False,125.30619852755395
RottenApple,rotated_by_75_Screen Shot 2018-06-08 at 2.27.15 PM.png,0.8957868303571429,bright,False,125.23383255335482
RottenApple,rotated_by_75_Screen Shot 2018-06-08 at 2.27.44 PM.png,0.8979990433673469,bright,False,119.27658912058102
RottenApple,rotated_by_75_Screen Shot 2018-06-08 at 2.28.00 PM.png,0.05119977678571429,dark,False,124.78403276800155
RottenApple,rotated_by_75_Screen Shot 2018-06-08 at 2.28.07 PM.png,0.0603874362244898,dark,False,125.36842614434363
RottenApple,rotated_by_75_Screen Shot 2018-06-08 at 2.28.12 PM.png,0.12426259566326531,dark,False,124.44051803347378
RottenApple,rotated_by_75_Screen Shot 2018-06-08 at 2.28.42 PM.png,0.06080596301020408,dark,False,125.1467000038906
RottenApple,rotated_by_75_Screen Shot 2018-06-08 at 2.29.10 PM.png,0.05275430484693878,dark,False,123.20519773603523
RottenApple,rotated_by_75_Screen Shot 2018-06-08 at 2.29.33 PM.png,0.06369579081632654,dark,False,125.32532104005838
RottenApple,rotated_by_75_Screen Shot 2018-06-08 at 2.29.55 PM.png,0.2492625956632653,dark,False,123.14950436383668
RottenApple,rotated_by_75_Screen Shot 2018-06-08 at 2.30.03 PM.png,0.059869260204081634,dark,False,115.91979488438903
RottenApple,rotated_by_75_Screen Shot 2018-06-08 at 2.30.26 PM.png,0.07631138392857142,dark,False,121.48054856199172
RottenApple,rotated_by_75_Screen Shot 2018-06-08 at 2.30.31 PM.png,0.05201690051020408,dark,False,120.09719715691722
RottenApple,rotated_by_75_Screen Shot 2018-06-08 at 2.30.40 PM.png,0.22233737244897958,dark,False,117.19588472170877
RottenApple,rotated_by_75_Screen Shot 2018-06-08 at 2.30.45 PM.png,0.44766422193877553,dark,False,119.72091897436833
RottenApple,rotated_by_75_Screen Shot 2018-06-08 at 2.30.51 PM.png,0.1300422512755102,dark,False,120.34539304466576
RottenApple,rotated_by_75_Screen Shot 2018-06-08 at 2.30.57 PM.png,0.07860331632653061,dark,False,117.54209548595509
RottenApple,rotated_by_75_Screen Shot 2018-06-08 at 2.31.08 PM.png,0.4749083227040816,dark,False,121.51349050342019
RottenApple,rotated_by_75_Screen Shot 2018-06-08 at 2.31.23 PM.png,0.3371532206632653,dark,False,120.58427292591081
RottenApple,rotated_by_75_Screen Shot 2018-06-08 at 2.31.33 PM.png,0.08153300382653061,dark,False,125.36490043817162
RottenApple,rotated_by_75_Screen Shot 2018-06-08 at 2.32.10 PM.png,0.8875558035714286,bright,False,122.13492712089753
RottenApple,rotated_by_75_Screen Shot 2018-06-08 at 2.32.42 PM.png,0.8984972895408163,bright,False,118.68421868685994
RottenApple,rotated_by_75_Screen Shot 2018-06-08 at 2.33.04 PM.png,0.8987763073979592,bright,False,119.30025233809756
RottenApple,rotated_by_75_Screen Shot 2018-06-08 at 2.33.28 PM.png,0.24204799107142858,dark,False,117.67884760911618
RottenApple,rotated_by_75_Screen Shot 2018-06-08 at 2.34.37 PM.png,0.06056680484693878,dark,False,124.50629853578191
RottenApple,rotated_by_75_Screen Shot 2018-06-08 at 2.34.42 PM.png,0.8961057079081632,bright,False,115.65505120311961
RottenApple,rotated_by_75_Screen Shot 2018-06-08 at 2.34.51 PM.png,0.8940130739795918,bright,False,115.44473200533089
RottenApple,rotated_by_75_Screen Shot 2018-06-08 at 2.35.03 PM.png,0.898796237244898,bright,False,125.3225130980663
RottenApple,rotated_by_75_Screen Shot 2018-06-08 at 2.35.10 PM.png,0.1083984375,dark,False,118.81378890813454
RottenApple,rotated_by_75_Screen Shot 2018-06-08 at 2.35.25 PM.png,0.06825972576530612,dark,False,125.11436293085806
RottenApple,rotated_by_75_Screen Shot 2018-06-08 at 2.35.32 PM.png,0.18018574617346939,dark,False,123.04695082187482
RottenApple,rotated_by_75_Screen Shot 2018-06-08 at 2.35.37 PM.png,0.05197704081632653,dark,False,123.0338695351799
RottenApple,rotated_by_75_Screen Shot 2018-06-08 at 2.36.01 PM.png,0.06283880739795919,dark,False,123.57372229141112
RottenApple,rotated_by_75_Screen Shot 2018-06-08 at 2.36.18 PM.png,0.10391422193877552,dark,False,124.7619755231073
RottenApple,rotated_by_75_Screen Shot 2018-06-08 at 2.36.23 PM.png,0.1358019770408163,dark,False,120.92686223181109
RottenApple,rotated_by_75_Screen Shot 2018-06-08 at 2.36.31 PM.png,0.15832270408163265,dark,False,123.65539947411354
RottenApple,rotated_by_75_Screen Shot 2018-06-08 at 2.36.43 PM.png,0.05287388392857143,dark,False,125.53706664275012
RottenApple,rotated_by_75_Screen Shot 2018-06-08 at 2.37.03 PM.png,0.06399473852040816,dark,False,124.00720102183772
RottenApple,rotated_by_75_Screen Shot 2018-06-08 at 2.37.19 PM.png,0.4115513392857143,dark,False,124.88559525473688
RottenApple,rotated_by_75_Screen Shot 2018-06-08 at 2.37.24 PM.png,0.8979990433673469,bright,False,119.58523112969253
RottenApple,rotated_by_75_Screen Shot 2018-06-08 at 2.37.53 PM.png,0.08631616709183673,dark,False,124.38853810561291
RottenApple,rotated_by_75_Screen Shot 2018-06-08 at 2.38.08 PM.png,0.5552256058673469,dark,False,116.18333775428891
RottenApple,rotated_by_75_Screen Shot 2018-06-08 at 2.38.47 PM.png,0.1338687818877551,dark,False,122.65762127411487
RottenApple,rotated_by_75_Screen Shot 2018-06-08 at 2.39.02 PM.png,0.37503985969387754,dark,False,125.96211618754376
RottenApple,rotated_by_75_Screen Shot 2018-06-08 at 2.39.21 PM.png,0.12713249362244897,dark,False,124.24177164419972
RottenApple,rotated_by_75_Screen Shot 2018-06-08 at 2.39.26 PM.png,0.060227997448979595,dark,False,123.84648199340613
RottenApple,rotated_by_75_Screen Shot 2018-06-08 at 2.39.35 PM.png,0.09715800382653061,dark,False,121.06233871455117
RottenApple,rotated_by_75_Screen Shot 2018-06-08 at 2.39.51 PM.png,0.055544483418367346,dark,False,124.43348761353245
RottenApple,rotated_by_75_Screen Shot 2018-06-08 at 2.40.09 PM.png,0.08274872448979592,dark,False,122.1212619618503
RottenApple,rotated_by_75_Screen Shot 2018-06-08 at 2.40.30 PM.png,0.05217633928571429,dark,False,125.02456200161059
RottenApple,rotated_by_75_Screen Shot 2018-06-08 at 2.40.56 PM.png,0.888671875,bright,False,122.55552120077374
RottenApple,rotated_by_75_Screen Shot 2018-06-08 at 2.41.16 PM.png,0.22132095025510204,dark,False,125.3737881108858
RottenApple,rotated_by_75_Screen Shot 2018-06-08 at 2.41.39 PM.png,0.052834024234693876,dark,False,125.44377575575209
RottenApple,rotated_by_75_Screen Shot 2018-06-08 at 2.41.44 PM.png,0.09640066964285714,dark,False,125.39011863715383
RottenApple,rotated_by_75_Screen Shot 2018-06-08 at 2.42.06 PM.png,0.20798788265306123,dark,False,123.31524372149647
RottenApple,rotated_by_75_Screen Shot 2018-06-08 at 2.42.22 PM.png,0.056521045918367346,dark,False,125.44367046234204
RottenApple,rotated_by_75_Screen Shot 2018-06-08 at 2.42.30 PM.png,0.1038345025510204,dark,False,124.26249133142811
RottenApple,rotated_by_75_Screen Shot 2018-06-08 at 2.42.52 PM.png,0.1973453443877551,dark,False,124.19846075561207
RottenApple,rotated_by_75_Screen Shot 2018-06-08 at 2.44.13 PM.png,0.07764668367346939,dark,False,113.51407940769498
RottenApple,rotated_by_75_Screen Shot 2018-06-08 at 2.45.05 PM.png,0.8951092155612245,bright,False,124.99468404706757
RottenApple,rotated_by_75_Screen Shot 2018-06-08 at 2.45.44 PM.png,0.7068120216836735,bright,False,74.67863519796612
RottenApple,rotated_by_75_Screen Shot 2018-06-08 at 2.45.50 PM.png,0.1512077487244898,dark,False,83.92674576046598
RottenApple,rotated_by_75_Screen Shot 2018-06-08 at 2.45.58 PM.png,0.6467434630102041,bright,False,71.74277887290707
RottenApple,rotated_by_75_Screen Shot 2018-06-08 at 2.46.25 PM.png,0.058294802295918366,dark,False,113.20457291870964
RottenApple,rotated_by_75_Screen Shot 2018-06-08 at 2.46.36 PM.png,0.8916812818877551,bright,False,124.60414686031713
RottenApple,rotated_by_75_Screen Shot 2018-06-08 at 2.46.44 PM.png,0.07294323979591837,dark,False,125.1478578386197
RottenApple,rotated_by_75_Screen Shot 2018-06-08 at 2.46.50 PM.png,0.8948102678571429,bright,False,125.54401475891149
RottenApple,rotated_by_75_Screen Shot 2018-06-08 at 2.47.03 PM.png,0.06293845663265306,dark,False,121.76095797610112
RottenApple,rotated_by_75_Screen Shot 2018-06-08 at 2.47.30 PM.png,0.8979392538265306,bright,False,124.48558351726132
RottenApple,rotated_by_75_Screen Shot 2018-06-08 at 2.48.00 PM.png,0.08169244260204081,dark,False,118.05416494690678
RottenApple,rotated_by_75_Screen Shot 2018-06-08 at 2.48.09 PM.png,0.15742586096938777,dark,False,124.8085136513838
RottenApple,rotated_by_75_Screen Shot 2018-06-08 at 2.48.15 PM.png,0.35740194515306123,dark,False,123.16287326226318
RottenApple,rotated_by_75_Screen Shot 2018-06-08 at 2.48.43 PM.png,0.8975207270408163,bright,False,124.5236857606044
RottenApple,rotated_by_75_Screen Shot 2018-06-08 at 2.48.52 PM.png,0.20073341836734693,dark,False,122.14474432743457
RottenApple,rotated_by_75_Screen Shot 2018-06-08 at 2.49.40 PM.png,0.09462691326530612,dark,False,121.4224502191097
RottenApple,rotated_by_75_Screen Shot 2018-06-08 at 2.50.14 PM.png,0.8975406568877551,bright,False,122.915902577353
RottenApple,rotated_by_75_Screen Shot 2018-06-08 at 2.50.22 PM.png,0.20479910714285715,dark,False,125.38159766629003
RottenApple,rotated_by_75_Screen Shot 2018-06-08 at 2.50.25 PM.png,0.2661830357142857,dark,False,116.64935264744598
RottenApple,rotated_by_75_Screen Shot 2018-06-08 at 2.50.33 PM.png,0.8959462691326531,bright,False,122.55935103316052
RottenApple,rotated_by_75_Screen Shot 2018-06-08 at 2.50.38 PM.png,0.12579719387755103,dark,False,114.57118389243898
RottenApple,rotated_by_75_Screen Shot 2018-06-08 at 2.50.49 PM.png,0.08822943239795919,dark,False,118.88473978035374
RottenApple,rotated_by_75_Screen Shot 2018-06-08 at 2.51.09 PM.png,0.10887675382653061,dark,False,123.39231309002173
RottenApple,rotated_by_75_Screen Shot 2018-06-08 at 2.51.28 PM.png,0.8939532844387755,bright,False,124.40616381434218
RottenApple,rotated_by_75_Screen Shot 2018-06-08 at 2.51.43 PM.png,0.08806999362244898,dark,False,82.12192843660193
RottenApple,rotated_by_75_Screen Shot 2018-06-08 at 2.51.55 PM.png,0.8972018494897959,bright,False,125.33886482939103
RottenApple,rotated_by_75_Screen Shot 2018-06-08 at 2.52.05 PM.png,0.09737723214285714,dark,False,125.63516128142699
RottenApple,rotated_by_75_Screen Shot 2018-06-08 at 2.52.20 PM.png,0.06596779336734694,dark,False,122.5443072206952
RottenApple,rotated_by_75_Screen Shot 2018-06-08 at 2.52.43 PM.png,0.896125637755102,bright,False,123.03410055665722
RottenApple,rotated_by_75_Screen Shot 2018-06-08 at 2.53.14 PM.png,0.06788105867346939,dark,False,124.94239353281051
RottenApple,saltandpepper_Screen Shot 2018-06-07 at 2.15.20 PM.png,0.5637157206632653,dark,False,24.964980047874445
RottenApple,saltandpepper_Screen Shot 2018-06-07 at 2.15.50 PM.png,0.6194196428571429,dark,False,34.918007446138674
RottenApple,saltandpepper_Screen Shot 2018-06-07 at 2.16.41 PM.png,0.5621811224489796,dark,False,15.157544843580654
RottenApple,saltandpepper_Screen Shot 2018-06-07 at 2.17.15 PM.png,0.32657047193877553,dark,False,11.352053930842294
RottenApple,saltandpepper_Screen Shot 2018-06-07 at 2.17.25 PM.png,0.4329161352040816,dark,False,35.44259137791647
RottenApple,saltandpepper_Screen Shot 2018-06-07 at 2.18.13 PM.png,0.3978993941326531,dark,False,6.978904535417175
RottenApple,saltandpepper_Screen Shot 2018-06-07 at 2.19.15 PM.png,0.6277104591836735,dark,False,24.78698804104908
RottenApple,saltandpepper_Screen Shot 2018-06-07 at 2.19.46 PM.png,0.2437420280612245,dark,False,33.45015578918442
RottenApple,saltandpepper_Screen Shot 2018-06-07 at 2.20.04 PM.png,0.44381776147959184,dark,False,12.64072392151097
RottenApple,saltandpepper_Screen Shot 2018-06-07 at 2.20.29 PM.png,0.1650988520408163,dark,False,7.253670650171962
RottenApple,saltandpepper_Screen Shot 2018-06-07 at 2.20.34 PM.png,0.47074298469387754,dark,False,31.08545865508202
RottenApple,saltandpepper_Screen Shot 2018-06-07 at 2.20.46 PM.png,0.3071787308673469,dark,False,20.459853572383576
RottenApple,saltandpepper_Screen Shot 2018-06-07 at 2.20.56 PM.png,0.14227917729591838,dark,False,15.586972330723372
RottenApple,saltandpepper_Screen Shot 2018-06-07 at 2.21.09 PM.png,0.49061304209183676,dark,False,27.7430505332777
RottenApple,saltandpepper_Screen Shot 2018-06-07 at 2.22.00 PM.png,0.5906409438775511,dark,False,31.642975387275204
RottenApple,saltandpepper_Screen Shot 2018-06-07 at 2.22.39 PM.png,0.24728954081632654,dark,False,9.55640078399597
RottenApple,saltandpepper_Screen Shot 2018-06-07 at 2.23.02 PM.png,0.4844347895408163,dark,False,11.698905871620605
RottenApple,saltandpepper_Screen Shot 2018-06-07 at 2.23.40 PM.png,0.19601004464285715,dark,False,19.695887018921034
RottenApple,saltandpepper_Screen Shot 2018-06-07 at 2.24.02 PM.png,0.5363719706632653,dark,False,38.9924999855385
RottenApple,saltandpepper_Screen Shot 2018-06-07 at 2.24.35 PM.png,0.22540656887755103,dark,False,16.138524450897766
RottenApple,saltandpepper_Screen Shot 2018-06-07 at 2.24.47 PM.png,0.46482382015306123,dark,False,7.3819404378209965
RottenApple,saltandpepper_Screen Shot 2018-06-07 at 2.24.59 PM.png,0.49990035076530615,dark,False,50.793720426092136
RottenApple,saltandpepper_Screen Shot 2018-06-07 at 2.25.16 PM.png,0.23367745535714285,dark,False,9.324700725912846
RottenApple,saltandpepper_Screen Shot 2018-06-07 at 2.25.26 PM.png,0.32473692602040816,dark,False,40.96081202700526
RottenApple,saltandpepper_Screen Shot 2018-06-07 at 2.31.43 PM.png,0.15027104591836735,dark,False,8.460929232149107
RottenApple,saltandpepper_Screen Shot 2018-06-07 at 2.31.59 PM.png,0.1758410395408163,dark,False,25.662349056126967
RottenApple,saltandpepper_Screen Shot 2018-06-07 at 2.33.38 PM.png,0.5435666454081632,dark,False,19.72484961445439
RottenApple,saltandpepper_Screen Shot 2018-06-07 at 2.34.18 PM.png,0.2274792729591837,dark,False,32.46359980910666
RottenApple,saltandpepper_Screen Shot 2018-06-07 at 2.34.36 PM.png,0.3434909119897959,dark,False,40.004870202890935
RottenApple,saltandpepper_Screen Shot 2018-06-07 at 2.34.49 PM.png,0.25643734056122447,dark,False,8.888826508676283
RottenApple,saltandpepper_Screen Shot 2018-06-07 at 2.35.10 PM.png,0.05779655612244898,dark,False,14.212386653073887
RottenApple,saltandpepper_Screen Shot 2018-06-07 at 2.35.21 PM.png,0.3358179209183674,dark,False,27.92550349752737
RottenApple,saltandpepper_Screen Shot 2018-06-07 at 2.35.38 PM.png,0.08647560586734694,dark,False,11.963158934980768
RottenApple,saltandpepper_Screen Shot 2018-06-07 at 2.36.06 PM.png,0.17978714923469388,dark,False,12.287819220685174
RottenApple,saltandpepper_Screen Shot 2018-06-07 at 2.36.21 PM.png,0.16755022321428573,dark,False,14.871997068513855
RottenApple,saltandpepper_Screen Shot 2018-06-07 at 2.37.01 PM.png,0.335758131377551,dark,False,8.861312405633573
RottenApple,saltandpepper_Screen Shot 2018-06-07 at 2.37.11 PM.png,0.5313496492346939,dark,False,21.117388456055213
RottenApple,saltandpepper_Screen Shot 2018-06-07 at 2.37.20 PM.png,0.4987244897959184,dark,False,34.08063295278847
RottenApple,saltandpepper_Screen Shot 2018-06-07 at 2.37.32 PM.png,0.4696069834183674,dark,False,23.91048173370808
RottenApple,saltandpepper_Screen Shot 2018-06-07 at 2.37.43 PM.png,0.23877949617346939,dark,False,21.478592002986773
RottenApple,saltandpepper_Screen Shot 2018-06-07 at 2.37.53 PM.png,0.13779496173469388,dark,False,5.3843169585828194
RottenApple,saltandpepper_Screen Shot 2018-06-07 at 2.38.04 PM.png,0.4777981505102041,dark,False,5.511985180437217
RottenApple,saltandpepper_Screen Shot 2018-06-07 at 2.38.38 PM.png,0.2991270727040816,dark,False,47.799287137487646
RottenApple,saltandpepper_Screen Shot 2018-06-07 at 2.38.49 PM.png,0.5279217155612245,dark,False,10.134570956220808
RottenApple,saltandpepper_Screen Shot 2018-06-07 at 2.39.26 PM.png,0.34267378826530615,dark,False,7.054162843108608
RottenApple,saltandpepper_Screen Shot 2018-06-07 at 2.39.35 PM.png,0.4835578762755102,dark,False,10.725863966769944
RottenApple,saltandpepper_Screen Shot 2018-06-07 at 2.39.44 PM.png,0.1792889030612245,dark,False,11.29568680048997
RottenApple,saltandpepper_Screen Shot 2018-06-07 at 2.39.53 PM.png,0.17418686224489796,dark,False,8.056422402483955
RottenApple,saltandpepper_Screen Shot 2018-06-07 at 2.40.00 PM.png,0.48353794642857145,dark,False,6.683374599531468
RottenApple,saltandpepper_Screen Shot 2018-06-07 at 2.40.28 PM.png,0.4746691645408163,dark,False,13.314756922034858
RottenApple,saltandpepper_Screen Shot 2018-06-07 at 2.40.48 PM.png,0.428531568877551,dark,False,16.919703885803525
RottenApple,saltandpepper_Screen Shot 2018-06-07 at 2.41.07 PM.png,0.267578125,dark,False,25.07446132392238
RottenApple,saltandpepper_Screen Shot 2018-06-07 at 2.41.14 PM.png,0.2158801020408163,dark,False,32.71058021039885
RottenApple,saltandpepper_Screen Shot 2018-06-07 at 2.41.23 PM.png,0.22636320153061223,dark,False,27.89599646416958
RottenApple,saltandpepper_Screen Shot 2018-06-07 at 2.42.18 PM.png,0.24055325255102042,dark,False,25.015023020871435
RottenApple,saltandpepper_Screen Shot 2018-06-07 at 2.42.25 PM.png,0.4600805165816326,dark,False,11.675858814529208
RottenApple,saltandpepper_Screen Shot 2018-06-07 at 2.42.37 PM.png,0.26064253826530615,dark,False,28.951786022610687
RottenApple,saltandpepper_Screen Shot 2018-06-07 at 2.42.58 PM.png,0.45511798469387754,dark,False,19.845966477679855
RottenApple,saltandpepper_Screen Shot 2018-06-07 at 2.43.13 PM.png,0.5106425382653061,dark,False,41.82051545862611
RottenApple,saltandpepper_Screen Shot 2018-06-07 at 2.43.26 PM.png,0.5299944196428571,dark,False,10.311914009480946
RottenApple,saltandpepper_Screen Shot 2018-06-07 at 2.43.34 PM.png,0.26371173469387754,dark,False,7.700517071880573
RottenApple,saltandpepper_Screen Shot 2018-06-07 at 2.43.54 PM.png,0.46926817602040816,dark,False,17.233365762862903
RottenApple,saltandpepper_Screen Shot 2018-06-07 at 2.44.26 PM.png,0.14875637755102042,dark,False,58.225552988996405
RottenApple,saltandpepper_Screen Shot 2018-06-07 at 2.44.36 PM.png,0.3832509566326531,dark,False,43.36621005706155
RottenApple,saltandpepper_Screen Shot 2018-06-07 at 2.44.51 PM.png,0.4728954081632653,dark,False,42.81401700669886
RottenApple,saltandpepper_Screen Shot 2018-06-07 at 2.44.59 PM.png,0.4407286352040816,dark,False,26.862464799105528
RottenApple,saltandpepper_Screen Shot 2018-06-07 at 2.45.09 PM.png,0.04514110331632653,dark,True,14.365506447246979
RottenApple,saltandpepper_Screen Shot 2018-06-07 at 2.45.18 PM.png,0.34616151147959184,dark,False,34.94477883679596
RottenApple,saltandpepper_Screen Shot 2018-06-07 at 2.45.35 PM.png,0.3572624362244898,dark,False,22.938511917016516
RottenApple,saltandpepper_Screen Shot 2018-06-07 at 2.45.44 PM.png,0.3263313137755102,dark,False,20.441926603397793
RottenApple,saltandpepper_Screen Shot 2018-06-07 at 2.46.04 PM.png,0.21043925382653061,dark,False,6.873928616788059
RottenApple,saltandpepper_Screen Shot 2018-06-07 at 2.46.12 PM.png,0.40268255739795916,dark,False,7.840801223101379
RottenApple,saltandpepper_Screen Shot 2018-06-07 at 2.46.43 PM.png,0.38504464285714285,dark,False,22.397446957438916
RottenApple,saltandpepper_Screen Shot 2018-06-07 at 2.46.52 PM.png,0.35251913265306123,dark,False,25.798635442372383
RottenApple,saltandpepper_Screen Shot 2018-06-07 at 2.47.01 PM.png,0.07065130739795919,dark,False,10.6275757712161
RottenApple,saltandpepper_Screen Shot 2018-06-07 at 2.47.13 PM.png,0.364078443877551,dark,False,9.93753726407495
RottenApple,saltandpepper_Screen Shot 2018-06-07 at 2.47.27 PM.png,0.43935347576530615,dark,False,46.23886750713018
RottenApple,saltandpepper_Screen Shot 2018-06-07 at 2.47.35 PM.png,0.45077327806122447,dark,False,27.952927084064935
RottenApple,saltandpepper_Screen Shot 2018-06-07 at 2.47.50 PM.png,0.44943797831632654,dark,False,38.46160872943636
RottenApple,saltandpepper_Screen Shot 2018-06-07 at 2.50.09 PM.png,0.40878109056122447,dark,False,8.521523680271157
RottenApple,saltandpepper_Screen Shot 2018-06-07 at 2.50.31 PM.png,0.2110172193877551,dark,False,8.827925216241354
RottenApple,saltandpepper_Screen Shot 2018-06-07 at 2.50.43 PM.png,0.18225845025510204,dark,False,38.54797679803074
RottenApple,saltandpepper_Screen Shot 2018-06-07 at 2.51.08 PM.png,0.19977678571428573,dark,False,7.888722122846641
RottenApple,saltandpepper_Screen Shot 2018-06-07 at 2.51.16 PM.png,0.4746890943877551,dark,False,21.386182461299835
RottenApple,saltandpepper_Screen Shot 2018-06-07 at 2.51.37 PM.png,0.5705516581632653,dark,False,14.710840759017755
RottenApple,saltandpepper_Screen Shot 2018-06-07 at 2.51.45 PM.png,0.44949776785714285,dark,False,9.55201095120478
RottenApple,saltandpepper_Screen Shot 2018-06-07 at 2.52.00 PM.png,0.2683155293367347,dark,False,44.882177042459965
RottenApple,saltandpepper_Screen Shot 2018-06-07 at 2.52.22 PM.png,0.3383888711734694,dark,False,44.06532804441002
RottenApple,saltandpepper_Screen Shot 2018-06-07 at 2.52.44 PM.png,0.26205755739795916,dark,False,9.020242788586113
RottenApple,saltandpepper_Screen Shot 2018-06-07 at 2.53.20 PM.png,0.5743383290816326,dark,False,61.39947466060681
RottenApple,saltandpepper_Screen Shot 2018-06-07 at 2.54.49 PM.png,0.1687858737244898,dark,False,8.941213262082934
RottenApple,saltandpepper_Screen Shot 2018-06-07 at 2.54.58 PM.png,0.13913026147959184,dark,False,13.30212863889144
RottenApple,saltandpepper_Screen Shot 2018-06-07 at 2.55.27 PM.png,0.3897680165816326,dark,False,7.346442249053037
RottenApple,saltandpepper_Screen Shot 2018-06-07 at 2.55.52 PM.png,0.11302216198979592,dark,False,14.942577180248184
RottenApple,saltandpepper_Screen Shot 2018-06-07 at 2.56.16 PM.png,0.228515625,dark,False,13.63590270314544
RottenApple,saltandpepper_Screen Shot 2018-06-07 at 2.56.34 PM.png,0.31455277423469385,dark,False,8.528858942641099
RottenApple,saltandpepper_Screen Shot 2018-06-07 at 2.56.47 PM.png,0.5499641262755102,dark,False,20.524349774166293
RottenApple,saltandpepper_Screen Shot 2018-06-07 at 2.56.57 PM.png,0.3212890625,dark,False,7.338291779900648
RottenApple,saltandpepper_Screen Shot 2018-06-07 at 2.57.13 PM.png,0.42482461734693877,dark,False,12.350541547193245
RottenApple,saltandpepper_Screen Shot 2018-06-07 at 2.57.17 PM.png,0.3137954400510204,dark,False,11.331582283132411
RottenApple,saltandpepper_Screen Shot 2018-06-07 at 2.57.26 PM.png,0.17801339285714285,dark,False,31.29476126615378
RottenApple,saltandpepper_Screen Shot 2018-06-07 at 2.57.42 PM.png,0.16165098852040816,dark,False,7.289517751494631
RottenApple,saltandpepper_Screen Shot 2018-06-07 at 2.57.49 PM.png,0.09775589923469388,dark,False,7.633926490464423
RottenApple,saltandpepper_Screen Shot 2018-06-07 at 2.58.04 PM.png,0.10339604591836735,dark,False,14.833865466032323
RottenApple,saltandpepper_Screen Shot 2018-06-07 at 2.58.17 PM.png,0.33541932397959184,dark,False,18.119838506477752
RottenApple,saltandpepper_Screen Shot 2018-06-07 at 2.58.30 PM.png,0.2576530612244898,dark,False,6.741557904650656
RottenApple,saltandpepper_Screen Shot 2018-06-07 at 2.58.38 PM.png,0.3800422512755102,dark,False,7.964670196270457
RottenApple,saltandpepper_Screen Shot 2018-06-07 at 2.58.47 PM.png,0.2525111607142857,dark,False,8.142462183340049
RottenApple,saltandpepper_Screen Shot 2018-06-07 at 2.58.57 PM.png,0.4956154336734694,dark,False,6.966399671413124
RottenApple,saltandpepper_Screen Shot 2018-06-07 at 2.59.09 PM.png,0.44345902423469385,dark,False,11.199215803363279
RottenApple,saltandpepper_Screen Shot 2018-06-07 at 2.59.13 PM.png,0.5002590880102041,dark,False,9.812404665425532
RottenApple,saltandpepper_Screen Shot 2018-06-07 at 2.59.38 PM.png,0.5717075892857143,dark,False,14.224586017982872
RottenApple,saltandpepper_Screen Shot 2018-06-07 at 2.59.52 PM.png,0.4815250318877551,dark,False,26.232709566005738
RottenApple,saltandpepper_Screen Shot 2018-06-07 at 3.00.00 PM.png,0.2514548788265306,dark,False,15.911978443982164
RottenApple,saltandpepper_Screen Shot 2018-06-07 at 3.00.17 PM.png,0.4813655931122449,dark,False,5.8349511218058625
RottenApple,saltandpepper_Screen Shot 2018-06-07 at 3.00.25 PM.png,0.4670360331632653,dark,False,6.52634413494685
RottenApple,saltandpepper_Screen Shot 2018-06-07 at 3.00.33 PM.png,0.5285594706632653,dark,False,21.577543895521387
RottenApple,saltandpepper_Screen Shot 2018-06-07 at 3.00.46 PM.png,0.5025310905612245,dark,False,5.871015325667592
RottenApple,saltandpepper_Screen Shot 2018-06-07 at 3.00.56 PM.png,0.3322903380102041,dark,False,9.74967411941123
RottenApple,saltandpepper_Screen Shot 2018-06-07 at 3.01.21 PM.png,0.4233298788265306,dark,False,27.033339010689474
RottenApple,saltandpepper_Screen Shot 2018-06-07 at 3.01.38 PM.png,0.4383171237244898,dark,False,30.000969029308152
RottenApple,saltandpepper_Screen Shot 2018-06-07 at 3.01.54 PM.png,0.5194515306122449,dark,False,22.111808056180497
RottenApple,saltandpepper_Screen Shot 2018-06-07 at 3.02.02 PM.png,0.26777742346938777,dark,False,8.075417743560964
RottenApple,saltandpepper_Screen Shot 2018-06-07 at 3.02.09 PM.png,0.3610889668367347,dark,False,6.873866930429965
RottenApple,saltandpepper_Screen Shot 2018-06-07 at 3.02.18 PM.png,0.4008888711734694,dark,False,19.494416470800402
RottenApple,saltandpepper_Screen Shot 2018-06-07 at 3.02.24 PM.png,0.4957748724489796,dark,False,10.713876848165663
RottenApple,saltandpepper_Screen Shot 2018-06-07 at 3.02.37 PM.png,0.26389110331632654,dark,False,24.45598793093552
RottenApple,saltandpepper_Screen Shot 2018-06-07 at 3.02.51 PM.png,0.316226881377551,dark,False,11.434745763927623
RottenApple,saltandpepper_Screen Shot 2018-06-07 at 3.03.02 PM.png,0.5346580038265306,dark,False,32.35734348716991
RottenApple,saltandpepper_Screen Shot 2018-06-07 at 3.03.21 PM.png,0.3289421237244898,dark,False,7.317567280826413
RottenApple,saltandpepper_Screen Shot 2018-06-07 at 3.03.31 PM.png,0.5415736607142857,dark,False,6.236716280827781
RottenApple,saltandpepper_Screen Shot 2018-06-07 at 3.03.38 PM.png,0.4974888392857143,dark,False,5.831220873759491
RottenApple,saltandpepper_Screen Shot 2018-06-07 at 3.03.46 PM.png,0.5029097576530612,dark,False,7.522241216825047
RottenApple,saltandpepper_Screen Shot 2018-06-07 at 3.03.58 PM.png,0.31716358418367346,dark,False,28.37972878109767
RottenApple,saltandpepper_Screen Shot 2018-06-07 at 3.04.10 PM.png,0.19206393494897958,dark,False,13.59455590402021
RottenApple,saltandpepper_Screen Shot 2018-06-07 at 3.04.24 PM.png,0.3827327806122449,dark,False,16.24353525729634
RottenApple,saltandpepper_Screen Shot 2018-06-07 at 3.04.35 PM.png,0.4789939413265306,dark,False,6.995739871443873
RottenApple,saltandpepper_Screen Shot 2018-06-07 at 3.04.41 PM.png,0.4585060586734694,dark,False,7.716266214990699
RottenApple,saltandpepper_Screen Shot 2018-06-07 at 3.04.58 PM.png,0.22169961734693877,dark,False,9.711466956474416
RottenApple,saltandpepper_Screen Shot 2018-06-07 at 3.05.13 PM.png,0.4832389987244898,dark,False,12.498831480719646
RottenApple,saltandpepper_Screen Shot 2018-06-07 at 3.05.29 PM.png,0.5337213010204082,dark,False,20.579762392766458
RottenApple,saltandpepper_Screen Shot 2018-06-07 at 3.05.38 PM.png,0.24954161352040816,dark,False,39.15232393045096
RottenApple,saltandpepper_Screen Shot 2018-06-07 at 3.05.46 PM.png,0.6094347895408163,bright,False,62.26396815124608
RottenApple,saltandpepper_Screen Shot 2018-06-07 at 3.05.53 PM.png,0.41946348852040816,dark,False,7.553037484413436
RottenApple,saltandpepper_Screen Shot 2018-06-07 at 3.05.58 PM.png,0.3270687181122449,dark,False,22.43841156333038
RottenApple,saltandpepper_Screen Shot 2018-06-07 at 3.06.11 PM.png,0.12027662627551021,dark,False,10.102939390029652
RottenApple,saltandpepper_Screen Shot 2018-06-07 at 3.06.22 PM.png,0.39433195153061223,dark,False,23.0805773615937
RottenApple,saltandpepper_Screen Shot 2018-06-07 at 3.06.51 PM.png,0.13548309948979592,dark,False,42.79136538578981
RottenApple,saltandpepper_Screen Shot 2018-06-07 at 3.17.32 PM.png,0.6295041454081632,dark,False,39.91519824664729
RottenApple,saltandpepper_Screen Shot 2018-06-08 at 2.23.40 PM.png,0.5184749681122449,dark,False,6.725478321229965
RottenApple,saltandpepper_Screen Shot 2018-06-08 at 2.23.48 PM.png,0.471500318877551,dark,False,6.637626261438083
RottenApple,saltandpepper_Screen Shot 2018-06-08 at 2.24.09 PM.png,0.31383529974489793,dark,False,8.438693136949444
RottenApple,saltandpepper_Screen Shot 2018-06-08 at 2.24.31 PM.png,0.48865991709183676,dark,False,18.87613374936227
RottenApple,saltandpepper_Screen Shot 2018-06-08 at 2.24.46 PM.png,0.37625558035714285,dark,False,21.431732051576603
RottenApple,saltandpepper_Screen Shot 2018-06-08 at 2.25.04 PM.png,0.30016342474489793,dark,False,10.598657289889047
RottenApple,saltandpepper_Screen Shot 2018-06-08 at 2.25.17 PM.png,0.580436862244898,dark,False,9.772284494172782
RottenApple,saltandpepper_Screen Shot 2018-06-08 at 2.25.24 PM.png,0.5031688456632653,dark,False,7.759115624534915
RottenApple,saltandpepper_Screen Shot 2018-06-08 at 2.25.43 PM.png,0.5343789859693877,dark,False,6.885246836440307
RottenApple,saltandpepper_Screen Shot 2018-06-08 at 2.26.09 PM.png,0.2607421875,dark,False,10.820166782056768
RottenApple,saltandpepper_Screen Shot 2018-06-08 at 2.26.34 PM.png,0.5975366709183674,bright,False,52.48945284175051
RottenApple,saltandpepper_Screen Shot 2018-06-08 at 2.26.44 PM.png,0.4771205357142857,dark,False,9.502260770192203
RottenApple,saltandpepper_Screen Shot 2018-06-08 at 2.26.55 PM.png,0.30855389030612246,dark,False,6.153839733717223
RottenApple,saltandpepper_Screen Shot 2018-06-08 at 2.28.00 PM.png,0.48044882015306123,dark,False,13.921665365500013
RottenApple,saltandpepper_Screen Shot 2018-06-08 at 2.28.07 PM.png,0.42295121173469385,dark,False,13.414028745430633
RottenApple,saltandpepper_Screen Shot 2018-06-08 at 2.28.12 PM.png,0.1918048469387755,dark,False,9.345008610289113
RottenApple,saltandpepper_Screen Shot 2018-06-08 at 2.28.23 PM.png,0.14869658801020408,dark,False,6.247268661485155
RottenApple,saltandpepper_Screen Shot 2018-06-08 at 2.28.42 PM.png,0.27040816326530615,dark,False,11.938888342044576
RottenApple,saltandpepper_Screen Shot 2018-06-08 at 2.29.33 PM.png,0.49099170918367346,dark,False,15.980168393861819
RottenApple,saltandpepper_Screen Shot 2018-06-08 at 2.29.55 PM.png,0.4864875637755102,dark,False,20.35992619912849
RottenApple,saltandpepper_Screen Shot 2018-06-08 at 2.30.26 PM.png,0.5494260204081632,dark,False,8.627134531239568
RottenApple,saltandpepper_Screen Shot 2018-06-08 at 2.30.31 PM.png,0.39058514030612246,dark,False,20.17065950515598
RottenApple,saltandpepper_Screen Shot 2018-06-08 at 2.30.40 PM.png,0.453304368622449,dark,False,23.444672051626416
RottenApple,saltandpepper_Screen Shot 2018-06-08 at 2.30.45 PM.png,0.6251992984693877,dark,False,14.366451149551308
RottenApple,saltandpepper_Screen Shot 2018-06-08 at 2.30.51 PM.png,0.28262515943877553,dark,False,15.298614919160876
RottenApple,saltandpepper_Screen Shot 2018-06-08 at 2.31.03 PM.png,0.37830835459183676,dark,False,11.817027512067668
RottenApple,saltandpepper_Screen Shot 2018-06-08 at 2.31.16 PM.png,0.29805086096938777,dark,False,19.539076605944057
RottenApple,saltandpepper_Screen Shot 2018-06-08 at 2.31.23 PM.png,0.43126195790816324,dark,False,16.959741684700166
RottenApple,saltandpepper_Screen Shot 2018-06-08 at 2.31.33 PM.png,0.15838249362244897,dark,False,8.003701786784202
RottenApple,saltandpepper_Screen Shot 2018-06-08 at 2.31.45 PM.png,0.27756297831632654,dark,False,7.935351171178604
RottenApple,saltandpepper_Screen Shot 2018-06-08 at 2.32.10 PM.png,0.3680843431122449,dark,False,26.974225448140093
RottenApple,saltandpepper_Screen Shot 2018-06-08 at 2.32.42 PM.png,0.5536710778061225,dark,False,16.734038375085014
RottenApple,saltandpepper_Screen Shot 2018-06-08 at 2.33.04 PM.png,0.5736208545918368,dark,False,16.869721845063037
RottenApple,saltandpepper_Screen Shot 2018-06-08 at 2.33.28 PM.png,0.4995615433673469,dark,False,50.930774809157555
RottenApple,saltandpepper_Screen Shot 2018-06-08 at 2.33.49 PM.png,0.31130420918367346,dark,False,7.454004867785051
RottenApple,saltandpepper_Screen Shot 2018-06-08 at 2.34.05 PM.png,0.6072225765306123,dark,False,22.987759390863786
RottenApple,saltandpepper_Screen Shot 2018-06-08 at 2.34.37 PM.png,0.46908880739795916,dark,False,7.185926087004503
RottenApple,saltandpepper_Screen Shot 2018-06-08 at 2.34.42 PM.png,0.21795280612244897,dark,False,25.683987806701307
RottenApple,saltandpepper_Screen Shot 2018-06-08 at 2.34.51 PM.png,0.3198341836734694,dark,False,28.64749577322684
RottenApple,saltandpepper_Screen Shot 2018-06-08 at 2.35.03 PM.png,0.34737723214285715,dark,False,8.388896790380878
RottenApple,saltandpepper_Screen Shot 2018-06-08 at 2.35.10 PM.png,0.11806441326530612,dark,False,30.976524680763706
RottenApple,saltandpepper_Screen Shot 2018-06-08 at 2.35.32 PM.png,0.3178212691326531,dark,False,15.280541036186802
RottenApple,saltandpepper_Screen Shot 2018-06-08 at 2.36.18 PM.png,0.25587930484693877,dark,False,10.783716711454064
RottenApple,saltandpepper_Screen Shot 2018-06-08 at 2.36.31 PM.png,0.2587093431122449,dark,False,11.208282112444257
RottenApple,saltandpepper_Screen Shot 2018-06-08 at 2.36.43 PM.png,0.4409877232142857,dark,False,6.628191533249784
RottenApple,saltandpepper_Screen Shot 2018-06-08 at 2.36.55 PM.png,0.5185148278061225,dark,False,8.644094289876769
RottenApple,saltandpepper_Screen Shot 2018-06-08 at 2.37.03 PM.png,0.33045679209183676,dark,False,11.40773765140988
RottenApple,saltandpepper_Screen Shot 2018-06-08 at 2.37.13 PM.png,0.481265943877551,dark,False,11.57728954339681
RottenApple,saltandpepper_Screen Shot 2018-06-08 at 2.37.19 PM.png,0.5325255102040817,dark,False,6.091758626855985
RottenApple,saltandpepper_Screen Shot 2018-06-08 at 2.37.24 PM.png,0.6480986926020408,dark,False,11.027541847657682
RottenApple,saltandpepper_Screen Shot 2018-06-08 at 2.37.53 PM.png,0.46506297831632654,dark,False,5.97254230973738
RottenApple,saltandpepper_Screen Shot 2018-06-08 at 2.38.08 PM.png,0.5867944834183674,dark,False,12.041125376156122
RottenApple,saltandpepper_Screen Shot 2018-06-08 at 2.38.33 PM.png,0.3835299744897959,dark,False,6.779147665407865
RottenApple,saltandpepper_Screen Shot 2018-06-08 at 2.38.47 PM.png,0.14205994897959184,dark,False,13.23291962457497
RottenApple,saltandpepper_Screen Shot 2018-06-08 at 2.38.54 PM.png,0.1605548469387755,dark,False,5.813171475309869
RottenApple,saltandpepper_Screen Shot 2018-06-08 at 2.39.21 PM.png,0.3430923150510204,dark,False,11.414483473110673
RottenApple,saltandpepper_Screen Shot 2018-06-08 at 2.39.35 PM.png,0.20772879464285715,dark,False,10.689545186642931
RottenApple,saltandpepper_Screen Shot 2018-06-08 at 2.39.51 PM.png,0.021245216836734693,dark,True,11.894868576307479
RottenApple,saltandpepper_Screen Shot 2018-06-08 at 2.40.09 PM.png,0.42787388392857145,dark,False,18.67755449072069
RottenApple,saltandpepper_Screen Shot 2018-06-08 at 2.40.13 PM.png,0.35616629464285715,dark,False,7.348044853543143
RottenApple,saltandpepper_Screen Shot 2018-06-08 at 2.40.30 PM.png,0.43459024234693877,dark,False,9.087866560925672
RottenApple,saltandpepper_Screen Shot 2018-06-08 at 2.40.38 PM.png,0.3304966517857143,dark,False,7.130139215851911
RottenApple,saltandpepper_Screen Shot 2018-06-08 at 2.40.46 PM.png,0.3181002869897959,dark,False,17.7888071385941
RottenApple,saltandpepper_Screen Shot 2018-06-08 at 2.40.56 PM.png,0.23212292729591838,dark,False,13.237982322681235
RottenApple,saltandpepper_Screen Shot 2018-06-08 at 2.41.16 PM.png,0.34267378826530615,dark,False,9.455527014390498
RottenApple,saltandpepper_Screen Shot 2018-06-08 at 2.41.39 PM.png,0.2343152104591837,dark,False,8.770366906794605
RottenApple,saltandpepper_Screen Shot 2018-06-08 at 2.41.44 PM.png,0.2559390943877551,dark,False,5.9017117887890835
RottenApple,saltandpepper_Screen Shot 2018-06-08 at 2.41.54 PM.png,0.5137316645408163,dark,False,48.412671735566356
RottenApple,saltandpepper_Screen Shot 2018-06-08 at 2.42.06 PM.png,0.43044483418367346,dark,False,11.941467243363514
RottenApple,saltandpepper_Screen Shot 2018-06-08 at 2.42.22 PM.png,0.45908402423469385,dark,False,6.6913119725190375
RottenApple,saltandpepper_Screen Shot 2018-06-08 at 2.42.30 PM.png,0.13335060586734693,dark,False,14.34637115779857
RottenApple,saltandpepper_Screen Shot 2018-06-08 at 2.42.38 PM.png,0.5158043686224489,dark,False,7.813671205923794
RottenApple,saltandpepper_Screen Shot 2018-06-08 at 2.42.52 PM.png,0.3908641581632653,dark,False,10.159467150257928
RottenApple,saltandpepper_Screen Shot 2018-06-08 at 2.42.58 PM.png,0.3248764349489796,dark,False,8.038722335525904
RottenApple,saltandpepper_Screen Shot 2018-06-08 at 2.43.29 PM.png,0.2269610969387755,bright,False,35.07583293266061
RottenApple,saltandpepper_Screen Shot 2018-06-08 at 2.43.54 PM.png,0.4083227040816326,dark,False,6.88615208093837
RottenApple,saltandpepper_Screen Shot 2018-06-08 at 2.44.13 PM.png,0.5556042729591837,dark,False,36.62655417764174
RottenApple,saltandpepper_Screen Shot 2018-06-08 at 2.44.54 PM.png,0.3713528380102041,dark,False,35.28238029528077
RottenApple,saltandpepper_Screen Shot 2018-06-08 at 2.45.05 PM.png,0.4503148915816326,dark,False,8.956129808070273
RottenApple,saltandpepper_Screen Shot 2018-06-08 at 2.45.44 PM.png,0.25833067602040816,dark,False,54.44476302262178
RottenApple,saltandpepper_Screen Shot 2018-06-08 at 2.45.58 PM.png,0.5420519770408163,bright,False,56.99871353171699
RottenApple,saltandpepper_Screen Shot 2018-06-08 at 2.46.08 PM.png,0.49314413265306123,dark,False,7.49929559344875
RottenApple,saltandpepper_Screen Shot 2018-06-08 at 2.46.25 PM.png,0.31343670280612246,dark,False,41.66192288180532
RottenApple,saltandpepper_Screen Shot 2018-06-08 at 2.46.44 PM.png,0.4740712691326531,dark,False,7.597022679526482
RottenApple,saltandpepper_Screen Shot 2018-06-08 at 2.46.50 PM.png,0.3770727040816326,dark,False,7.173428946978802
RottenApple,saltandpepper_Screen Shot 2018-06-08 at 2.47.03 PM.png,0.2621372767857143,dark,False,12.916506526360218
RottenApple,saltandpepper_Screen Shot 2018-06-08 at 2.47.09 PM.png,0.37894610969387754,dark,False,6.228307041900055
RottenApple,saltandpepper_Screen Shot 2018-06-08 at 2.47.30 PM.png,0.3555484693877551,dark,False,8.641364423631076
RottenApple,saltandpepper_Screen Shot 2018-06-08 at 2.47.37 PM.png,0.48098692602040816,dark,False,17.905126466795867
RottenApple,saltandpepper_Screen Shot 2018-06-08 at 2.47.54 PM.png,0.4008888711734694,dark,False,8.366167435152724
RottenApple,saltandpepper_Screen Shot 2018-06-08 at 2.48.00 PM.png,0.4191047512755102,dark,False,6.346437239747101
RottenApple,saltandpepper_Screen Shot 2018-06-08 at 2.48.09 PM.png,0.40537308673469385,dark,False,8.17347626904058
RottenApple,saltandpepper_Screen Shot 2018-06-08 at 2.48.15 PM.png,0.47763871173469385,dark,False,10.053090566893715
RottenApple,saltandpepper_Screen Shot 2018-06-08 at 2.48.29 PM.png,0.6922632334183674,dark,False,33.764170050281095
RottenApple,saltandpepper_Screen Shot 2018-06-08 at 2.48.43 PM.png,0.13835299744897958,dark,False,7.698452995398166
RottenApple,saltandpepper_Screen Shot 2018-06-08 at 2.48.52 PM.png,0.43070392219387754,dark,False,8.20004755825029
RottenApple,saltandpepper_Screen Shot 2018-06-08 at 2.49.27 PM.png,0.24392139668367346,dark,False,26.349580292673185
RottenApple,saltandpepper_Screen Shot 2018-06-08 at 2.49.40 PM.png,0.3860012755102041,dark,False,9.441225921780438
RottenApple,saltandpepper_Screen Shot 2018-06-08 at 2.50.14 PM.png,0.45228794642857145,dark,False,10.716552633928593
RottenApple,saltandpepper_Screen Shot 2018-06-08 at 2.50.22 PM.png,0.2385204081632653,dark,False,8.912248536900872
RottenApple,saltandpepper_Screen Shot 2018-06-08 at 2.50.25 PM.png,0.2870296556122449,dark,False,19.308501806013243
RottenApple,saltandpepper_Screen Shot 2018-06-08 at 2.50.38 PM.png,0.346500318877551,dark,False,15.244688119110505
RottenApple,saltandpepper_Screen Shot 2018-06-08 at 2.50.49 PM.png,0.2819276147959184,dark,False,15.934327654644028
RottenApple,saltandpepper_Screen Shot 2018-06-08 at 2.50.55 PM.png,0.23537149234693877,dark,False,12.002946040243309
RottenApple,saltandpepper_Screen Shot 2018-06-08 at 2.51.43 PM.png,0.6924027423469388,bright,False,42.34012748948293
RottenApple,saltandpepper_Screen Shot 2018-06-08 at 2.51.55 PM.png,0.38709741709183676,dark,False,8.515680217963016
RottenApple,saltandpepper_Screen Shot 2018-06-08 at 2.52.05 PM.png,0.38901068239795916,dark,False,6.342646922196821
RottenApple,saltandpepper_Screen Shot 2018-06-08 at 2.52.20 PM.png,0.41268734056122447,dark,False,12.686098109632413
RottenApple,saltandpepper_Screen Shot 2018-06-08 at 2.52.43 PM.png,0.42500398596938777,dark,False,12.093018026259406
RottenApple,saltandpepper_Screen Shot 2018-06-08 at 2.52.57 PM.png,0.4970105229591837,dark,False,17.799417992344065
RottenApple,saltandpepper_Screen Shot 2018-06-08 at 2.53.14 PM.png,0.4395727040816326,dark,False,6.67229629583738
RottenApple,Screen Shot 2018-06-07 at 2.15.20 PM.png,0.5596699617346939,dark,False,23.848921938361183
RottenApple,Screen Shot 2018-06-07 at 2.15.50 PM.png,0.6139987244897959,dark,False,34.67425553580529
RottenApple,Screen Shot 2018-06-07 at 2.16.18 PM.png,0.26987005739795916,dark,False,4.327008357650314
RottenApple,Screen Shot 2018-06-07 at 2.16.41 PM.png,0.5539500956632653,dark,False,13.585087148029373
RottenApple,Screen Shot 2018-06-07 at 2.17.15 PM.png,0.32607222576530615,dark,False,9.118541539300294
RottenApple,Screen Shot 2018-06-07 at 2.17.25 PM.png,0.4257214604591837,dark,False,35.23707940169469
RottenApple,Screen Shot 2018-06-07 at 2.18.13 PM.png,0.39756058673469385,dark,False,2.072811591748396
RottenApple,Screen Shot 2018-06-07 at 2.18.57 PM.png,0.625617825255102,dark,False,38.01185239817997
RottenApple,Screen Shot 2018-06-07 at 2.19.15 PM.png,0.6267139668367347,dark,False,24.256937290070905
RottenApple,Screen Shot 2018-06-07 at 2.19.37 PM.png,0.22052375637755103,dark,False,0.010112948910650186
RottenApple,Screen Shot 2018-06-07 at 2.19.46 PM.png,0.23846061862244897,dark,False,33.18511548653229
RottenApple,Screen Shot 2018-06-07 at 2.20.29 PM.png,0.11451690051020408,dark,False,1.0265431149763646
RottenApple,Screen Shot 2018-06-07 at 2.20.46 PM.png,0.2711854272959184,dark,False,19.48761382569544
RottenApple,Screen Shot 2018-06-07 at 2.20.56 PM.png,0.1451690051020408,dark,False,14.066128817338537
RottenApple,Screen Shot 2018-06-07 at 2.22.00 PM.png,0.5884088010204082,dark,False,31.15927784162955
RottenApple,Screen Shot 2018-06-07 at 2.23.02 PM.png,0.48276068239795916,dark,False,7.771537516143387
RottenApple,Screen Shot 2018-06-07 at 2.23.24 PM.png,0.15244339923469388,dark,False,36.39354532035956
RottenApple,Screen Shot 2018-06-07 at 2.23.40 PM.png,0.18385283801020408,dark,False,18.153735031266383
RottenApple,Screen Shot 2018-06-07 at 2.23.51 PM.png,0.18518813775510204,dark,False,30.91136541011724
RottenApple,Screen Shot 2018-06-07 at 2.24.02 PM.png,0.4595424107142857,dark,False,38.52888901605825
RottenApple,Screen Shot 2018-06-07 at 2.24.35 PM.png,0.21871014030612246,dark,False,15.128676595593348
RottenApple,Screen Shot 2018-06-07 at 2.24.47 PM.png,0.4583067602040816,dark,False,0.0169929543540181
RottenApple,Screen Shot 2018-06-07 at 2.24.59 PM.png,0.5173987563775511,dark,False,50.6785785184206
RottenApple,Screen Shot 2018-06-07 at 2.25.16 PM.png,0.28160873724489793,dark,False,5.538951701648531
RottenApple,Screen Shot 2018-06-07 at 2.25.26 PM.png,0.32547433035714285,dark,False,40.85086192634669
RottenApple,Screen Shot 2018-06-07 at 2.31.43 PM.png,0.16384327168367346,dark,False,5.8340123779153314
RottenApple,Screen Shot 2018-06-07 at 2.31.59 PM.png,0.1386120854591837,dark,False,24.939948648182156
RottenApple,Screen Shot 2018-06-07 at 2.33.38 PM.png,0.5284996811224489,dark,False,18.521301100071778
RottenApple,Screen Shot 2018-06-07 at 2.33.47 PM.png,0.45278619260204084,dark,False,22.561144265620097
RottenApple,Screen Shot 2018-06-07 at 2.34.18 PM.png,0.22458944515306123,dark,False,32.02464450204413
RottenApple,Screen Shot 2018-06-07 at 2.34.36 PM.png,0.35142299107142855,dark,False,39.637208611797774
RottenApple,Screen Shot 2018-06-07 at 2.35.10 PM.png,0.05735809948979592,dark,False,12.216392282511089
RottenApple,Screen Shot 2018-06-07 at 2.35.21 PM.png,0.32852359693877553,dark,False,27.372069445643476
RottenApple,Screen Shot 2018-06-07 at 2.36.06 PM.png,0.1744060905612245,dark,False,8.719767148727621
RottenApple,Screen Shot 2018-06-07 at 2.36.21 PM.png,0.15947863520408162,dark,False,12.008352318090884
RottenApple,Screen Shot 2018-06-07 at 2.37.01 PM.png,0.30016342474489793,dark,False,5.06743004473007
RottenApple,Screen Shot 2018-06-07 at 2.37.11 PM.png,0.5278619260204082,dark,False,20.535068306881254
RottenApple,Screen Shot 2018-06-07 at 2.37.20 PM.png,0.49930245535714285,dark,False,33.488321262826474
RottenApple,Screen Shot 2018-06-07 at 2.37.32 PM.png,0.4624123086734694,dark,False,23.216102102799812
RottenApple,Screen Shot 2018-06-07 at 2.37.43 PM.png,0.23297991071428573,dark,False,19.641618280129872
RottenApple,Screen Shot 2018-06-07 at 2.38.04 PM.png,0.47731983418367346,dark,False,2.33867920046614
RottenApple,Screen Shot 2018-06-07 at 2.38.28 PM.png,0.3975406568877551,dark,False,0.16815952271087484
RottenApple,Screen Shot 2018-06-07 at 2.38.38 PM.png,0.29807079081632654,dark,False,47.573519673756415
RottenApple,Screen Shot 2018-06-07 at 2.38.49 PM.png,0.525390625,dark,False,7.607837925866572
RottenApple,Screen Shot 2018-06-07 at 2.39.26 PM.png,0.3114038584183674,dark,False,0.10719181246813281
RottenApple,Screen Shot 2018-06-07 at 2.40.00 PM.png,0.48276068239795916,dark,False,1.4371441784586276
RottenApple,Screen Shot 2018-06-07 at 2.40.13 PM.png,0.5835658482142857,dark,False,25.328966012767385
RottenApple,Screen Shot 2018-06-07 at 2.40.28 PM.png,0.47399154974489793,dark,False,11.80155601093418
RottenApple,Screen Shot 2018-06-07 at 2.40.48 PM.png,0.4198022959183674,dark,False,15.742992310144281
RottenApple,Screen Shot 2018-06-07 at 2.40.55 PM.png,0.31800063775510207,dark,False,19.090243350447636
RottenApple,Screen Shot 2018-06-07 at 2.41.07 PM.png,0.27078683035714285,dark,False,24.385034281253695
RottenApple,Screen Shot 2018-06-07 at 2.41.23 PM.png,0.2259845344387755,dark,False,27.50307884764649
RottenApple,Screen Shot 2018-06-07 at 2.41.32 PM.png,0.461116868622449,dark,False,6.19953839906412
RottenApple,Screen Shot 2018-06-07 at 2.42.18 PM.png,0.2401745854591837,dark,False,24.397341581501063
RottenApple,Screen Shot 2018-06-07 at 2.42.25 PM.png,0.48702566964285715,dark,False,9.730275935726148
RottenApple,Screen Shot 2018-06-07 at 2.42.58 PM.png,0.4515904017857143,dark,False,17.990359125184074
RottenApple,Screen Shot 2018-06-07 at 2.43.07 PM.png,0.44495376275510207,dark,False,20.643519903568034
RottenApple,Screen Shot 2018-06-07 at 2.43.13 PM.png,0.5084103954081632,dark,False,41.63516690738131
RottenApple,Screen Shot 2018-06-07 at 2.43.26 PM.png,0.5262874681122449,dark,False,8.617017077687489
RottenApple,Screen Shot 2018-06-07 at 2.43.34 PM.png,0.25721460459183676,dark,False,3.067855496497342
RottenApple,Screen Shot 2018-06-07 at 2.43.54 PM.png,0.5130939094387755,dark,False,16.242727194472483
RottenApple,Screen Shot 2018-06-07 at 2.44.05 PM.png,0.17502391581632654,dark,False,25.288393377548136
RottenApple,Screen Shot 2018-06-07 at 2.44.26 PM.png,0.14638472576530612,dark,False,58.26264634541499
RottenApple,Screen Shot 2018-06-07 at 2.44.51 PM.png,0.46267139668367346,dark,False,42.53541820714616
RottenApple,Screen Shot 2018-06-07 at 2.44.59 PM.png,0.39975286989795916,dark,False,26.24348605907259
RottenApple,Screen Shot 2018-06-07 at 2.45.09 PM.png,0.024473852040816327,dark,True,9.087913344378942
RottenApple,Screen Shot 2018-06-07 at 2.45.18 PM.png,0.34677933673469385,dark,False,34.489327180108965
RottenApple,Screen Shot 2018-06-07 at 2.45.35 PM.png,0.3580994897959184,dark,False,21.31488637580269
RottenApple,Screen Shot 2018-06-07 at 2.45.44 PM.png,0.3046277104591837,dark,False,18.73847411889842
RottenApple,Screen Shot 2018-06-07 at 2.45.55 PM.png,0.3811184630102041,dark,False,4.039837029012623
RottenApple,Screen Shot 2018-06-07 at 2.46.04 PM.png,0.20364317602040816,dark,False,0.0
RottenApple,Screen Shot 2018-06-07 at 2.46.12 PM.png,0.27305883290816324,dark,False,2.135766216856252
RottenApple,Screen Shot 2018-06-07 at 2.46.22 PM.png,0.4075255102040816,dark,False,16.294418390790216
RottenApple,Screen Shot 2018-06-07 at 2.46.43 PM.png,0.38205516581632654,dark,False,21.830603244835917
RottenApple,Screen Shot 2018-06-07 at 2.46.52 PM.png,0.35249920280612246,dark,False,25.217888720999156
RottenApple,Screen Shot 2018-06-07 at 2.47.01 PM.png,0.05992904974489796,dark,False,8.888968958294749
RottenApple,Screen Shot 2018-06-07 at 2.47.13 PM.png,0.3716517857142857,dark,False,8.514823673702871
RottenApple,Screen Shot 2018-06-07 at 2.47.20 PM.png,0.40505420918367346,dark,False,39.129110437913084
RottenApple,Screen Shot 2018-06-07 at 2.47.27 PM.png,0.436702806122449,dark,False,46.09413395474886
RottenApple,Screen Shot 2018-06-07 at 2.47.35 PM.png,0.4545798788265306,dark,False,27.498371596318453
RottenApple,Screen Shot 2018-06-07 at 2.50.09 PM.png,0.2855747767857143,dark,False,5.195192456483833
RottenApple,Screen Shot 2018-06-07 at 2.50.31 PM.png,0.17582110969387754,dark,False,4.974186110878867
RottenApple,Screen Shot 2018-06-07 at 2.50.43 PM.png,0.18447066326530612,dark,False,37.89961047341476
RottenApple,Screen Shot 2018-06-07 at 2.50.52 PM.png,0.38341039540816324,dark,False,34.63196963802242
RottenApple,Screen Shot 2018-06-07 at 2.51.01 PM.png,0.27461336096938777,dark,False,0.1178695749767435
RottenApple,Screen Shot 2018-06-07 at 2.52.00 PM.png,0.2670400191326531,dark,False,44.478875781812626
RottenApple,Screen Shot 2018-06-07 at 2.52.09 PM.png,0.4810068558673469,dark,False,43.495497875696365
RottenApple,Screen Shot 2018-06-07 at 2.52.22 PM.png,0.33254942602040816,dark,False,43.56762198865465
RottenApple,Screen Shot 2018-06-07 at 2.52.30 PM.png,0.38241390306122447,dark,False,52.30294190662743
RottenApple,Screen Shot 2018-06-07 at 2.52.44 PM.png,0.25681600765306123,dark,False,6.508032213475853
RottenApple,Screen Shot 2018-06-07 at 2.53.20 PM.png,0.5758729272959183,dark,False,61.30393804535891
RottenApple,Screen Shot 2018-06-07 at 2.53.33 PM.png,0.4358059630102041,dark,False,57.08262710440507
RottenApple,Screen Shot 2018-06-07 at 2.54.08 PM.png,0.4417051977040816,dark,False,12.189560153577665
RottenApple,Screen Shot 2018-06-07 at 2.54.49 PM.png,0.16874601403061223,dark,False,6.343072461792882
RottenApple,Screen Shot 2018-06-07 at 2.54.58 PM.png,0.13743622448979592,dark,False,9.644123109473076
RottenApple,Screen Shot 2018-06-07 at 2.55.27 PM.png,0.5376873405612245,dark,False,1.0402568982154083
RottenApple,Screen Shot 2018-06-07 at 2.55.52 PM.png,0.11326132015306123,dark,False,13.347193384221976
RottenApple,Screen Shot 2018-06-07 at 2.56.09 PM.png,0.4382174744897959,dark,False,10.277433553752108
RottenApple,Screen Shot 2018-06-07 at 2.56.16 PM.png,0.22939253826530612,dark,False,11.974616014654941
RottenApple,Screen Shot 2018-06-07 at 2.56.34 PM.png,0.31544961734693877,dark,False,5.421824830339332
RottenApple,Screen Shot 2018-06-07 at 2.56.57 PM.png,0.32212611607142855,dark,False,1.5424224923091934
RottenApple,Screen Shot 2018-06-07 at 2.57.05 PM.png,0.3633609693877551,dark,False,9.061577332455649
RottenApple,Screen Shot 2018-06-07 at 2.57.13 PM.png,0.42263233418367346,dark,False,10.358803721274718
RottenApple,Screen Shot 2018-06-07 at 2.57.17 PM.png,0.3109853316326531,dark,False,8.912857628996411
RottenApple,Screen Shot 2018-06-07 at 2.57.26 PM.png,0.17769451530612246,dark,False,31.025317375617906
RottenApple,Screen Shot 2018-06-07 at 2.57.42 PM.png,0.15945870535714285,dark,False,0.042040290954835524
RottenApple,Screen Shot 2018-06-07 at 2.57.49 PM.png,0.09811463647959184,dark,False,0.0
RottenApple,Screen Shot 2018-06-07 at 2.58.17 PM.png,0.24294483418367346,dark,False,16.795936785773858
RottenApple,Screen Shot 2018-06-07 at 2.58.47 PM.png,0.24135044642857142,dark,False,2.130888066963714
RottenApple,Screen Shot 2018-06-07 at 2.58.57 PM.png,0.4906728316326531,dark,False,2.1761175909671806
RottenApple,Screen Shot 2018-06-07 at 2.59.38 PM.png,0.5692362882653061,dark,False,12.900756335383768
RottenApple,Screen Shot 2018-06-07 at 2.59.52 PM.png,0.49264588647959184,dark,False,25.688193896597074
RottenApple,Screen Shot 2018-06-07 at 3.00.00 PM.png,0.24986049107142858,dark,False,14.814022564010235
RottenApple,Screen Shot 2018-06-07 at 3.00.17 PM.png,0.4903539540816326,dark,False,0.2660272203784159
RottenApple,Screen Shot 2018-06-07 at 3.00.33 PM.png,0.5285196109693877,dark,False,20.860513626520508
RottenApple,Screen Shot 2018-06-07 at 3.00.40 PM.png,0.4633091517857143,dark,False,1.0441506140128232
RottenApple,Screen Shot 2018-06-07 at 3.00.46 PM.png,0.5017139668367347,dark,False,0.802294366301378
RottenApple,Screen Shot 2018-06-07 at 3.00.56 PM.png,0.3292610012755102,dark,False,6.986770552523276
RottenApple,Screen Shot 2018-06-07 at 3.01.09 PM.png,0.37611607142857145,dark,False,5.0453166042094315
RottenApple,Screen Shot 2018-06-07 at 3.01.21 PM.png,0.40955835459183676,dark,False,25.711184319025875
RottenApple,Screen Shot 2018-06-07 at 3.01.54 PM.png,0.5140106823979592,dark,False,20.55677311032868
RottenApple,Screen Shot 2018-06-07 at 3.02.02 PM.png,0.2647082270408163,dark,False,4.035891649364259
RottenApple,Screen Shot 2018-06-07 at 3.02.09 PM.png,0.33822943239795916,dark,False,2.484776690535402
RottenApple,Screen Shot 2018-06-07 at 3.02.18 PM.png,0.39522879464285715,dark,False,18.93242280955325
RottenApple,Screen Shot 2018-06-07 at 3.02.24 PM.png,0.49609375,dark,False,7.650218350283411
RottenApple,Screen Shot 2018-06-07 at 3.02.51 PM.png,0.31289859693877553,dark,False,7.009014428898998
RottenApple,Screen Shot 2018-06-07 at 3.03.12 PM.png,0.17558195153061223,dark,False,0.05322060306798706
RottenApple,Screen Shot 2018-06-07 at 3.03.21 PM.png,0.32776626275510207,dark,False,0.007873283323090936
RottenApple,Screen Shot 2018-06-07 at 3.03.38 PM.png,0.4735530931122449,dark,False,0.0664725024805763
RottenApple,Screen Shot 2018-06-07 at 3.03.46 PM.png,0.5004384566326531,dark,False,3.1684758084322318
RottenApple,Screen Shot 2018-06-07 at 3.03.58 PM.png,0.3196548150510204,dark,False,27.36972783703821
RottenApple,Screen Shot 2018-06-07 at 3.04.24 PM.png,0.35421316964285715,dark,False,15.11421629666647
RottenApple,Screen Shot 2018-06-07 at 3.04.35 PM.png,0.4794124681122449,dark,False,0.13368598888177663
RottenApple,Screen Shot 2018-06-07 at 3.04.41 PM.png,0.45667251275510207,dark,False,0.05864544841286847
RottenApple,Screen Shot 2018-06-07 at 3.04.47 PM.png,0.4688695790816326,dark,False,4.867663235296824
RottenApple,Screen Shot 2018-06-07 at 3.04.58 PM.png,0.22215800382653061,dark,False,1.7129654718558784
RottenApple,Screen Shot 2018-06-07 at 3.05.05 PM.png,0.25137515943877553,dark,False,15.644473207040617
RottenApple,Screen Shot 2018-06-07 at 3.05.13 PM.png,0.47915338010204084,dark,False,9.973161769335215
RottenApple,Screen Shot 2018-06-07 at 3.05.29 PM.png,0.5352957589285714,dark,False,20.060623663692997
RottenApple,Screen Shot 2018-06-07 at 3.05.46 PM.png,0.6095543686224489,bright,False,62.41107678846316
RottenApple,Screen Shot 2018-06-07 at 3.05.53 PM.png,0.3579799107142857,dark,False,5.22594785144207
RottenApple,Screen Shot 2018-06-07 at 3.05.58 PM.png,0.34375,dark,False,21.49190633956161
RottenApple,Screen Shot 2018-06-07 at 3.06.06 PM.png,0.3084343112244898,dark,False,11.54697759555423
RottenApple,Screen Shot 2018-06-07 at 3.06.11 PM.png,0.11846301020408163,dark,False,7.127980262879846
RottenApple,Screen Shot 2018-06-07 at 3.06.22 PM.png,0.39602598852040816,dark,False,22.389982722567343
RottenApple,Screen Shot 2018-06-07 at 3.06.51 PM.png,0.07382015306122448,dark,False,42.592969692207504
RottenApple,Screen Shot 2018-06-07 at 3.17.25 PM.png,0.5473931760204082,dark,False,6.974532501379952
RottenApple,Screen Shot 2018-06-08 at 2.21.33 PM.png,0.48571029974489793,dark,False,4.171720750491737
RottenApple,Screen Shot 2018-06-08 at 2.23.40 PM.png,0.5167809311224489,dark,False,0.03274649053236265
RottenApple,Screen Shot 2018-06-08 at 2.23.48 PM.png,0.46982621173469385,dark,False,3.9067482601597967
RottenApple,Screen Shot 2018-06-08 at 2.24.09 PM.png,0.3737643494897959,dark,False,5.194859223910152
RottenApple,Screen Shot 2018-06-08 at 2.24.15 PM.png,0.3326889349489796,dark,False,22.01234727368241
RottenApple,Screen Shot 2018-06-08 at 2.24.31 PM.png,0.48758370535714285,dark,False,18.05299062365813
RottenApple,Screen Shot 2018-06-08 at 2.24.37 PM.png,0.5127551020408163,dark,False,13.137237917529744
RottenApple,Screen Shot 2018-06-08 at 2.25.43 PM.png,0.5345583545918368,dark,False,3.4469395127680333
RottenApple,Screen Shot 2018-06-08 at 2.26.14 PM.png,0.26777742346938777,dark,False,0.0
RottenApple,Screen Shot 2018-06-08 at 2.26.34 PM.png,0.5968191964285714,bright,False,52.52599724613799
RottenApple,Screen Shot 2018-06-08 at 2.26.44 PM.png,0.4750478316326531,dark,False,7.206209409871339
RottenApple,Screen Shot 2018-06-08 at 2.27.15 PM.png,0.5334422831632653,dark,False,3.7512851148752016
RottenApple,Screen Shot 2018-06-08 at 2.27.44 PM.png,0.240234375,dark,False,11.781714021875011
RottenApple,Screen Shot 2018-06-08 at 2.28.00 PM.png,0.47512755102040816,dark,False,12.094293609328318
RottenApple,Screen Shot 2018-06-08 at 2.28.12 PM.png,0.19182477678571427,dark,False,3.266372264759976
RottenApple,Screen Shot 2018-06-08 at 2.28.23 PM.png,0.1482780612244898,dark,False,1.7235307962098272
RottenApple,Screen Shot 2018-06-08 at 2.28.42 PM.png,0.26779735331632654,dark,False,6.345903440652175
RottenApple,Screen Shot 2018-06-08 at 2.29.33 PM.png,0.48766342474489793,dark,False,14.83359455511733
RottenApple,Screen Shot 2018-06-08 at 2.29.55 PM.png,0.4854711415816326,dark,False,19.146735396249
RottenApple,Screen Shot 2018-06-08 at 2.30.03 PM.png,0.5566007653061225,dark,False,20.411569644116415
RottenApple,Screen Shot 2018-06-08 at 2.30.26 PM.png,0.5378866390306123,dark,False,5.088714847592962
RottenApple,Screen Shot 2018-06-08 at 2.30.31 PM.png,0.5919363839285714,dark,False,19.336114996209073
RottenApple,Screen Shot 2018-06-08 at 2.30.40 PM.png,0.455078125,dark,False,22.438227627908777
RottenApple,Screen Shot 2018-06-08 at 2.30.57 PM.png,0.40182557397959184,dark,False,22.56422633965019
RottenApple,Screen Shot 2018-06-08 at 2.31.08 PM.png,0.5335817920918368,dark,False,18.32927693716017
RottenApple,Screen Shot 2018-06-08 at 2.31.16 PM.png,0.1892139668367347,dark,False,18.573048815652466
RottenApple,Screen Shot 2018-06-08 at 2.31.23 PM.png,0.4342713647959184,dark,False,15.867912055112306
RottenApple,Screen Shot 2018-06-08 at 2.31.33 PM.png,0.1558514030612245,dark,False,0.0
RottenApple,Screen Shot 2018-06-08 at 2.31.45 PM.png,0.2767857142857143,dark,False,3.9226060709553114
RottenApple,Screen Shot 2018-06-08 at 2.32.10 PM.png,0.3965441645408163,dark,False,26.120502817301187
RottenApple,Screen Shot 2018-06-08 at 2.32.42 PM.png,0.5483298788265306,dark,False,14.03632781911819
RottenApple,Screen Shot 2018-06-08 at 2.33.04 PM.png,0.5686583227040817,dark,False,15.238390665402713
RottenApple,Screen Shot 2018-06-08 at 2.33.28 PM.png,0.4862683354591837,dark,False,50.76193573527428
RottenApple,Screen Shot 2018-06-08 at 2.33.49 PM.png,0.3096898915816326,dark,False,2.5464509091259235
RottenApple,Screen Shot 2018-06-08 at 2.34.05 PM.png,0.34536431760204084,dark,False,22.527795630043162
RottenApple,Screen Shot 2018-06-08 at 2.34.42 PM.png,0.21366788903061223,dark,False,25.056851275900232
RottenApple,Screen Shot 2018-06-08 at 2.34.51 PM.png,0.2169563137755102,dark,False,28.15652126977339
RottenApple,Screen Shot 2018-06-08 at 2.35.03 PM.png,0.2959582270408163,dark,False,5.5880635646648225
RottenApple,Screen Shot 2018-06-08 at 2.35.10 PM.png,0.11870216836734694,dark,False,30.626502536282686
RottenApple,Screen Shot 2018-06-08 at 2.35.25 PM.png,0.3093311543367347,dark,False,2.4249362363123677
RottenApple,Screen Shot 2018-06-08 at 2.35.32 PM.png,0.3141342474489796,dark,False,13.368307247014394
RottenApple,Screen Shot 2018-06-08 at 2.35.37 PM.png,0.5169403698979592,dark,False,10.00206611979302
RottenApple,Screen Shot 2018-06-08 at 2.36.01 PM.png,0.12629544005102042,dark,False,7.93879791753978
RottenApple,Screen Shot 2018-06-08 at 2.36.18 PM.png,0.265445631377551,dark,False,6.668230442058092
RottenApple,Screen Shot 2018-06-08 at 2.36.23 PM.png,0.21400669642857142,dark,False,6.635157824023488
RottenApple,Screen Shot 2018-06-08 at 2.36.31 PM.png,0.2546436543367347,dark,False,5.567394526493852
RottenApple,Screen Shot 2018-06-08 at 2.36.43 PM.png,0.4354671556122449,dark,False,2.0132027474614858
RottenApple,Screen Shot 2018-06-08 at 2.36.55 PM.png,0.3714126275510204,dark,False,5.8779405713993995
RottenApple,Screen Shot 2018-06-08 at 2.37.13 PM.png,0.47871492346938777,dark,False,10.317024930714789
RottenApple,Screen Shot 2018-06-08 at 2.37.19 PM.png,0.5291972257653061,dark,False,0.737594189379832
RottenApple,Screen Shot 2018-06-08 at 2.37.24 PM.png,0.640007174744898,dark,False,8.296316308196507
RottenApple,Screen Shot 2018-06-08 at 2.37.53 PM.png,0.44630899234693877,dark,False,0.09112061770701196
RottenApple,Screen Shot 2018-06-08 at 2.38.08 PM.png,0.5840043048469388,dark,False,10.121614581565957
RottenApple,Screen Shot 2018-06-08 at 2.38.33 PM.png,0.37960379464285715,dark,False,1.607274512233
RottenApple,Screen Shot 2018-06-08 at 2.38.47 PM.png,0.14182079081632654,dark,False,11.064536450113387
RottenApple,Screen Shot 2018-06-08 at 2.38.54 PM.png,0.1594188456632653,dark,False,1.583549404392933
RottenApple,Screen Shot 2018-06-08 at 2.39.02 PM.png,0.4602598852040816,dark,False,0.0
RottenApple,Screen Shot 2018-06-08 at 2.39.21 PM.png,0.1835140306122449,dark,False,9.572813882015348
RottenApple,Screen Shot 2018-06-08 at 2.39.26 PM.png,0.5548070790816326,dark,False,25.510481428541823
RottenApple,Screen Shot 2018-06-08 at 2.39.35 PM.png,0.1700015943877551,dark,False,6.026577746654486
RottenApple,Screen Shot 2018-06-08 at 2.40.09 PM.png,0.427555006377551,dark,False,16.988021462534785
RottenApple,Screen Shot 2018-06-08 at 2.40.13 PM.png,0.35843829719387754,dark,False,0.5253788757584203
RottenApple,Screen Shot 2018-06-08 at 2.40.30 PM.png,0.4408482142857143,dark,False,5.844538643750791
RottenApple,Screen Shot 2018-06-08 at 2.40.38 PM.png,0.33009805484693877,dark,False,2.6564349463877237
RottenApple,Screen Shot 2018-06-08 at 2.40.46 PM.png,0.3039500956632653,dark,False,16.383643441696574
RottenApple,Screen Shot 2018-06-08 at 2.40.56 PM.png,0.23393654336734693,dark,False,11.284444422550877
RottenApple,Screen Shot 2018-06-08 at 2.41.16 PM.png,0.33412388392857145,dark,False,0.1595681824040985
RottenApple,Screen Shot 2018-06-08 at 2.41.39 PM.png,0.23176419005102042,dark,False,5.377705229954302
RottenApple,Screen Shot 2018-06-08 at 2.41.44 PM.png,0.2590481505102041,dark,False,0.38140266395447475
RottenApple,Screen Shot 2018-06-08 at 2.41.54 PM.png,0.5106823979591837,dark,False,48.28426190303406
RottenApple,Screen Shot 2018-06-08 at 2.42.06 PM.png,0.42970742984693877,dark,False,9.561113960011674
RottenApple,Screen Shot 2018-06-08 at 2.42.22 PM.png,0.44509327168367346,dark,False,0.03443554477398628
RottenApple,Screen Shot 2018-06-08 at 2.42.38 PM.png,0.5178172831632653,dark,False,3.731395383149182
RottenApple,Screen Shot 2018-06-08 at 2.42.52 PM.png,0.38901068239795916,dark,False,6.907027170516295
RottenApple,Screen Shot 2018-06-08 at 2.43.29 PM.png,0.23377710459183673,bright,False,34.83041454950129
RottenApple,Screen Shot 2018-06-08 at 2.44.13 PM.png,0.5496651785714286,dark,False,35.96432195483195
RottenApple,Screen Shot 2018-06-08 at 2.44.54 PM.png,0.37197066326530615,dark,False,34.78174869706946
RottenApple,Screen Shot 2018-06-08 at 2.45.05 PM.png,0.4463488520408163,dark,False,5.157867026079255
RottenApple,Screen Shot 2018-06-08 at 2.45.50 PM.png,0.14359454719387754,dark,False,46.04336956984804
RottenApple,Screen Shot 2018-06-08 at 2.45.58 PM.png,0.5415736607142857,bright,False,57.04612954884093
RottenApple,Screen Shot 2018-06-08 at 2.46.36 PM.png,0.1754424426020408,dark,False,2.482941697822398
RottenApple,Screen Shot 2018-06-08 at 2.46.44 PM.png,0.46554129464285715,dark,False,0.5917031377020471
RottenApple,Screen Shot 2018-06-08 at 2.46.50 PM.png,0.36782525510204084,dark,False,1.9501672220756754
RottenApple,Screen Shot 2018-06-08 at 2.47.03 PM.png,0.34548389668367346,dark,False,11.04860706790351
RottenApple,Screen Shot 2018-06-08 at 2.47.09 PM.png,0.37545838647959184,dark,False,0.3278939113878503
RottenApple,Screen Shot 2018-06-08 at 2.47.30 PM.png,0.35116390306122447,dark,False,5.9804823835119185
RottenApple,Screen Shot 2018-06-08 at 2.47.37 PM.png,0.47805723852040816,dark,False,16.490506085930324
RottenApple,Screen Shot 2018-06-08 at 2.47.49 PM.png,0.37119339923469385,dark,False,32.077249057110826
RottenApple,Screen Shot 2018-06-08 at 2.47.54 PM.png,0.396484375,dark,False,0.05408991245339192
RottenApple,Screen Shot 2018-06-08 at 2.48.00 PM.png,0.4186862244897959,dark,False,1.836375613375343
RottenApple,Screen Shot 2018-06-08 at 2.48.15 PM.png,0.45250717474489793,dark,False,8.29706401366481
RottenApple,Screen Shot 2018-06-08 at 2.48.29 PM.png,0.6610730229591837,dark,False,33.55598894365958
RottenApple,Screen Shot 2018-06-08 at 2.48.52 PM.png,0.4297672193877551,dark,False,4.245435798240163
RottenApple,Screen Shot 2018-06-08 at 2.49.27 PM.png,0.24348294005102042,dark,False,25.862252620152237
RottenApple,Screen Shot 2018-06-08 at 2.49.40 PM.png,0.3844467474489796,dark,False,0.0
RottenApple,Screen Shot 2018-06-08 at 2.50.22 PM.png,0.23668686224489796,dark,False,1.3602393205039105
RottenApple,Screen Shot 2018-06-08 at 2.50.33 PM.png,0.19601004464285715,dark,False,14.541296649845712
RottenApple,Screen Shot 2018-06-08 at 2.50.38 PM.png,0.34371014030612246,dark,False,13.460532956128558
RottenApple,Screen Shot 2018-06-08 at 2.50.55 PM.png,0.23325892857142858,dark,False,9.264390758238099
RottenApple,Screen Shot 2018-06-08 at 2.51.09 PM.png,0.30042251275510207,dark,False,17.92486175102867
RottenApple,Screen Shot 2018-06-08 at 2.51.43 PM.png,0.3007214604591837,dark,False,42.2150220741244
RottenApple,Screen Shot 2018-06-08 at 2.51.55 PM.png,0.37924505739795916,dark,False,0.05391954880122108
RottenApple,Screen Shot 2018-06-08 at 2.52.05 PM.png,0.38797433035714285,dark,False,0.0
RottenApple,Screen Shot 2018-06-08 at 2.52.20 PM.png,0.4085020727040816,dark,False,11.106833030277613
RottenApple,Screen Shot 2018-06-08 at 2.52.43 PM.png,0.4223134566326531,dark,False,10.41939002237848
RottenApple,Screen Shot 2018-06-08 at 2.53.14 PM.png,0.4509327168367347,dark,False,2.3301134361956213
RottenApple,translation_Screen Shot 2018-06-07 at 2.15.20 PM.png,0.8498485331632653,bright,False,111.52722095069474
RottenApple,translation_Screen Shot 2018-06-07 at 2.15.34 PM.png,0.8334462691326531,bright,False,111.65070075391577
RottenApple,translation_Screen Shot 2018-06-07 at 2.15.50 PM.png,0.8816167091836735,bright,False,103.40079483805192
RottenApple,translation_Screen Shot 2018-06-07 at 2.16.54 PM.png,0.8334263392857143,bright,False,120.28864750514748
RottenApple,translation_Screen Shot 2018-06-07 at 2.17.25 PM.png,0.8866191007653061,bright,False,117.34735711884251
RottenApple,translation_Screen Shot 2018-06-07 at 2.18.25 PM.png,0.8242785395408163,bright,False,113.66567259368314
RottenApple,translation_Screen Shot 2018-06-07 at 2.18.57 PM.png,0.8854830994897959,bright,False,110.22699541505555
RottenApple,translation_Screen Shot 2018-06-07 at 2.19.15 PM.png,0.87890625,bright,False,107.2150015819597
RottenApple,translation_Screen Shot 2018-06-07 at 2.20.04 PM.png,0.28946109693877553,dark,False,117.99827398999041
RottenApple,translation_Screen Shot 2018-06-07 at 2.20.29 PM.png,0.8172233737244898,bright,False,123.03484282884199
RottenApple,translation_Screen Shot 2018-06-07 at 2.20.46 PM.png,0.8456632653061225,bright,False,120.28732084987787
RottenApple,translation_Screen Shot 2018-06-07 at 2.20.56 PM.png,0.8410594706632653,bright,False,114.58433386275448
RottenApple,translation_Screen Shot 2018-06-07 at 2.21.09 PM.png,0.8359175701530612,bright,False,114.57013481342494
RottenApple,translation_Screen Shot 2018-06-07 at 2.22.39 PM.png,0.8622050382653061,bright,False,120.37115685922845
RottenApple,translation_Screen Shot 2018-06-07 at 2.23.02 PM.png,0.7734175701530612,bright,False,103.96934249970498
RottenApple,translation_Screen Shot 2018-06-07 at 2.23.24 PM.png,0.8540935905612245,bright,False,107.6337704340237
RottenApple,translation_Screen Shot 2018-06-07 at 2.23.40 PM.png,0.8198939732142857,bright,False,118.23052153627073
RottenApple,translation_Screen Shot 2018-06-07 at 2.23.51 PM.png,0.8457230548469388,bright,False,112.29715228145585
RottenApple,translation_Screen Shot 2018-06-07 at 2.24.02 PM.png,0.7775031887755102,bright,False,100.37617402012528
RottenApple,translation_Screen Shot 2018-06-07 at 2.24.35 PM.png,0.8580994897959183,bright,False,114.1160123797809
RottenApple,translation_Screen Shot 2018-06-07 at 2.24.47 PM.png,0.8212492028061225,bright,False,111.62584403125443
RottenApple,translation_Screen Shot 2018-06-07 at 2.24.59 PM.png,0.8193160076530612,bright,False,106.2988913225184
RottenApple,translation_Screen Shot 2018-06-07 at 2.25.26 PM.png,0.8738042091836735,bright,False,109.54340720226884
RottenApple,translation_Screen Shot 2018-06-07 at 2.31.43 PM.png,0.8207908163265306,bright,False,119.94961747875233
RottenApple,translation_Screen Shot 2018-06-07 at 2.31.59 PM.png,0.8414182079081632,bright,False,113.8858444525135
RottenApple,translation_Screen Shot 2018-06-07 at 2.33.38 PM.png,0.8049665178571429,bright,False,93.6980073184514
RottenApple,translation_Screen Shot 2018-06-07 at 2.33.47 PM.png,0.8382692920918368,bright,False,113.93472175261185
RottenApple,translation_Screen Shot 2018-06-07 at 2.34.18 PM.png,0.154296875,dark,False,107.65076767728245
RottenApple,translation_Screen Shot 2018-06-07 at 2.34.36 PM.png,0.8320511798469388,bright,False,98.56990368302935
RottenApple,translation_Screen Shot 2018-06-07 at 2.34.49 PM.png,0.7971540178571429,bright,False,120.83120687033271
RottenApple,translation_Screen Shot 2018-06-07 at 2.35.10 PM.png,0.8325693558673469,bright,False,114.66866798769426
RottenApple,translation_Screen Shot 2018-06-07 at 2.35.38 PM.png,0.7537069515306123,bright,False,111.69186656123453
RottenApple,translation_Screen Shot 2018-06-07 at 2.36.21 PM.png,0.7306082589285714,bright,False,95.6711984508638
RottenApple,translation_Screen Shot 2018-06-07 at 2.37.11 PM.png,0.18241788903061223,dark,False,111.39896567036601
RottenApple,translation_Screen Shot 2018-06-07 at 2.37.20 PM.png,0.8011200573979592,bright,False,96.51600427026445
RottenApple,translation_Screen Shot 2018-06-07 at 2.37.32 PM.png,0.847297512755102,bright,False,109.17520582143176
RottenApple,translation_Screen Shot 2018-06-07 at 2.37.43 PM.png,0.7351124043367347,bright,False,96.06304954960036
RottenApple,translation_Screen Shot 2018-06-07 at 2.37.53 PM.png,0.8791055484693877,bright,False,124.38966454172572
RottenApple,translation_Screen Shot 2018-06-07 at 2.38.04 PM.png,0.14317602040816327,dark,False,120.82181865277778
RottenApple,translation_Screen Shot 2018-06-07 at 2.38.13 PM.png,0.7017099808673469,bright,False,98.54153561320955
RottenApple,translation_Screen Shot 2018-06-07 at 2.38.38 PM.png,0.8580795599489796,bright,False,103.15282478464474
RottenApple,translation_Screen Shot 2018-06-07 at 2.38.49 PM.png,0.1566485969387755,dark,False,115.60295930894192
RottenApple,translation_Screen Shot 2018-06-07 at 2.38.59 PM.png,0.8747010522959183,bright,False,120.3289592634364
RottenApple,translation_Screen Shot 2018-06-07 at 2.39.35 PM.png,0.8334661989795918,bright,False,113.87682327744507
RottenApple,translation_Screen Shot 2018-06-07 at 2.39.44 PM.png,0.7241509885204082,bright,False,111.18539750667702
RottenApple,translation_Screen Shot 2018-06-07 at 2.39.53 PM.png,0.7735770089285714,bright,False,116.7209755819501
RottenApple,translation_Screen Shot 2018-06-07 at 2.40.00 PM.png,0.4177295918367347,dark,False,119.28253291274414
RottenApple,translation_Screen Shot 2018-06-07 at 2.40.13 PM.png,0.858039700255102,bright,False,106.34188906132464
RottenApple,translation_Screen Shot 2018-06-07 at 2.40.28 PM.png,0.19190449617346939,dark,False,117.84532867649408
RottenApple,translation_Screen Shot 2018-06-07 at 2.40.55 PM.png,0.8338050063775511,bright,False,109.14734677949718
RottenApple,translation_Screen Shot 2018-06-07 at 2.41.07 PM.png,0.8566047512755102,bright,False,108.73488737595711
RottenApple,translation_Screen Shot 2018-06-07 at 2.41.14 PM.png,0.8359972895408163,bright,False,109.61860743739216
RottenApple,translation_Screen Shot 2018-06-07 at 2.41.23 PM.png,0.8501474808673469,bright,False,106.19839263726821
RottenApple,translation_Screen Shot 2018-06-07 at 2.41.32 PM.png,0.8622249681122449,bright,False,121.26683383102743
RottenApple,translation_Screen Shot 2018-06-07 at 2.42.18 PM.png,0.8578603316326531,bright,False,110.2057391695598
RottenApple,translation_Screen Shot 2018-06-07 at 2.42.25 PM.png,0.8580994897959183,bright,False,120.5332190192151
RottenApple,translation_Screen Shot 2018-06-07 at 2.42.37 PM.png,0.8516621492346939,bright,False,100.36851380369181
RottenApple,translation_Screen Shot 2018-06-07 at 2.42.58 PM.png,0.8106863839285714,bright,False,121.90431462423912
RottenApple,translation_Screen Shot 2018-06-07 at 2.43.07 PM.png,0.6414421237244898,bright,False,102.5970234062271
RottenApple,translation_Screen Shot 2018-06-07 at 2.43.13 PM.png,0.29854910714285715,dark,False,107.65730708840249
RottenApple,translation_Screen Shot 2018-06-07 at 2.43.26 PM.png,0.8575215242346939,bright,False,112.27572879952614
RottenApple,translation_Screen Shot 2018-06-07 at 2.43.34 PM.png,0.8498286033163265,bright,False,117.02409292411345
RottenApple,translation_Screen Shot 2018-06-07 at 2.43.48 PM.png,0.845703125,bright,False,123.36240805722086
RottenApple,translation_Screen Shot 2018-06-07 at 2.43.54 PM.png,0.8705357142857143,bright,False,116.79109902323182
RottenApple,translation_Screen Shot 2018-06-07 at 2.44.05 PM.png,0.776725924744898,bright,False,78.80483255630087
RottenApple,translation_Screen Shot 2018-06-07 at 2.44.36 PM.png,0.836296237244898,bright,False,100.34518037318607
RottenApple,translation_Screen Shot 2018-06-07 at 2.44.51 PM.png,0.8480947066326531,bright,False,102.46279195893163
RottenApple,translation_Screen Shot 2018-06-07 at 2.45.09 PM.png,0.7462133290816326,bright,False,107.96096722528743
RottenApple,translation_Screen Shot 2018-06-07 at 2.45.18 PM.png,0.8091916454081632,bright,False,103.77156696912111
RottenApple,translation_Screen Shot 2018-06-07 at 2.45.35 PM.png,0.7606823979591837,bright,False,115.59704249525481
RottenApple,translation_Screen Shot 2018-06-07 at 2.45.44 PM.png,0.8171835140306123,bright,False,119.16447811882627
RottenApple,translation_Screen Shot 2018-06-07 at 2.45.55 PM.png,0.8067004145408163,bright,False,126.73535497954369
RottenApple,translation_Screen Shot 2018-06-07 at 2.46.04 PM.png,0.8131975446428571,bright,False,121.84870654746923
RottenApple,translation_Screen Shot 2018-06-07 at 2.46.12 PM.png,0.8050661670918368,bright,False,120.17043001263147
RottenApple,translation_Screen Shot 2018-06-07 at 2.46.22 PM.png,0.7613201530612245,bright,False,118.56972820620929
RottenApple,translation_Screen Shot 2018-06-07 at 2.46.43 PM.png,0.8294204400510204,bright,False,94.62026565897106
RottenApple,translation_Screen Shot 2018-06-07 at 2.46.52 PM.png,0.8615274234693877,bright,False,118.00721857544146
RottenApple,translation_Screen Shot 2018-06-07 at 2.47.01 PM.png,0.8640585140306123,bright,False,111.79210006779807
RottenApple,translation_Screen Shot 2018-06-07 at 2.47.13 PM.png,0.8517817283163265,bright,False,111.18289343117355
RottenApple,translation_Screen Shot 2018-06-07 at 2.47.20 PM.png,0.8575613839285714,bright,False,106.7754867894779
RottenApple,translation_Screen Shot 2018-06-07 at 2.47.50 PM.png,0.8458227040816326,bright,False,113.30073566757581
RottenApple,translation_Screen Shot 2018-06-07 at 2.50.31 PM.png,0.8334064094387755,bright,False,119.8243978663449
RottenApple,translation_Screen Shot 2018-06-07 at 2.50.43 PM.png,0.7425063775510204,bright,False,94.26789710910391
RottenApple,translation_Screen Shot 2018-06-07 at 2.51.01 PM.png,0.8006218112244898,bright,False,111.21756364907812
RottenApple,translation_Screen Shot 2018-06-07 at 2.51.08 PM.png,0.7931680484693877,bright,False,108.1700747955479
RottenApple,translation_Screen Shot 2018-06-07 at 2.51.16 PM.png,0.7943439094387755,bright,False,117.38814313293534
RottenApple,translation_Screen Shot 2018-06-07 at 2.51.37 PM.png,0.84765625,bright,False,106.82418549301663
RottenApple,translation_Screen Shot 2018-06-07 at 2.52.00 PM.png,0.7616988201530612,bright,False,89.34882019266205
RottenApple,translation_Screen Shot 2018-06-07 at 2.52.09 PM.png,0.8531967474489796,bright,False,105.29931905992532
RottenApple,translation_Screen Shot 2018-06-07 at 2.52.22 PM.png,0.8239596619897959,bright,False,110.83761874655575
RottenApple,translation_Screen Shot 2018-06-07 at 2.52.30 PM.png,0.8208705357142857,bright,False,95.24326081464999
RottenApple,translation_Screen Shot 2018-06-07 at 2.53.20 PM.png,0.8363560267857143,bright,False,113.0372233392368
RottenApple,translation_Screen Shot 2018-06-07 at 2.53.33 PM.png,0.8421954719387755,bright,False,95.56206164254972
RottenApple,translation_Screen Shot 2018-06-07 at 2.53.57 PM.png,0.8359375,bright,False,109.9996320273874
RottenApple,translation_Screen Shot 2018-06-07 at 2.54.08 PM.png,0.20984135841836735,dark,False,126.90821511818781
RottenApple,translation_Screen Shot 2018-06-07 at 2.54.41 PM.png,0.7852160395408163,bright,False,105.44586601000344
RottenApple,translation_Screen Shot 2018-06-07 at 2.55.27 PM.png,0.8496293048469388,bright,False,112.41723440226662
RottenApple,translation_Screen Shot 2018-06-07 at 2.55.52 PM.png,0.8486328125,bright,False,118.75113459633451
RottenApple,translation_Screen Shot 2018-06-07 at 2.56.16 PM.png,0.8852638711734694,bright,False,116.10561314956374
RottenApple,translation_Screen Shot 2018-06-07 at 2.56.34 PM.png,0.8457429846938775,bright,False,109.19549756157926
RottenApple,translation_Screen Shot 2018-06-07 at 2.56.47 PM.png,0.792610012755102,bright,False,100.80391351512723
RottenApple,translation_Screen Shot 2018-06-07 at 2.56.57 PM.png,0.853874362244898,bright,False,124.37406504232331
RottenApple,translation_Screen Shot 2018-06-07 at 2.57.17 PM.png,0.23718510841836735,dark,False,117.88445775840734
RottenApple,translation_Screen Shot 2018-06-07 at 2.57.26 PM.png,0.14919483418367346,dark,False,113.99170166262824
RottenApple,translation_Screen Shot 2018-06-07 at 2.57.42 PM.png,0.8416374362244898,bright,False,126.18271708053176
RottenApple,translation_Screen Shot 2018-06-07 at 2.57.49 PM.png,0.8091517857142857,bright,False,126.79069371810215
RottenApple,translation_Screen Shot 2018-06-07 at 2.58.04 PM.png,0.8481146364795918,bright,False,120.33368303218735
RottenApple,translation_Screen Shot 2018-06-07 at 2.58.17 PM.png,0.8203922193877551,bright,False,117.95167984724303
RottenApple,translation_Screen Shot 2018-06-07 at 2.58.30 PM.png,0.8304767219387755,bright,False,115.88610404043573
RottenApple,translation_Screen Shot 2018-06-07 at 2.58.38 PM.png,0.8255141900510204,bright,False,118.10203082356584
RottenApple,translation_Screen Shot 2018-06-07 at 2.58.57 PM.png,0.8457230548469388,bright,False,115.53033833504169
RottenApple,translation_Screen Shot 2018-06-07 at 2.59.09 PM.png,0.16764987244897958,dark,False,120.88928332869746
RottenApple,translation_Screen Shot 2018-06-07 at 2.59.13 PM.png,0.18949298469387754,dark,False,114.12734806110926
RottenApple,translation_Screen Shot 2018-06-07 at 2.59.23 PM.png,0.5699736926020408,bright,False,115.4208414214362
RottenApple,translation_Screen Shot 2018-06-07 at 2.59.38 PM.png,0.8341438137755102,bright,False,102.49394967407476
RottenApple,translation_Screen Shot 2018-06-07 at 2.59.52 PM.png,0.3337452168367347,dark,False,103.9952569247706
RottenApple,translation_Screen Shot 2018-06-07 at 3.00.00 PM.png,0.763054049744898,bright,False,101.60194111260064
RottenApple,translation_Screen Shot 2018-06-07 at 3.00.17 PM.png,0.45346380739795916,dark,False,121.16596037970608
RottenApple,translation_Screen Shot 2018-06-07 at 3.00.33 PM.png,0.5116988201530612,dark,False,123.57043900769612
RottenApple,translation_Screen Shot 2018-06-07 at 3.00.40 PM.png,0.4594626913265306,dark,False,120.37781507434998
RottenApple,translation_Screen Shot 2018-06-07 at 3.00.46 PM.png,0.4857900191326531,dark,False,115.59794141922839
RottenApple,translation_Screen Shot 2018-06-07 at 3.00.56 PM.png,0.8410594706632653,bright,False,114.92636512924366
RottenApple,translation_Screen Shot 2018-06-07 at 3.01.09 PM.png,0.3458625637755102,dark,False,116.830301191484
RottenApple,translation_Screen Shot 2018-06-07 at 3.01.21 PM.png,0.7632334183673469,bright,False,100.58105798142464
RottenApple,translation_Screen Shot 2018-06-07 at 3.01.38 PM.png,0.6398676658163265,bright,False,100.8245498087955
RottenApple,translation_Screen Shot 2018-06-07 at 3.01.54 PM.png,0.7692123724489796,bright,False,93.30714525749039
RottenApple,translation_Screen Shot 2018-06-07 at 3.02.09 PM.png,0.8498485331632653,bright,False,118.79175949004822
RottenApple,translation_Screen Shot 2018-06-07 at 3.02.18 PM.png,0.7252471301020408,bright,False,96.64834963641981
RottenApple,translation_Screen Shot 2018-06-07 at 3.02.24 PM.png,0.8415975765306123,bright,False,110.98683735740457
RottenApple,translation_Screen Shot 2018-06-07 at 3.02.37 PM.png,0.2102997448979592,dark,False,116.4184988239589
RottenApple,translation_Screen Shot 2018-06-07 at 3.02.51 PM.png,0.8051658163265306,bright,False,118.56392704544355
RottenApple,translation_Screen Shot 2018-06-07 at 3.03.02 PM.png,0.8214285714285714,bright,False,91.14261043298126
RottenApple,translation_Screen Shot 2018-06-07 at 3.03.38 PM.png,0.8498286033163265,bright,False,115.62597443030768
RottenApple,translation_Screen Shot 2018-06-07 at 3.04.04 PM.png,0.8201132015306123,bright,False,110.57233124473083
RottenApple,translation_Screen Shot 2018-06-07 at 3.04.24 PM.png,0.8539740114795918,bright,False,116.87009582311514
RottenApple,translation_Screen Shot 2018-06-07 at 3.04.35 PM.png,0.7879264987244898,bright,False,110.6839826709046
RottenApple,translation_Screen Shot 2018-06-07 at 3.04.41 PM.png,0.8253148915816326,bright,False,115.81153051273238
RottenApple,translation_Screen Shot 2018-06-07 at 3.04.47 PM.png,0.8026945153061225,bright,False,117.30064618682384
RottenApple,translation_Screen Shot 2018-06-07 at 3.04.58 PM.png,0.7499601403061225,bright,False,119.4587652940342
RottenApple,translation_Screen Shot 2018-06-07 at 3.05.05 PM.png,0.8532166772959183,bright,False,109.98724011373584
RottenApple,translation_Screen Shot 2018-06-07 at 3.05.29 PM.png,0.8444276147959183,bright,False,99.25959959163588
RottenApple,translation_Screen Shot 2018-06-07 at 3.05.38 PM.png,0.8320113201530612,bright,False,111.20628601296353
RottenApple,translation_Screen Shot 2018-06-07 at 3.05.46 PM.png,0.6508888711734694,bright,False,72.75853306544751
RottenApple,translation_Screen Shot 2018-06-07 at 3.05.53 PM.png,0.8493303571428571,bright,False,120.89443221805219
RottenApple,translation_Screen Shot 2018-06-07 at 3.05.58 PM.png,0.8622050382653061,bright,False,116.85256923817292
RottenApple,translation_Screen Shot 2018-06-07 at 3.06.30 PM.png,0.8705357142857143,bright,False,116.2422053402605
RottenApple,translation_Screen Shot 2018-06-07 at 3.06.51 PM.png,0.8452845982142857,bright,False,117.09377321153481
RottenApple,translation_Screen Shot 2018-06-07 at 3.17.25 PM.png,0.8663703762755102,bright,False,107.40987420100424
RottenApple,translation_Screen Shot 2018-06-07 at 3.17.32 PM.png,0.8497488839285714,bright,False,77.32951147379976
RottenApple,translation_Screen Shot 2018-06-08 at 2.21.33 PM.png,0.8705357142857143,bright,False,115.33109914192379
RottenApple,translation_Screen Shot 2018-06-08 at 2.23.40 PM.png,0.8497887436224489,bright,False,122.80735593166116
RottenApple,translation_Screen Shot 2018-06-08 at 2.23.48 PM.png,0.8746611926020408,bright,False,117.08590712514824
RottenApple,translation_Screen Shot 2018-06-08 at 2.24.09 PM.png,0.8375119579081632,bright,False,119.95148299530638
RottenApple,translation_Screen Shot 2018-06-08 at 2.24.31 PM.png,0.8539540816326531,bright,False,119.37969427370031
RottenApple,translation_Screen Shot 2018-06-08 at 2.24.37 PM.png,0.8541932397959183,bright,False,120.83533823269006
RottenApple,translation_Screen Shot 2018-06-08 at 2.24.46 PM.png,0.8447066326530612,bright,False,113.02381741070849
RottenApple,translation_Screen Shot 2018-06-08 at 2.25.17 PM.png,0.8680644132653061,bright,False,118.37772322661083
RottenApple,translation_Screen Shot 2018-06-08 at 2.25.24 PM.png,0.8454639668367347,bright,False,116.14330532105912
RottenApple,translation_Screen Shot 2018-06-08 at 2.25.43 PM.png,0.8747010522959183,bright,False,119.30457157795958
RottenApple,translation_Screen Shot 2018-06-08 at 2.26.09 PM.png,0.7364477040816326,bright,False,117.50626742853497
RottenApple,translation_Screen Shot 2018-06-08 at 2.26.14 PM.png,0.8416374362244898,bright,False,126.93679560467956
RottenApple,translation_Screen Shot 2018-06-08 at 2.26.55 PM.png,0.8539540816326531,bright,False,123.48814681156666
RottenApple,translation_Screen Shot 2018-06-08 at 2.27.15 PM.png,0.8459024234693877,bright,False,120.2125236458292
RottenApple,translation_Screen Shot 2018-06-08 at 2.27.44 PM.png,0.8622847576530612,bright,False,114.05169802100323
RottenApple,translation_Screen Shot 2018-06-08 at 2.28.07 PM.png,0.8252750318877551,bright,False,119.9704791334807
RottenApple,translation_Screen Shot 2018-06-08 at 2.28.23 PM.png,0.8580994897959183,bright,False,123.74047613848903
RottenApple,translation_Screen Shot 2018-06-08 at 2.28.42 PM.png,0.7422672193877551,bright,False,123.53969970981575
RottenApple,translation_Screen Shot 2018-06-08 at 2.29.20 PM.png,0.8473174426020408,bright,False,120.25948067494613
RottenApple,translation_Screen Shot 2018-06-08 at 2.29.33 PM.png,0.8415975765306123,bright,False,119.54581275940079
RottenApple,translation_Screen Shot 2018-06-08 at 2.29.55 PM.png,0.2479671556122449,dark,False,113.72110887290569
RottenApple,translation_Screen Shot 2018-06-08 at 2.30.03 PM.png,0.8646962691326531,bright,False,108.75119416876828
RottenApple,translation_Screen Shot 2018-06-08 at 2.30.31 PM.png,0.8540138711734694,bright,False,111.24052136177754
RottenApple,translation_Screen Shot 2018-06-08 at 2.30.40 PM.png,0.19361846301020408,dark,False,105.99649478820517
RottenApple,translation_Screen Shot 2018-06-08 at 2.30.45 PM.png,0.4348294005102041,dark,False,97.54195983797085
RottenApple,translation_Screen Shot 2018-06-08 at 2.30.51 PM.png,0.8440489477040817,bright,False,113.1126202827341
RottenApple,translation_Screen Shot 2018-06-08 at 2.30.57 PM.png,0.26584422831632654,dark,False,105.60929512522794
RottenApple,translation_Screen Shot 2018-06-08 at 2.31.03 PM.png,0.8499083227040817,bright,False,115.85705308758209
RottenApple,translation_Screen Shot 2018-06-08 at 2.31.08 PM.png,0.8580994897959183,bright,False,112.77183457372443
RottenApple,translation_Screen Shot 2018-06-08 at 2.31.16 PM.png,0.8423947704081632,bright,False,104.90026219154264
RottenApple,translation_Screen Shot 2018-06-08 at 2.31.23 PM.png,0.30823501275510207,dark,False,107.14339757218956
RottenApple,translation_Screen Shot 2018-06-08 at 2.31.33 PM.png,0.8041294642857143,bright,False,120.3709820835374
RottenApple,translation_Screen Shot 2018-06-08 at 2.32.10 PM.png,0.8529177295918368,bright,False,116.2389299854246
RottenApple,translation_Screen Shot 2018-06-08 at 2.32.42 PM.png,0.7806919642857143,bright,False,95.09919847079573
RottenApple,translation_Screen Shot 2018-06-08 at 2.33.04 PM.png,0.8362763073979592,bright,False,109.81689438760304
RottenApple,translation_Screen Shot 2018-06-08 at 2.33.28 PM.png,0.8068797831632653,bright,False,107.33133052056196
RottenApple,translation_Screen Shot 2018-06-08 at 2.33.49 PM.png,0.8293606505102041,bright,False,119.50970036767892
RottenApple,translation_Screen Shot 2018-06-08 at 2.34.05 PM.png,0.8659119897959183,bright,False,110.28132821734461
RottenApple,translation_Screen Shot 2018-06-08 at 2.34.37 PM.png,0.8322504783163265,bright,False,122.17371385951672
RottenApple,translation_Screen Shot 2018-06-08 at 2.34.51 PM.png,0.8498485331632653,bright,False,101.13870198825106
RottenApple,translation_Screen Shot 2018-06-08 at 2.35.03 PM.png,0.8498286033163265,bright,False,121.4854119424112
RottenApple,translation_Screen Shot 2018-06-08 at 2.35.10 PM.png,0.8578404017857143,bright,False,116.89835838947636
RottenApple,translation_Screen Shot 2018-06-08 at 2.35.25 PM.png,0.8416175063775511,bright,False,122.90413340936279
RottenApple,translation_Screen Shot 2018-06-08 at 2.35.32 PM.png,0.7062938456632653,bright,False,113.88008990645399
RottenApple,translation_Screen Shot 2018-06-08 at 2.35.37 PM.png,0.8252750318877551,bright,False,116.1587407018243
RottenApple,translation_Screen Shot 2018-06-08 at 2.36.01 PM.png,0.861328125,bright,False,119.30393546827422
RottenApple,translation_Screen Shot 2018-06-08 at 2.36.18 PM.png,0.7441804846938775,bright,False,118.30284304267072
RottenApple,translation_Screen Shot 2018-06-08 at 2.36.31 PM.png,0.7441605548469388,bright,False,115.89336726873144
RottenApple,translation_Screen Shot 2018-06-08 at 2.36.43 PM.png,0.8334064094387755,bright,False,119.09368891560729
RottenApple,translation_Screen Shot 2018-06-08 at 2.36.55 PM.png,0.8457230548469388,bright,False,119.17330053601137
RottenApple,translation_Screen Shot 2018-06-08 at 2.37.03 PM.png,0.8256736288265306,bright,False,116.5708981756893
RottenApple,translation_Screen Shot 2018-06-08 at 2.37.13 PM.png,0.8183992346938775,bright,False,117.1899910629217
RottenApple,translation_Screen Shot 2018-06-08 at 2.37.19 PM.png,0.29458306760204084,dark,False,115.41933116680916
RottenApple,translation_Screen Shot 2018-06-08 at 2.37.24 PM.png,0.8319316007653061,bright,False,103.37789495379764
RottenApple,translation_Screen Shot 2018-06-08 at 2.37.53 PM.png,0.8622249681122449,bright,False,116.92545096233361
RottenApple,translation_Screen Shot 2018-06-08 at 2.38.33 PM.png,0.845703125,bright,False,121.98744774452247
RottenApple,translation_Screen Shot 2018-06-08 at 2.38.47 PM.png,0.8459422831632653,bright,False,118.42265669925865
RottenApple,translation_Screen Shot 2018-06-08 at 2.38.54 PM.png,0.8705357142857143,bright,False,123.60730482198964
RottenApple,translation_Screen Shot 2018-06-08 at 2.39.02 PM.png,0.3217673788265306,dark,False,120.92134544349322
RottenApple,translation_Screen Shot 2018-06-08 at 2.39.21 PM.png,0.8566645408163265,bright,False,117.21906444809599
RottenApple,translation_Screen Shot 2018-06-08 at 2.39.26 PM.png,0.8376116071428571,bright,False,112.99423225122177
RottenApple,translation_Screen Shot 2018-06-08 at 2.39.35 PM.png,0.7616788903061225,bright,False,112.94202785668045
RottenApple,translation_Screen Shot 2018-06-08 at 2.39.51 PM.png,0.7931082589285714,bright,False,117.24502062666494
RottenApple,translation_Screen Shot 2018-06-08 at 2.40.09 PM.png,0.818718112244898,bright,False,115.96234118057414
RottenApple,translation_Screen Shot 2018-06-08 at 2.40.13 PM.png,0.7223373724489796,bright,False,114.488103607658
RottenApple,translation_Screen Shot 2018-06-08 at 2.40.30 PM.png,0.8539540816326531,bright,False,120.49281035016854
RottenApple,translation_Screen Shot 2018-06-08 at 2.40.38 PM.png,0.8334462691326531,bright,False,120.04232708819073
RottenApple,translation_Screen Shot 2018-06-08 at 2.40.46 PM.png,0.8172233737244898,bright,False,120.60368966766394
RottenApple,translation_Screen Shot 2018-06-08 at 2.40.56 PM.png,0.8580795599489796,bright,False,119.85488794986526
RottenApple,translation_Screen Shot 2018-06-08 at 2.41.16 PM.png,0.7734375,bright,False,113.77649813254436
RottenApple,translation_Screen Shot 2018-06-08 at 2.41.39 PM.png,0.845703125,bright,False,119.67960931085418
RottenApple,translation_Screen Shot 2018-06-08 at 2.41.54 PM.png,0.29878826530612246,dark,False,99.21255480860636
RottenApple,translation_Screen Shot 2018-06-08 at 2.42.06 PM.png,0.8009207589285714,bright,False,118.18934473007914
RottenApple,translation_Screen Shot 2018-06-08 at 2.42.22 PM.png,0.8357182716836735,bright,False,120.36553279238005
RottenApple,translation_Screen Shot 2018-06-08 at 2.42.30 PM.png,0.8498485331632653,bright,False,121.95177334389346
RottenApple,translation_Screen Shot 2018-06-08 at 2.42.38 PM.png,0.8442881058673469,bright,False,116.17980006518688
RottenApple,translation_Screen Shot 2018-06-08 at 2.42.52 PM.png,0.8123804209183674,bright,False,117.5246591925154
RottenApple,translation_Screen Shot 2018-06-08 at 2.42.58 PM.png,0.8253148915816326,bright,False,121.18726320042684
RottenApple,translation_Screen Shot 2018-06-08 at 2.43.29 PM.png,0.7998246173469388,bright,False,40.97045129732365
RottenApple,translation_Screen Shot 2018-06-08 at 2.43.54 PM.png,0.8458824936224489,bright,False,119.62468889698344
RottenApple,translation_Screen Shot 2018-06-08 at 2.44.13 PM.png,0.8060028698979592,bright,False,115.88641915015667
RottenApple,translation_Screen Shot 2018-06-08 at 2.44.54 PM.png,0.8382294323979592,bright,False,115.9622368631827
RottenApple,translation_Screen Shot 2018-06-08 at 2.45.05 PM.png,0.8298389668367347,bright,False,113.6636169637664
RottenApple,translation_Screen Shot 2018-06-08 at 2.45.44 PM.png,0.651725924744898,bright,False,77.3642964372577
RottenApple,translation_Screen Shot 2018-06-08 at 2.45.58 PM.png,0.6618502869897959,bright,False,75.30303045087543
RottenApple,translation_Screen Shot 2018-06-08 at 2.46.25 PM.png,0.8467195471938775,bright,False,97.93771767636672
RottenApple,translation_Screen Shot 2018-06-08 at 2.46.36 PM.png,0.8626235650510204,bright,False,123.03142550554121
RottenApple,translation_Screen Shot 2018-06-08 at 2.46.44 PM.png,0.8334462691326531,bright,False,119.50299007329563
RottenApple,translation_Screen Shot 2018-06-08 at 2.46.50 PM.png,0.8580795599489796,bright,False,120.44171785401299
RottenApple,translation_Screen Shot 2018-06-08 at 2.47.03 PM.png,0.8497887436224489,bright,False,118.13214722963308
RottenApple,translation_Screen Shot 2018-06-08 at 2.47.09 PM.png,0.858039700255102,bright,False,115.89632660366082
RottenApple,translation_Screen Shot 2018-06-08 at 2.47.30 PM.png,0.8498286033163265,bright,False,117.67208422932991
RottenApple,translation_Screen Shot 2018-06-08 at 2.47.49 PM.png,0.8373724489795918,bright,False,90.84575256256528
RottenApple,translation_Screen Shot 2018-06-08 at 2.47.54 PM.png,0.7971540178571429,bright,False,125.90262935496467
RottenApple,translation_Screen Shot 2018-06-08 at 2.48.09 PM.png,0.7561383928571429,bright,False,119.4874835617761
RottenApple,translation_Screen Shot 2018-06-08 at 2.48.15 PM.png,0.2858737244897959,dark,False,118.2248159416127
RottenApple,translation_Screen Shot 2018-06-08 at 2.48.52 PM.png,0.8102877869897959,bright,False,113.37771837329608
RottenApple,translation_Screen Shot 2018-06-08 at 2.49.40 PM.png,0.7771245216836735,bright,False,120.87314963579873
RottenApple,translation_Screen Shot 2018-06-08 at 2.50.14 PM.png,0.7946029974489796,bright,False,111.89468515401767
RottenApple,translation_Screen Shot 2018-06-08 at 2.50.22 PM.png,0.800422512755102,bright,False,118.72268100517054
RottenApple,translation_Screen Shot 2018-06-08 at 2.50.25 PM.png,0.7971739477040817,bright,False,107.54410235617075
RottenApple,translation_Screen Shot 2018-06-08 at 2.50.38 PM.png,0.8537747130102041,bright,False,120.21742756000401
RottenApple,translation_Screen Shot 2018-06-08 at 2.50.55 PM.png,0.8085538903061225,bright,False,106.13158305451903
RottenApple,translation_Screen Shot 2018-06-08 at 2.51.09 PM.png,0.8359175701530612,bright,False,118.94895442096974
RottenApple,translation_Screen Shot 2018-06-08 at 2.51.43 PM.png,0.8249960140306123,bright,False,72.0209452541495
RottenApple,translation_Screen Shot 2018-06-08 at 2.51.55 PM.png,0.7931879783163265,bright,False,124.0202753686305
RottenApple,translation_Screen Shot 2018-06-08 at 2.52.05 PM.png,0.8580795599489796,bright,False,124.40319516167551
RottenApple,translation_Screen Shot 2018-06-08 at 2.52.20 PM.png,0.8746611926020408,bright,False,121.77582264011964
RottenApple,translation_Screen Shot 2018-06-08 at 2.52.43 PM.png,0.8580795599489796,bright,False,116.99218294514509
RottenApple,translation_Screen Shot 2018-06-08 at 2.53.14 PM.png,0.8663903061224489,bright,False,113.8929784337327
RottenApple,vertical_flip_Screen Shot 2018-06-07 at 2.15.20 PM.png,0.5592514349489796,dark,False,23.848921938361173
RottenApple,vertical_flip_Screen Shot 2018-06-07 at 2.15.34 PM.png,0.21635841836734693,dark,False,15.207159749282008
RottenApple,vertical_flip_Screen Shot 2018-06-07 at 2.16.41 PM.png,0.5536312181122449,dark,False,13.585087148029205
RottenApple,vertical_flip_Screen Shot 2018-06-07 at 2.16.54 PM.png,0.15286192602040816,dark,False,7.142713722806838
RottenApple,vertical_flip_Screen Shot 2018-06-07 at 2.17.25 PM.png,0.43088329081632654,dark,False,35.237079401694686
RottenApple,vertical_flip_Screen Shot 2018-06-07 at 2.18.13 PM.png,0.3963249362244898,dark,False,2.072811591748541
RottenApple,vertical_flip_Screen Shot 2018-06-07 at 2.18.25 PM.png,0.15035076530612246,dark,False,3.382914559862771
RottenApple,vertical_flip_Screen Shot 2018-06-07 at 2.18.57 PM.png,0.6227678571428571,dark,False,38.01185239817997
RottenApple,vertical_flip_Screen Shot 2018-06-07 at 2.19.15 PM.png,0.6269132653061225,dark,False,24.25693729006962
RottenApple,vertical_flip_Screen Shot 2018-06-07 at 2.19.37 PM.png,0.1760204081632653,dark,False,0.010112948910650198
RottenApple,vertical_flip_Screen Shot 2018-06-07 at 2.19.46 PM.png,0.23784279336734693,dark,False,33.18511548653228
RottenApple,vertical_flip_Screen Shot 2018-06-07 at 2.20.34 PM.png,0.4660594706632653,dark,False,30.815117944430682
RottenApple,vertical_flip_Screen Shot 2018-06-07 at 2.20.46 PM.png,0.2496611926020408,dark,False,19.487613825695444
RottenApple,vertical_flip_Screen Shot 2018-06-07 at 2.20.56 PM.png,0.14568718112244897,dark,False,14.066128817338535
RottenApple,vertical_flip_Screen Shot 2018-06-07 at 2.22.00 PM.png,0.588249362244898,dark,False,31.159277841629557
RottenApple,vertical_flip_Screen Shot 2018-06-07 at 2.23.02 PM.png,0.48252152423469385,dark,False,7.771537516143386
RottenApple,vertical_flip_Screen Shot 2018-06-07 at 2.23.24 PM.png,0.1531608737244898,dark,False,36.39354532035954
RottenApple,vertical_flip_Screen Shot 2018-06-07 at 2.23.40 PM.png,0.1835339604591837,dark,False,18.153735031266372
RottenApple,vertical_flip_Screen Shot 2018-06-07 at 2.23.51 PM.png,0.18524792729591838,dark,False,30.911365410117256
RottenApple,vertical_flip_Screen Shot 2018-06-07 at 2.24.02 PM.png,0.4584263392857143,dark,False,38.5288890160583
RottenApple,vertical_flip_Screen Shot 2018-06-07 at 2.24.35 PM.png,0.2048389668367347,dark,False,15.128676595593346
RottenApple,vertical_flip_Screen Shot 2018-06-07 at 2.24.47 PM.png,0.4577088647959184,dark,False,0.0169929543540181
RottenApple,vertical_flip_Screen Shot 2018-06-07 at 2.24.59 PM.png,0.5180564413265306,dark,False,50.67857851842061
RottenApple,vertical_flip_Screen Shot 2018-06-07 at 2.25.16 PM.png,0.2502989477040816,dark,False,5.538951701648531
RottenApple,vertical_flip_Screen Shot 2018-06-07 at 2.25.26 PM.png,0.32425860969387754,dark,False,40.85086192634671
RottenApple,vertical_flip_Screen Shot 2018-06-07 at 2.31.59 PM.png,0.1748644770408163,dark,False,24.939948648182156
RottenApple,vertical_flip_Screen Shot 2018-06-07 at 2.33.38 PM.png,0.5310307716836735,dark,False,18.521301100071746
RottenApple,vertical_flip_Screen Shot 2018-06-07 at 2.34.18 PM.png,0.22130102040816327,dark,False,32.02464450204413
RottenApple,vertical_flip_Screen Shot 2018-06-07 at 2.34.36 PM.png,0.33310746173469385,dark,False,39.63720861179669
RottenApple,vertical_flip_Screen Shot 2018-06-07 at 2.34.49 PM.png,0.25972576530612246,dark,False,0.5675148808778799
RottenApple,vertical_flip_Screen Shot 2018-06-07 at 2.35.10 PM.png,0.05855389030612245,dark,False,12.216392282511093
RottenApple,vertical_flip_Screen Shot 2018-06-07 at 2.35.21 PM.png,0.30994897959183676,dark,False,27.37206944564406
RottenApple,vertical_flip_Screen Shot 2018-06-07 at 2.35.38 PM.png,0.08468191964285714,dark,False,7.933346392784391
RottenApple,vertical_flip_Screen Shot 2018-06-07 at 2.36.06 PM.png,0.17508370535714285,dark,False,8.719767148727609
RottenApple,vertical_flip_Screen Shot 2018-06-07 at 2.36.21 PM.png,0.16001674107142858,dark,False,12.009495853121166
RottenApple,vertical_flip_Screen Shot 2018-06-07 at 2.37.01 PM.png,0.43130181760204084,dark,False,5.06743004473007
RottenApple,vertical_flip_Screen Shot 2018-06-07 at 2.37.11 PM.png,0.5294363839285714,dark,False,20.535068306881254
RottenApple,vertical_flip_Screen Shot 2018-06-07 at 2.37.20 PM.png,0.5030492665816326,dark,False,33.48832126282648
RottenApple,vertical_flip_Screen Shot 2018-06-07 at 2.37.32 PM.png,0.4447743941326531,dark,False,23.21610210279915
RottenApple,vertical_flip_Screen Shot 2018-06-07 at 2.37.53 PM.png,0.17022082270408162,dark,False,2.417456476609887
RottenApple,vertical_flip_Screen Shot 2018-06-07 at 2.38.38 PM.png,0.2983498086734694,dark,False,47.573519673756444
RottenApple,vertical_flip_Screen Shot 2018-06-07 at 2.38.49 PM.png,0.5254105548469388,dark,False,7.607837925866327
RottenApple,vertical_flip_Screen Shot 2018-06-07 at 2.38.59 PM.png,0.5027901785714286,dark,False,4.001133815294128
RottenApple,vertical_flip_Screen Shot 2018-06-07 at 2.39.26 PM.png,0.3117825255102041,dark,False,0.10719181246813285
RottenApple,vertical_flip_Screen Shot 2018-06-07 at 2.39.35 PM.png,0.4807079081632653,dark,False,7.621842987099374
RottenApple,vertical_flip_Screen Shot 2018-06-07 at 2.39.44 PM.png,0.17542251275510204,dark,False,5.392353222746845
RottenApple,vertical_flip_Screen Shot 2018-06-07 at 2.39.53 PM.png,0.16876594387755103,dark,False,0.794791084595487
RottenApple,vertical_flip_Screen Shot 2018-06-07 at 2.40.00 PM.png,0.48244180484693877,dark,False,1.437144178458628
RottenApple,vertical_flip_Screen Shot 2018-06-07 at 2.40.13 PM.png,0.5824099170918368,dark,False,25.32896601276738
RottenApple,vertical_flip_Screen Shot 2018-06-07 at 2.40.28 PM.png,0.4758250956632653,dark,False,11.801556010934183
RottenApple,vertical_flip_Screen Shot 2018-06-07 at 2.40.48 PM.png,0.43209901147959184,dark,False,15.742992310144283
RottenApple,vertical_flip_Screen Shot 2018-06-07 at 2.40.55 PM.png,0.3108458227040816,dark,False,19.09024335044765
RottenApple,vertical_flip_Screen Shot 2018-06-07 at 2.41.07 PM.png,0.17161591198979592,dark,False,24.38503428125367
RottenApple,vertical_flip_Screen Shot 2018-06-07 at 2.41.14 PM.png,0.2142657844387755,dark,False,32.228032268505
RottenApple,vertical_flip_Screen Shot 2018-06-07 at 2.41.23 PM.png,0.22606425382653061,dark,False,27.50307884764648
RottenApple,vertical_flip_Screen Shot 2018-06-07 at 2.41.32 PM.png,0.4459701849489796,dark,False,6.199538399064118
RottenApple,vertical_flip_Screen Shot 2018-06-07 at 2.42.18 PM.png,0.24318399234693877,dark,False,24.397341581501063
RottenApple,vertical_flip_Screen Shot 2018-06-07 at 2.42.25 PM.png,0.4509327168367347,dark,False,9.730275935726146
RottenApple,vertical_flip_Screen Shot 2018-06-07 at 2.42.37 PM.png,0.2220782844387755,dark,False,28.464381568939444
RottenApple,vertical_flip_Screen Shot 2018-06-07 at 2.42.58 PM.png,0.45103236607142855,dark,False,17.990359125183538
RottenApple,vertical_flip_Screen Shot 2018-06-07 at 2.43.13 PM.png,0.5093470982142857,dark,False,41.63516690738134
RottenApple,vertical_flip_Screen Shot 2018-06-07 at 2.43.26 PM.png,0.5261080994897959,dark,False,8.617017077687485
RottenApple,vertical_flip_Screen Shot 2018-06-07 at 2.43.48 PM.png,0.3729272959183674,dark,False,3.027640964651187
RottenApple,vertical_flip_Screen Shot 2018-06-07 at 2.43.54 PM.png,0.5165218431122449,dark,False,16.24272719447249
RottenApple,vertical_flip_Screen Shot 2018-06-07 at 2.44.05 PM.png,0.17546237244897958,dark,False,25.288393377548235
RottenApple,vertical_flip_Screen Shot 2018-06-07 at 2.44.26 PM.png,0.1474609375,dark,False,58.26264634541507
RottenApple,vertical_flip_Screen Shot 2018-06-07 at 2.44.51 PM.png,0.4716796875,dark,False,42.53541820714563
RottenApple,vertical_flip_Screen Shot 2018-06-07 at 2.44.59 PM.png,0.38564253826530615,dark,False,26.24348605907259
RottenApple,vertical_flip_Screen Shot 2018-06-07 at 2.45.09 PM.png,0.02463329081632653,dark,True,9.08791334437875
RottenApple,vertical_flip_Screen Shot 2018-06-07 at 2.45.44 PM.png,0.30092075892857145,dark,False,18.73847411889842
RottenApple,vertical_flip_Screen Shot 2018-06-07 at 2.45.55 PM.png,0.3809789540816326,dark,False,4.039837029012623
RottenApple,vertical_flip_Screen Shot 2018-06-07 at 2.46.12 PM.png,0.2709263392857143,dark,False,2.1357662168562523
RottenApple,vertical_flip_Screen Shot 2018-06-07 at 2.46.32 PM.png,0.22959183673469388,dark,False,1.8824625548803053
RottenApple,vertical_flip_Screen Shot 2018-06-07 at 2.46.43 PM.png,0.3831114477040816,dark,False,21.830603244835903
RottenApple,vertical_flip_Screen Shot 2018-06-07 at 2.46.52 PM.png,0.3538345025510204,dark,False,25.217888720999145
RottenApple,vertical_flip_Screen Shot 2018-06-07 at 2.47.13 PM.png,0.37220982142857145,dark,False,8.514823673703056
RottenApple,vertical_flip_Screen Shot 2018-06-07 at 2.47.20 PM.png,0.4650829081632653,dark,False,39.1291104379132
RottenApple,vertical_flip_Screen Shot 2018-06-07 at 2.47.27 PM.png,0.4374202806122449,dark,False,46.09413395474888
RottenApple,vertical_flip_Screen Shot 2018-06-07 at 2.47.35 PM.png,0.4545998086734694,dark,False,27.498371596319
RottenApple,vertical_flip_Screen Shot 2018-06-07 at 2.47.50 PM.png,0.4225924744897959,dark,False,38.16784631575057
RottenApple,vertical_flip_Screen Shot 2018-06-07 at 2.50.09 PM.png,0.34681919642857145,dark,False,5.195192456483838
RottenApple,vertical_flip_Screen Shot 2018-06-07 at 2.50.31 PM.png,0.17893016581632654,dark,False,4.974186110878649
RottenApple,vertical_flip_Screen Shot 2018-06-07 at 2.50.43 PM.png,0.18355389030612246,dark,False,37.89961047341506
RottenApple,vertical_flip_Screen Shot 2018-06-07 at 2.50.52 PM.png,0.39865672831632654,dark,False,34.63198971441157
RottenApple,vertical_flip_Screen Shot 2018-06-07 at 2.51.08 PM.png,0.1848094706632653,dark,False,0.48281059042162605
RottenApple,vertical_flip_Screen Shot 2018-06-07 at 2.51.16 PM.png,0.47265625,dark,False,19.846507379629827
RottenApple,vertical_flip_Screen Shot 2018-06-07 at 2.51.37 PM.png,0.564811862244898,dark,False,13.039203325912746
RottenApple,vertical_flip_Screen Shot 2018-06-07 at 2.51.45 PM.png,0.448421556122449,dark,False,5.8732244961757045
RottenApple,vertical_flip_Screen Shot 2018-06-07 at 2.52.00 PM.png,0.26674107142857145,dark,False,44.47887578181263
RottenApple,vertical_flip_Screen Shot 2018-06-07 at 2.52.09 PM.png,0.4811463647959184,dark,False,43.49549787569638
RottenApple,vertical_flip_Screen Shot 2018-06-07 at 2.52.22 PM.png,0.32407924107142855,dark,False,43.56762198865318
RottenApple,vertical_flip_Screen Shot 2018-06-07 at 2.52.30 PM.png,0.382015306122449,dark,False,52.302941906627176
RottenApple,vertical_flip_Screen Shot 2018-06-07 at 2.52.44 PM.png,0.26273517219387754,dark,False,6.508032213475851
RottenApple,vertical_flip_Screen Shot 2018-06-07 at 2.53.20 PM.png,0.575554049744898,dark,False,61.303938045358336
RottenApple,vertical_flip_Screen Shot 2018-06-07 at 2.53.33 PM.png,0.435726243622449,dark,False,57.08262710440615
RottenApple,vertical_flip_Screen Shot 2018-06-07 at 2.53.57 PM.png,0.4190250318877551,dark,False,8.963473753981472
RottenApple,vertical_flip_Screen Shot 2018-06-07 at 2.54.08 PM.png,0.4419044961734694,dark,False,12.189560153577666
RottenApple,vertical_flip_Screen Shot 2018-06-07 at 2.54.41 PM.png,0.06525031887755102,dark,False,10.122939730052067
RottenApple,vertical_flip_Screen Shot 2018-06-07 at 2.54.49 PM.png,0.16848692602040816,dark,False,6.343072461792882
RottenApple,vertical_flip_Screen Shot 2018-06-07 at 2.54.58 PM.png,0.13719706632653061,dark,False,9.644123109472782
RottenApple,vertical_flip_Screen Shot 2018-06-07 at 2.55.27 PM.png,0.5383848852040817,dark,False,1.0402568982154856
RottenApple,vertical_flip_Screen Shot 2018-06-07 at 2.55.52 PM.png,0.11367984693877552,dark,False,13.347193384221981
RottenApple,vertical_flip_Screen Shot 2018-06-07 at 2.56.09 PM.png,0.44005102040816324,dark,False,10.277433553751697
RottenApple,vertical_flip_Screen Shot 2018-06-07 at 2.56.16 PM.png,0.22967155612244897,dark,False,11.974616014654949
RottenApple,vertical_flip_Screen Shot 2018-06-07 at 2.56.34 PM.png,0.3166454081632653,dark,False,5.4218248303394
RottenApple,vertical_flip_Screen Shot 2018-06-07 at 2.56.47 PM.png,0.5455596301020408,dark,False,19.187555436156376
RottenApple,vertical_flip_Screen Shot 2018-06-07 at 2.56.57 PM.png,0.32718829719387754,dark,False,1.5424224923091927
RottenApple,vertical_flip_Screen Shot 2018-06-07 at 2.57.05 PM.png,0.36332110969387754,dark,False,9.061577332456123
RottenApple,vertical_flip_Screen Shot 2018-06-07 at 2.57.13 PM.png,0.42117745535714285,dark,False,10.35880372127479
RottenApple,vertical_flip_Screen Shot 2018-06-07 at 2.57.17 PM.png,0.30823501275510207,dark,False,8.912857628996413
RottenApple,vertical_flip_Screen Shot 2018-06-07 at 2.57.26 PM.png,0.17685746173469388,dark,False,31.02531737561789
RottenApple,vertical_flip_Screen Shot 2018-06-07 at 2.57.42 PM.png,0.15822305484693877,dark,False,0.04204029095483714
RottenApple,vertical_flip_Screen Shot 2018-06-07 at 2.57.49 PM.png,0.0965999681122449,dark,False,0.0
RottenApple,vertical_flip_Screen Shot 2018-06-07 at 2.58.04 PM.png,0.09313217474489796,dark,False,12.038303395015362
RottenApple,vertical_flip_Screen Shot 2018-06-07 at 2.58.17 PM.png,0.2100207270408163,dark,False,16.79593678577386
RottenApple,vertical_flip_Screen Shot 2018-06-07 at 2.58.30 PM.png,0.25759327168367346,dark,False,0.36412193165168544
RottenApple,vertical_flip_Screen Shot 2018-06-07 at 2.58.38 PM.png,0.373046875,dark,False,0.2574853745839354
RottenApple,vertical_flip_Screen Shot 2018-06-07 at 2.58.47 PM.png,0.24982063137755103,dark,False,2.1308880669637538
RottenApple,vertical_flip_Screen Shot 2018-06-07 at 2.58.57 PM.png,0.4920679209183674,dark,False,2.17611759096718
RottenApple,vertical_flip_Screen Shot 2018-06-07 at 2.59.09 PM.png,0.4556361607142857,dark,False,9.652351786556745
RottenApple,vertical_flip_Screen Shot 2018-06-07 at 2.59.13 PM.png,0.4815250318877551,dark,False,7.40182494707886
RottenApple,vertical_flip_Screen Shot 2018-06-07 at 2.59.38 PM.png,0.5697544642857143,dark,False,12.900756335383763
RottenApple,vertical_flip_Screen Shot 2018-06-07 at 2.59.52 PM.png,0.4868263711734694,dark,False,25.688178265948753
RottenApple,vertical_flip_Screen Shot 2018-06-07 at 3.00.17 PM.png,0.4899952168367347,dark,False,0.26602722037842014
RottenApple,vertical_flip_Screen Shot 2018-06-07 at 3.00.25 PM.png,0.46591996173469385,dark,False,0.8745523661835071
RottenApple,vertical_flip_Screen Shot 2018-06-07 at 3.00.33 PM.png,0.5283402423469388,dark,False,20.86051362652051
RottenApple,vertical_flip_Screen Shot 2018-06-07 at 3.00.40 PM.png,0.4627311862244898,dark,False,1.0441506140128238
RottenApple,vertical_flip_Screen Shot 2018-06-07 at 3.00.46 PM.png,0.5018933354591837,dark,False,0.8022943663013778
RottenApple,vertical_flip_Screen Shot 2018-06-07 at 3.00.56 PM.png,0.3412587691326531,dark,False,6.986770552523283
RottenApple,vertical_flip_Screen Shot 2018-06-07 at 3.01.21 PM.png,0.40880102040816324,dark,False,25.711184319025875
RottenApple,vertical_flip_Screen Shot 2018-06-07 at 3.01.38 PM.png,0.43769929846938777,dark,False,28.51575499699173
RottenApple,vertical_flip_Screen Shot 2018-06-07 at 3.01.54 PM.png,0.5140106823979592,dark,False,20.556773110328603
RottenApple,vertical_flip_Screen Shot 2018-06-07 at 3.02.02 PM.png,0.2637316645408163,dark,False,4.035891649364253
RottenApple,vertical_flip_Screen Shot 2018-06-07 at 3.02.09 PM.png,0.34084024234693877,dark,False,2.484776690535402
RottenApple,vertical_flip_Screen Shot 2018-06-07 at 3.02.18 PM.png,0.3955078125,dark,False,18.932422809553316
RottenApple,vertical_flip_Screen Shot 2018-06-07 at 3.02.24 PM.png,0.4962133290816326,dark,False,7.650218350283413
RottenApple,vertical_flip_Screen Shot 2018-06-07 at 3.02.37 PM.png,0.26377152423469385,dark,False,23.816269264473448
RottenApple,vertical_flip_Screen Shot 2018-06-07 at 3.02.51 PM.png,0.2911352040816326,dark,False,7.009014428899018
RottenApple,vertical_flip_Screen Shot 2018-06-07 at 3.03.02 PM.png,0.531608737244898,dark,False,31.91809619070067
RottenApple,vertical_flip_Screen Shot 2018-06-07 at 3.03.12 PM.png,0.17619977678571427,dark,False,0.05322060306798709
RottenApple,vertical_flip_Screen Shot 2018-06-07 at 3.03.46 PM.png,0.4998804209183674,dark,False,3.1684758084322326
RottenApple,vertical_flip_Screen Shot 2018-06-07 at 3.03.58 PM.png,0.32228555484693877,dark,False,27.369727837037672
RottenApple,vertical_flip_Screen Shot 2018-06-07 at 3.04.04 PM.png,0.3952088647959184,dark,False,23.936625439898545
RottenApple,vertical_flip_Screen Shot 2018-06-07 at 3.04.10 PM.png,0.19933832908163265,dark,False,11.7844565286763
RottenApple,vertical_flip_Screen Shot 2018-06-07 at 3.04.24 PM.png,0.36294244260204084,dark,False,15.114216296666866
RottenApple,vertical_flip_Screen Shot 2018-06-07 at 3.04.35 PM.png,0.4804089604591837,dark,False,0.13368598888177663
RottenApple,vertical_flip_Screen Shot 2018-06-07 at 3.04.41 PM.png,0.45675223214285715,dark,False,0.05864544841286707
RottenApple,vertical_flip_Screen Shot 2018-06-07 at 3.04.58 PM.png,0.2176937181122449,dark,False,1.71296547185592
RottenApple,vertical_flip_Screen Shot 2018-06-07 at 3.05.05 PM.png,0.2514748086734694,dark,False,15.644473207040617
RottenApple,vertical_flip_Screen Shot 2018-06-07 at 3.05.13 PM.png,0.47897401147959184,dark,False,9.973161769335219
RottenApple,vertical_flip_Screen Shot 2018-06-07 at 3.05.29 PM.png,0.5353555484693877,dark,False,20.060623663693026
RottenApple,vertical_flip_Screen Shot 2018-06-07 at 3.05.38 PM.png,0.25619818239795916,dark,False,38.883051571406604
RottenApple,vertical_flip_Screen Shot 2018-06-07 at 3.05.46 PM.png,0.6091358418367347,bright,False,62.41107678846324
RottenApple,vertical_flip_Screen Shot 2018-06-07 at 3.05.53 PM.png,0.32093032525510207,dark,False,5.22594785144207
RottenApple,vertical_flip_Screen Shot 2018-06-07 at 3.05.58 PM.png,0.2919323979591837,dark,False,21.49190633956161
RottenApple,vertical_flip_Screen Shot 2018-06-07 at 3.06.06 PM.png,0.31088568239795916,dark,False,11.546977595553692
RottenApple,vertical_flip_Screen Shot 2018-06-07 at 3.06.11 PM.png,0.11949936224489796,dark,False,7.1279802628792455
RottenApple,vertical_flip_Screen Shot 2018-06-07 at 3.06.22 PM.png,0.3973413584183674,dark,False,22.389982722567336
RottenApple,vertical_flip_Screen Shot 2018-06-07 at 3.06.30 PM.png,0.32310267857142855,dark,False,11.340403933183111
RottenApple,vertical_flip_Screen Shot 2018-06-07 at 3.06.51 PM.png,0.08233019770408163,dark,False,42.59296969220747
RottenApple,vertical_flip_Screen Shot 2018-06-07 at 3.17.25 PM.png,0.5482501594387755,dark,False,6.974532501379957
RottenApple,vertical_flip_Screen Shot 2018-06-07 at 3.17.32 PM.png,0.6231265943877551,dark,False,39.8197054589607
RottenApple,vertical_flip_Screen Shot 2018-06-08 at 2.21.33 PM.png,0.4817442602040816,dark,False,4.171720750491736
RottenApple,vertical_flip_Screen Shot 2018-06-08 at 2.23.48 PM.png,0.46958705357142855,dark,False,3.9067482601597967
RottenApple,vertical_flip_Screen Shot 2018-06-08 at 2.24.09 PM.png,0.30189732142857145,dark,False,5.194859223910151
RottenApple,vertical_flip_Screen Shot 2018-06-08 at 2.24.31 PM.png,0.487125318877551,dark,False,18.052990623658133
RottenApple,vertical_flip_Screen Shot 2018-06-08 at 2.24.37 PM.png,0.5126554528061225,dark,False,13.13723791752975
RottenApple,vertical_flip_Screen Shot 2018-06-08 at 2.25.04 PM.png,0.30185746173469385,dark,False,5.738945756294261
RottenApple,vertical_flip_Screen Shot 2018-06-08 at 2.25.17 PM.png,0.5788624043367347,dark,False,7.727155768285762
RottenApple,vertical_flip_Screen Shot 2018-06-08 at 2.25.43 PM.png,0.5341597576530612,dark,False,3.4469395127680316
RottenApple,vertical_flip_Screen Shot 2018-06-08 at 2.26.34 PM.png,0.5974768813775511,bright,False,52.52599724613802
RottenApple,vertical_flip_Screen Shot 2018-06-08 at 2.26.44 PM.png,0.4743104272959184,dark,False,7.206209409871342
RottenApple,vertical_flip_Screen Shot 2018-06-08 at 2.26.55 PM.png,0.30783641581632654,dark,False,0.0
RottenApple,vertical_flip_Screen Shot 2018-06-08 at 2.27.15 PM.png,0.533561862244898,dark,False,3.7512851148752016
RottenApple,vertical_flip_Screen Shot 2018-06-08 at 2.27.44 PM.png,0.2379424426020408,dark,False,11.781714021874981
RottenApple,vertical_flip_Screen Shot 2018-06-08 at 2.28.00 PM.png,0.4751474808673469,dark,False,12.094293609328327
RottenApple,vertical_flip_Screen Shot 2018-06-08 at 2.28.07 PM.png,0.43616470025510207,dark,False,11.128430781637634
RottenApple,vertical_flip_Screen Shot 2018-06-08 at 2.28.23 PM.png,0.14829799107142858,dark,False,1.7235307962098274
RottenApple,vertical_flip_Screen Shot 2018-06-08 at 2.28.42 PM.png,0.2673190369897959,dark,False,6.336280916853599
RottenApple,vertical_flip_Screen Shot 2018-06-08 at 2.29.10 PM.png,0.29356664540816324,dark,False,29.348699860268667
RottenApple,vertical_flip_Screen Shot 2018-06-08 at 2.29.20 PM.png,0.3196348852040816,dark,False,7.822639146430446
RottenApple,vertical_flip_Screen Shot 2018-06-08 at 2.29.33 PM.png,0.48732461734693877,dark,False,14.83359455511733
RottenApple,vertical_flip_Screen Shot 2018-06-08 at 2.29.55 PM.png,0.48417570153061223,dark,False,19.146735396248985
RottenApple,vertical_flip_Screen Shot 2018-06-08 at 2.30.03 PM.png,0.5623405612244898,dark,False,20.411569644116327
RottenApple,vertical_flip_Screen Shot 2018-06-08 at 2.30.26 PM.png,0.5374880420918368,dark,False,5.08871484759285
RottenApple,vertical_flip_Screen Shot 2018-06-08 at 2.30.31 PM.png,0.5920360331632653,dark,False,19.33611499620897
RottenApple,vertical_flip_Screen Shot 2018-06-08 at 2.30.40 PM.png,0.45388233418367346,dark,False,22.438227627908574
RottenApple,vertical_flip_Screen Shot 2018-06-08 at 2.30.45 PM.png,0.6190210459183674,dark,False,12.964393746512712
RottenApple,vertical_flip_Screen Shot 2018-06-08 at 2.30.51 PM.png,0.28517617984693877,dark,False,14.194941225966025
RottenApple,vertical_flip_Screen Shot 2018-06-08 at 2.31.03 PM.png,0.37244897959183676,dark,False,9.753884277014977
RottenApple,vertical_flip_Screen Shot 2018-06-08 at 2.31.08 PM.png,0.5349968112244898,dark,False,18.32927693715978
RottenApple,vertical_flip_Screen Shot 2018-06-08 at 2.31.16 PM.png,0.18895487882653061,dark,False,18.57305337660047
RottenApple,vertical_flip_Screen Shot 2018-06-08 at 2.31.23 PM.png,0.43118223852040816,dark,False,15.867912055112775
RottenApple,vertical_flip_Screen Shot 2018-06-08 at 2.31.33 PM.png,0.1490154655612245,dark,False,0.0
RottenApple,vertical_flip_Screen Shot 2018-06-08 at 2.31.45 PM.png,0.2791374362244898,dark,False,3.922606070955311
RottenApple,vertical_flip_Screen Shot 2018-06-08 at 2.32.10 PM.png,0.3998325892857143,dark,False,26.12050281730244
RottenApple,vertical_flip_Screen Shot 2018-06-08 at 2.32.42 PM.png,0.548469387755102,dark,False,14.036327819118101
RottenApple,vertical_flip_Screen Shot 2018-06-08 at 2.33.04 PM.png,0.5682198660714286,dark,False,15.23839066540254
RottenApple,vertical_flip_Screen Shot 2018-06-08 at 2.34.05 PM.png,0.34450733418367346,dark,False,22.52779563004317
RottenApple,vertical_flip_Screen Shot 2018-06-08 at 2.34.42 PM.png,0.2136280293367347,dark,False,25.05685127590198
RottenApple,vertical_flip_Screen Shot 2018-06-08 at 2.34.47 PM.png,0.0843032525510204,dark,False,3.9766330135430064
RottenApple,vertical_flip_Screen Shot 2018-06-08 at 2.34.51 PM.png,0.2159797512755102,dark,False,28.156521269772508
RottenApple,vertical_flip_Screen Shot 2018-06-08 at 2.35.03 PM.png,0.2967155612244898,dark,False,5.588063564664824
RottenApple,vertical_flip_Screen Shot 2018-06-08 at 2.35.10 PM.png,0.11878188775510204,dark,False,30.626492044854803
RottenApple,vertical_flip_Screen Shot 2018-06-08 at 2.35.25 PM.png,0.3094108737244898,dark,False,2.4249362363123663
RottenApple,vertical_flip_Screen Shot 2018-06-08 at 2.35.32 PM.png,0.31188217474489793,dark,False,13.368307247014398
RottenApple,vertical_flip_Screen Shot 2018-06-08 at 2.35.37 PM.png,0.5167610012755102,dark,False,10.002066119793023
RottenApple,vertical_flip_Screen Shot 2018-06-08 at 2.36.01 PM.png,0.12723214285714285,dark,False,7.9387948968267485
RottenApple,vertical_flip_Screen Shot 2018-06-08 at 2.36.18 PM.png,0.26640226403061223,dark,False,6.665968686893083
RottenApple,vertical_flip_Screen Shot 2018-06-08 at 2.36.23 PM.png,0.21466438137755103,dark,False,6.635157824023621
RottenApple,vertical_flip_Screen Shot 2018-06-08 at 2.36.55 PM.png,0.3740832270408163,dark,False,5.877940571399399
RottenApple,vertical_flip_Screen Shot 2018-06-08 at 2.37.13 PM.png,0.4786352040816326,dark,False,10.317024930714792
RottenApple,vertical_flip_Screen Shot 2018-06-08 at 2.37.19 PM.png,0.5297154017857143,dark,False,0.737594189379832
RottenApple,vertical_flip_Screen Shot 2018-06-08 at 2.37.24 PM.png,0.6433952487244898,dark,False,8.29631630819651
RottenApple,vertical_flip_Screen Shot 2018-06-08 at 2.37.53 PM.png,0.44495376275510207,dark,False,0.091120617707012
RottenApple,vertical_flip_Screen Shot 2018-06-08 at 2.38.08 PM.png,0.5836854272959183,dark,False,10.121614581565483
RottenApple,vertical_flip_Screen Shot 2018-06-08 at 2.38.33 PM.png,0.3803810586734694,dark,False,1.6072745122329606
RottenApple,vertical_flip_Screen Shot 2018-06-08 at 2.38.47 PM.png,0.1418407206632653,dark,False,11.064536450113101
RottenApple,vertical_flip_Screen Shot 2018-06-08 at 2.39.26 PM.png,0.5548469387755102,dark,False,25.510481428541826
RottenApple,vertical_flip_Screen Shot 2018-06-08 at 2.39.35 PM.png,0.17522321428571427,dark,False,6.026577746654488
RottenApple,vertical_flip_Screen Shot 2018-06-08 at 2.39.51 PM.png,0.02060746173469388,dark,True,7.472700054565848
RottenApple,vertical_flip_Screen Shot 2018-06-08 at 2.40.09 PM.png,0.42793367346938777,dark,False,16.988021462534768
RottenApple,vertical_flip_Screen Shot 2018-06-08 at 2.40.13 PM.png,0.36071029974489793,dark,False,0.5253788757584202
RottenApple,vertical_flip_Screen Shot 2018-06-08 at 2.40.30 PM.png,0.44331951530612246,dark,False,5.8445386437507905
RottenApple,vertical_flip_Screen Shot 2018-06-08 at 2.40.56 PM.png,0.2287547831632653,dark,False,11.284444422550877
RottenApple,vertical_flip_Screen Shot 2018-06-08 at 2.41.16 PM.png,0.334781568877551,dark,False,0.1595681824040834
RottenApple,vertical_flip_Screen Shot 2018-06-08 at 2.41.39 PM.png,0.2325015943877551,dark,False,5.377705229954301
RottenApple,vertical_flip_Screen Shot 2018-06-08 at 2.41.44 PM.png,0.2585499043367347,dark,False,0.38140266395445394
RottenApple,vertical_flip_Screen Shot 2018-06-08 at 2.41.54 PM.png,0.5106425382653061,dark,False,48.28426190303389
RottenApple,vertical_flip_Screen Shot 2018-06-08 at 2.42.22 PM.png,0.443180006377551,dark,False,0.03443554477398295
RottenApple,vertical_flip_Screen Shot 2018-06-08 at 2.42.38 PM.png,0.5184749681122449,dark,False,3.731395383149183
RottenApple,vertical_flip_Screen Shot 2018-06-08 at 2.42.52 PM.png,0.389469068877551,dark,False,6.907027170516284
RottenApple,vertical_flip_Screen Shot 2018-06-08 at 2.42.58 PM.png,0.32523517219387754,dark,False,0.01898716511529849
RottenApple,vertical_flip_Screen Shot 2018-06-08 at 2.43.29 PM.png,0.23264110331632654,bright,False,34.830414549501285
RottenApple,vertical_flip_Screen Shot 2018-06-08 at 2.43.54 PM.png,0.3681042729591837,dark,False,1.11517988544458
RottenApple,vertical_flip_Screen Shot 2018-06-08 at 2.44.13 PM.png,0.5481903698979592,dark,False,35.964321954832876
RottenApple,vertical_flip_Screen Shot 2018-06-08 at 2.44.54 PM.png,0.36794483418367346,dark,False,34.78174869706944
RottenApple,vertical_flip_Screen Shot 2018-06-08 at 2.45.05 PM.png,0.4450135522959184,dark,False,5.157867026079252
RottenApple,vertical_flip_Screen Shot 2018-06-08 at 2.45.44 PM.png,0.24629304846938777,dark,False,54.44978472397221
RottenApple,vertical_flip_Screen Shot 2018-06-08 at 2.45.50 PM.png,0.1434948979591837,dark,False,46.043369569848046
RottenApple,vertical_flip_Screen Shot 2018-06-08 at 2.45.58 PM.png,0.5396404655612245,bright,False,57.0461295488408
RottenApple,vertical_flip_Screen Shot 2018-06-08 at 2.46.08 PM.png,0.49087213010204084,dark,False,0.6321350750266835
RottenApple,vertical_flip_Screen Shot 2018-06-08 at 2.46.25 PM.png,0.3168845663265306,dark,False,41.41944860726749
RottenApple,vertical_flip_Screen Shot 2018-06-08 at 2.46.36 PM.png,0.17536272321428573,dark,False,2.482941697822619
RottenApple,vertical_flip_Screen Shot 2018-06-08 at 2.46.44 PM.png,0.4655213647959184,dark,False,0.591703137702047
RottenApple,vertical_flip_Screen Shot 2018-06-08 at 2.47.09 PM.png,0.3705357142857143,dark,False,0.3278939113878503
RottenApple,vertical_flip_Screen Shot 2018-06-08 at 2.47.30 PM.png,0.350765306122449,dark,False,5.9804823835119185
RottenApple,vertical_flip_Screen Shot 2018-06-08 at 2.47.37 PM.png,0.47959183673469385,dark,False,16.49050608592981
RottenApple,vertical_flip_Screen Shot 2018-06-08 at 2.47.49 PM.png,0.37021683673469385,dark,False,32.07724905711083
RottenApple,vertical_flip_Screen Shot 2018-06-08 at 2.47.54 PM.png,0.3957669005102041,dark,False,0.054089912453391974
RottenApple,vertical_flip_Screen Shot 2018-06-08 at 2.48.09 PM.png,0.40491470025510207,dark,False,5.263617398242382
RottenApple,vertical_flip_Screen Shot 2018-06-08 at 2.48.15 PM.png,0.46962691326530615,dark,False,8.29706401366494
RottenApple,vertical_flip_Screen Shot 2018-06-08 at 2.48.29 PM.png,0.6632055165816326,dark,False,33.55598894365959
RottenApple,vertical_flip_Screen Shot 2018-06-08 at 2.48.43 PM.png,0.1367785395408163,dark,False,3.2783841002288665
RottenApple,vertical_flip_Screen Shot 2018-06-08 at 2.48.52 PM.png,0.4291294642857143,dark,False,4.245435798240163
RottenApple,vertical_flip_Screen Shot 2018-06-08 at 2.49.27 PM.png,0.24266581632653061,dark,False,25.862252620152233
RottenApple,vertical_flip_Screen Shot 2018-06-08 at 2.49.40 PM.png,0.3842673788265306,dark,False,0.0
RottenApple,vertical_flip_Screen Shot 2018-06-08 at 2.50.14 PM.png,0.4442562181122449,dark,False,7.421407684533373
RottenApple,vertical_flip_Screen Shot 2018-06-08 at 2.50.22 PM.png,0.23768335459183673,dark,False,1.3602393205039105
RottenApple,vertical_flip_Screen Shot 2018-06-08 at 2.50.33 PM.png,0.19792330994897958,dark,False,14.541296649845714
RottenApple,vertical_flip_Screen Shot 2018-06-08 at 2.50.38 PM.png,0.33583785076530615,dark,False,13.460532956128553
RottenApple,vertical_flip_Screen Shot 2018-06-08 at 2.50.49 PM.png,0.2769252232142857,dark,False,13.896945914501222
RottenApple,vertical_flip_Screen Shot 2018-06-08 at 2.50.55 PM.png,0.23260124362244897,dark,False,9.264390758238088
RottenApple,vertical_flip_Screen Shot 2018-06-08 at 2.51.09 PM.png,0.3005221619897959,dark,False,17.924861751028672
RottenApple,vertical_flip_Screen Shot 2018-06-08 at 2.51.28 PM.png,0.3602319834183674,dark,False,10.77464578612642
RottenApple,vertical_flip_Screen Shot 2018-06-08 at 2.51.55 PM.png,0.37918526785714285,dark,False,0.053919548801216216
RottenApple,vertical_flip_Screen Shot 2018-06-08 at 2.52.05 PM.png,0.38809390943877553,dark,False,0.0
RottenApple,vertical_flip_Screen Shot 2018-06-08 at 2.52.20 PM.png,0.40469547193877553,dark,False,11.106833030277615
RottenApple,vertical_flip_Screen Shot 2018-06-08 at 2.52.43 PM.png,0.421077806122449,dark,False,10.41939002237848
RottenApple,vertical_flip_Screen Shot 2018-06-08 at 2.52.57 PM.png,0.3452845982142857,dark,False,16.132088942781195
RottenApple,vertical_flip_Screen Shot 2018-06-08 at 2.53.14 PM.png,0.4428013392857143,dark,False,2.3301134361956204
