class,name,coverage,polarity,failed,border_std,background_leakage
Unripe,UnripeApple (1).jpg,0.2034638073979592,n/a,False,92.4138626148053,0.2574199235968263
Unripe,UnripeApple (10).jpg,0.16350446428571427,n/a,False,53.01589552724702,0.2460994636762555
Unripe,UnripeApple (100).jpg,0.27321827168367346,n/a,False,69.92640152059437,0.04398570282296302
Unripe,UnripeApple (101).jpg,0.2763073979591837,n/a,False,64.52971770812809,0.12485574148874784
Unripe,UnripeApple (102).jpg,0.2760682397959184,n/a,False,64.65001183909645,0.13016170950043315
Unripe,UnripeApple (103).jpg,0.13396843112244897,n/a,False,72.67401274773214,0.018744421303183576
Unripe,UnripeApple (104).jpg,0.18522799744897958,n/a,False,72.85765521696686,0.017753389283408652
Unripe,UnripeApple (105).jpg,0.09887197066326531,n/a,False,84.92832239785979,0.0
Unripe,UnripeApple (106).jpg,0.09923070790816327,n/a,False,85.00571479845075,0.0002008435428800964
Unripe,UnripeApple (107).jpg,0.26369180484693877,n/a,False,67.00509534172484,0.0002267402312750359
Unripe,UnripeApple (108).jpg,0.25155452806122447,n/a,False,67.08502364134544,0.00039613373474885124
Unripe,UnripeApple (109).jpg,0.09042171556122448,n/a,True,80.21609062885653,0.11196826096539564
Unripe,UnripeApple (11).jpg,0.19447544642857142,n/a,False,79.82680286709656,0.007173601147776184
Unripe,UnripeApple (110).jpg,0.20021524234693877,n/a,False,80.45563481076721,0.1039219589886522
Unripe,UnripeApple (111).jpg,0.12645487882653061,n/a,False,36.26447543023849,0.00047281323877068556
Unripe,UnripeApple (112).jpg,0.14524872448979592,n/a,False,36.327171520689,0.000411635565312843
Unripe,UnripeApple (113).jpg,0.1740672831632653,n/a,False,26.946761704779775,0.014082894435539272
Unripe,UnripeApple (114).jpg,0.1800860969387755,n/a,False,27.033527761142597,0.014940239043824702
Unripe,UnripeApple (115).jpg,0.1444515306122449,n/a,False,76.36439750203041,0.20143487858719647
Unripe,UnripeApple (116).jpg,0.14488998724489796,n/a,False,76.40450885228695,0.2250343878954608
Unripe,UnripeApple (117).jpg,0.20976163903061223,n/a,False,80.55487226830171,0.26156769596199525
Unripe,UnripeApple (118).jpg,0.2108577806122449,n/a,False,80.57741338579504,0.24706994328922496
Unripe,UnripeApple (119).jpg,0.17912946428571427,n/a,False,81.09412452937325,0.18413440142412105
Unripe,UnripeApple (12).jpg,0.2298907844387755,n/a,False,79.88694673289241,0.02904204594711747
Unripe,UnripeApple (120).jpg,0.18024553571428573,n/a,False,81.13785596126588,0.17094206103494028
Unripe,UnripeApple (121).jpg,0.2316047512755102,n/a,False,62.85796431563289,0.08837449444970312
Unripe,UnripeApple (122).jpg,0.2318439094387755,n/a,False,62.917098118773445,0.09103412705235107
Unripe,UnripeApple (123).jpg,0.15080915178571427,n/a,False,53.69545872795482,0.04453548301836924
Unripe,UnripeApple (124).jpg,0.28477758290816324,n/a,False,53.76298445617152,0.04814892574707817
Unripe,UnripeApple (125).jpg,0.12187101403061225,n/a,False,52.07284660420563,0.0
Unripe,UnripeApple (126).jpg,0.14367426658163265,n/a,False,52.11834350440456,0.0
Unripe,UnripeApple (127).jpg,0.24286511479591838,n/a,False,60.020113968315194,0.02420810766453307
Unripe,UnripeApple (128).jpg,0.2430046237244898,n/a,False,60.051739106222755,0.02526039530878373
Unripe,UnripeApple (129).jpg,0.49794722576530615,n/a,False,56.97165875577617,0.006323794276565939
Unripe,UnripeApple (13).jpg,0.09986846301020408,n/a,False,48.78357091473166,0.03232887647176212
Unripe,UnripeApple (130).jpg,0.30147879464285715,n/a,False,56.997282449983,0.01064322073114299
Unripe,UnripeApple (131).jpg,0.33872767857142855,n/a,False,56.82579945695795,0.016003765591903977
Unripe,UnripeApple (132).jpg,0.33071588010204084,n/a,False,56.849509616455954,0.01572857659394962
Unripe,UnripeApple (133).jpg,0.28427933673469385,n/a,False,58.0041022693779,0.14441951766685363
Unripe,UnripeApple (134).jpg,0.2766661352040816,n/a,False,58.092360001638816,0.15840656965855063
Unripe,UnripeApple (135).jpg,0.14433195153061223,n/a,False,67.6702835629244,0.07484120408726871
Unripe,UnripeApple (136).jpg,0.14309630102040816,n/a,False,67.76731725532214,0.0777158774373259
Unripe,UnripeApple (137).jpg,0.4230907206632653,n/a,False,29.214577772758293,0.00018842149889302368
Unripe,UnripeApple (138).jpg,0.33922592474489793,n/a,False,29.211450583683117,0.0003525057282180835
Unripe,UnripeApple (139).jpg,0.3753188775510204,n/a,False,55.60122591205619,0.003929481733220051
Unripe,UnripeApple (14).jpg,0.10042649872448979,n/a,False,48.87009824359529,0.03195078388569161
Unripe,UnripeApple (140).jpg,0.3754185267857143,n/a,False,55.63150790016166,0.0029728725380899295
Unripe,UnripeApple (141).jpg,0.2620376275510204,n/a,False,38.11746917171309,0.12275631274718589
Unripe,UnripeApple (142).jpg,0.2617785395408163,n/a,False,38.13434914376027,0.15036162923486868
Unripe,UnripeApple (143).jpg,0.33067602040816324,n/a,False,47.794563429671406,0.003194310511089682
Unripe,UnripeApple (144).jpg,0.32930086096938777,n/a,False,47.88333121562092,0.0028445197603340798
Unripe,UnripeApple (145).jpg,0.11884167729591837,n/a,False,53.74729606728605,0.24987422438369947
Unripe,UnripeApple (146).jpg,0.12001753826530612,n/a,False,53.94144939657016,0.16439721022915973
Unripe,UnripeApple (147).jpg,0.11955915178571429,n/a,False,62.704621637614004,0.04134022337056176
Unripe,UnripeApple (148).jpg,0.11983816964285714,n/a,False,62.802617642792995,0.042574422085481456
Unripe,UnripeApple (149).jpg,0.13877152423469388,n/a,False,35.02531866051909,0.08171765043802959
Unripe,UnripeApple (15).jpg,0.10526945153061225,n/a,False,45.30819876123389,0.050170390003786446
Unripe,UnripeApple (150).jpg,0.13915019132653061,n/a,False,35.04849140417011,0.09238040676024062
Unripe,UnripeApple (151).jpg,0.25137515943877553,n/a,False,60.832749430995534,0.08641877428050425
Unripe,UnripeApple (152).jpg,0.2571348852040816,n/a,False,60.89782377156249,0.08494807006665633
Unripe,UnripeApple (153).jpg,0.28724888392857145,n/a,False,65.50115538390666,0.003607854020675779
Unripe,UnripeApple (154).jpg,0.2545838647959184,n/a,False,65.55425215482731,0.004305620792234226
Unripe,UnripeApple (155).jpg,0.24152981505102042,n/a,False,49.74396471929478,0.012129713672745276
Unripe,UnripeApple (156).jpg,0.2425263073979592,n/a,False,49.78847164280828,0.011422466924151532
Unripe,UnripeApple (157).jpg,0.10646524234693877,n/a,False,85.8310309377671,0.020217147135904157
Unripe,UnripeApple (158).jpg,0.15110809948979592,n/a,False,85.94609922421648,0.03666578739118966
Unripe,UnripeApple (159).jpg,0.12713249362244897,n/a,False,54.75263245552036,0.018654961592726133
Unripe,UnripeApple (16).jpg,0.10463169642857142,n/a,False,45.32042604690948,0.05142857142857143
Unripe,UnripeApple (160).jpg,0.12705277423469388,n/a,False,54.76293602979181,0.01992156862745098
Unripe,UnripeApple (161).jpg,0.14931441326530612,n/a,False,35.56266423622398,0.08155365723438335
Unripe,UnripeApple (162).jpg,0.1490752551020408,n/a,False,35.62766947966452,0.0570855614973262
Unripe,UnripeApple (163).jpg,0.17845184948979592,n/a,False,51.66163825173135,0.007594371230734867
Unripe,UnripeApple (164).jpg,0.17883051658163265,n/a,False,51.70266146266081,0.006686726847208292
Unripe,UnripeApple (165).jpg,0.11431760204081633,n/a,False,57.37971606939746,0.0
Unripe,UnripeApple (166).jpg,0.11395886479591837,n/a,False,57.43885166869311,0.0
Unripe,UnripeApple (167).jpg,0.2381218112244898,n/a,False,42.073235575084276,0.033311014395714766
Unripe,UnripeApple (168).jpg,0.2067920918367347,n/a,False,42.1224770053687,0.04028527370855821
Unripe,UnripeApple (169).jpg,0.2013313137755102,n/a,False,69.65867283396697,0.058206295783013264
Unripe,UnripeApple (17).jpg,0.28439891581632654,n/a,False,44.31341868373661,0.04029432375613175
Unripe,UnripeApple (170).jpg,0.1902702487244898,n/a,False,69.68524940345623,0.05582905624803603
Unripe,UnripeApple (171).jpg,0.27975526147959184,n/a,False,49.082663160934125,0.05022440692455653
Unripe,UnripeApple (172).jpg,0.27537069515306123,n/a,False,49.086508841062034,0.04950423391474271
Unripe,UnripeApple (173).jpg,0.27128507653061223,n/a,False,83.64616453790885,0.3375697913605642
Unripe,UnripeApple (174).jpg,0.2716438137755102,n/a,False,83.79911687716195,0.3698459280997799
Unripe,UnripeApple (175).jpg,0.09813456632653061,n/a,False,72.11881671889853,0.11210398050365557
Unripe,UnripeApple (176).jpg,0.09608179209183673,n/a,False,72.26579943697355,0.11283965982161377
Unripe,UnripeApple (177).jpg,0.3193359375,n/a,False,83.90395781335144,0.006740310803220371
Unripe,UnripeApple (178).jpg,0.30014349489795916,n/a,False,84.00173234620966,0.00597609561752988
Unripe,UnripeApple (179).jpg,0.19102758290816327,n/a,False,48.59729011585625,0.00020865936358894105
Unripe,UnripeApple (18).jpg,0.28300382653061223,n/a,False,44.30403607043609,0.03767605633802817
Unripe,UnripeApple (180).jpg,0.19144610969387754,n/a,False,48.64899410801942,0.00010410160316468874
Unripe,UnripeApple (181).jpg,0.21697624362244897,n/a,False,57.214109749092565,0.2613208413704418
Unripe,UnripeApple (182).jpg,0.2216796875,n/a,False,57.329007755727,0.2620695855434685
Unripe,UnripeApple (183).jpg,0.30211654974489793,n/a,False,61.34915624960113,6.596741209842338e-05
Unripe,UnripeApple (184).jpg,0.318180006377551,n/a,False,61.42011214456022,6.263701847792045e-05
Unripe,UnripeApple (185).jpg,0.21442522321428573,n/a,False,56.63362716107963,0.13504972581094898
Unripe,UnripeApple (186).jpg,0.21484375,n/a,False,56.774310487016805,0.12486085343228201
Unripe,UnripeApple (187).jpg,0.19951769770408162,n/a,False,49.21849384390631,9.989012086704625e-05
Unripe,UnripeApple (188).jpg,0.19975685586734693,n/a,False,49.471899099911504,0.02713758355781702
Unripe,UnripeApple (189).jpg,0.20475924744897958,n/a,False,64.4257764394735,0.021023943936149505
Unripe,UnripeApple (19).jpg,0.12017697704081633,n/a,False,78.09098623214521,0.19419568822553898
Unripe,UnripeApple (190).jpg,0.23036910076530612,n/a,False,64.62369796321396,0.028462669781122933
Unripe,UnripeApple (191).jpg,0.18702168367346939,n/a,False,41.47827173660684,0.0
Unripe,UnripeApple (192).jpg,0.18321508290816327,n/a,False,41.54846437331352,0.0
Unripe,UnripeApple (193).jpg,0.13576211734693877,n/a,False,40.28215521061792,0.014092777451556078
Unripe,UnripeApple (194).jpg,0.13536352040816327,n/a,False,40.40483625173423,0.018256772673733806
Unripe,UnripeApple (195).jpg,0.17598054846938777,n/a,False,67.2467993064925,0.0066817667044167615
Unripe,UnripeApple (196).jpg,0.17783402423469388,n/a,False,67.5542083281572,0.007620755351339235
Unripe,UnripeApple (197).jpg,0.2604830994897959,n/a,False,68.34509767744952,0.1550114766641163
Unripe,UnripeApple (198).jpg,0.25978555484693877,n/a,False,68.38496335642571,0.14982738780207136
Unripe,UnripeApple (199).jpg,0.10640545280612244,n/a,False,64.58276784265816,0.006555534744334145
Unripe,UnripeApple (2).jpg,0.21147560586734693,n/a,False,92.59048572015774,0.25049476957873906
Unripe,UnripeApple (20).jpg,0.11918048469387756,n/a,False,78.1723926514599,0.19765886287625417
Unripe,UnripeApple (200).jpg,0.10658482142857142,n/a,False,64.78283033466205,0.006731488406881077
Unripe,UnripeApple (201).jpg,0.1100326849489796,n/a,False,44.15913713253403,0.12298496649157761
Unripe,UnripeApple (202).jpg,0.0799984056122449,n/a,True,44.223435437053034,0.04982561036372696
Unripe,UnripeApple (203).jpg,0.09165736607142858,n/a,True,44.78319429641598,0.0
Unripe,UnripeApple (204).jpg,0.08998325892857142,n/a,True,44.901286866691066,0.0
Unripe,UnripeApple (205).jpg,0.2262236926020408,n/a,False,47.33179291058568,0.016121927583472823
Unripe,UnripeApple (206).jpg,0.22502790178571427,n/a,False,47.45199127281859,0.0154105039411921
Unripe,UnripeApple (207).jpg,0.0862563775510204,n/a,True,62.97392306104231,0.0
Unripe,UnripeApple (208).jpg,0.08771125637755102,n/a,True,63.12439610194525,0.0
Unripe,UnripeApple (209).jpg,0.09751674107142858,n/a,False,71.78761699806013,0.6290619251992643
Unripe,UnripeApple (21).jpg,0.17468510841836735,n/a,False,70.66914431315256,0.18368511123787792
Unripe,UnripeApple (210).jpg,0.09691884566326531,n/a,False,72.11132245513183,0.4879703886489821
Unripe,UnripeApple (211).jpg,0.09731744260204081,n/a,False,45.11499681773203,0.14888388285889823
Unripe,UnripeApple (212).jpg,0.10237962372448979,n/a,False,45.22243062241106,0.148919602881059
Unripe,UnripeApple (213).jpg,0.19953762755102042,n/a,False,61.35976505418103,0.3735517379145026
Unripe,UnripeApple (214).jpg,0.1985809948979592,n/a,False,61.61359143870192,0.3740465676435167
Unripe,UnripeApple (215).jpg,0.26698022959183676,n/a,False,58.6434930969646,0.13518960883845924
Unripe,UnripeApple (216).jpg,0.29430404974489793,n/a,False,58.83849576110337,0.1476941829755536
Unripe,UnripeApple (217).jpg,0.2606624681122449,n/a,False,58.56168301606653,0.2891658383668476
Unripe,UnripeApple (218).jpg,0.25996492346938777,n/a,False,58.66859121522077,0.2897117448635388
Unripe,UnripeApple (219).jpg,0.25729432397959184,n/a,False,60.465949810691676,0.1986057319907049
Unripe,UnripeApple (22).jpg,0.17476482780612246,n/a,False,70.75365240829558,0.17630288516364465
Unripe,UnripeApple (220).jpg,0.2534080038265306,n/a,False,60.58606557491017,0.20377506881635862
Unripe,UnripeApple (221).jpg,0.16344467474489796,n/a,False,59.782273066487846,0.0069503719058651384
Unripe,UnripeApple (222).jpg,0.16384327168367346,n/a,False,59.9153802431494,0.008028220411142198
Unripe,UnripeApple (223).jpg,0.08595742984693877,n/a,True,53.340842148790166,0.040111291444470204
Unripe,UnripeApple (224).jpg,0.08637595663265306,n/a,True,53.46985789617927,0.03899400092293493
Unripe,UnripeApple (225).jpg,0.5822903380102041,n/a,False,70.36907834105348,0.31166786459937706
Unripe,UnripeApple (226).jpg,0.5910794005102041,n/a,False,70.54153773398238,0.3276687571650145
Unripe,UnripeApple (227).jpg,0.33523995535714285,n/a,False,60.19651379372126,0.37084596635158434
Unripe,UnripeApple (228).jpg,0.14718191964285715,n/a,False,60.20710922459827,0.32579553148273527
Unripe,UnripeApple (229).jpg,0.10889668367346939,n/a,False,72.18838604304553,0.0029282576866764276
Unripe,UnripeApple (23).jpg,0.20591517857142858,n/a,False,64.48821118878361,0.041424699961285325
Unripe,UnripeApple (230).jpg,0.10845822704081633,n/a,False,72.26055113483498,0.001470047776552738
Unripe,UnripeApple (231).jpg,0.556281887755102,n/a,False,81.02207048922251,0.41147176841501865
Unripe,UnripeApple (232).jpg,0.5569395727040817,n/a,False,81.2364237891804,0.4180712113079263
Unripe,UnripeApple (233).jpg,0.2090441645408163,n/a,False,70.13098733039244,0.1957288588044618
Unripe,UnripeApple (234).jpg,0.2442203443877551,n/a,False,70.22343645144805,0.17349436918557207
Unripe,UnripeApple (235).jpg,0.31630660076530615,n/a,False,73.38987171153654,0.13414403629260915
Unripe,UnripeApple (236).jpg,0.31564891581632654,n/a,False,73.48244747743922,0.13436039904028285
Unripe,UnripeApple (237).jpg,0.11421795280612244,n/a,False,32.18054022715575,0.05566218809980806
Unripe,UnripeApple (238).jpg,0.11405851403061225,n/a,False,32.210383982224734,0.055739996505329376
Unripe,UnripeApple (239).jpg,0.11780532525510204,n/a,False,53.87309180490295,0.15682625613263407
Unripe,UnripeApple (24).jpg,0.20685188137755103,n/a,False,64.51929240787278,0.04210424896425474
Unripe,UnripeApple (240).jpg,0.14606584821428573,n/a,False,53.93869967994084,0.20766816755355438
Unripe,UnripeApple (241).jpg,0.06798070790816327,n/a,True,43.426138198631556,0.021108179419525065
Unripe,UnripeApple (242).jpg,0.0684390943877551,n/a,True,43.477256774573625,0.010774606872451952
Unripe,UnripeApple (243).jpg,0.08826929209183673,n/a,True,29.99008121967856,0.008579814856626778
Unripe,UnripeApple (244).jpg,0.08890704719387756,n/a,True,30.02055542995214,0.021295673615781215
Unripe,UnripeApple (245).jpg,0.28260522959183676,n/a,False,63.08331442983829,0.15394922425952046
Unripe,UnripeApple (246).jpg,0.28280452806122447,n/a,False,63.198474427028145,0.0795630725863284
Unripe,UnripeApple (247).jpg,0.4676937181122449,n/a,False,82.16477279485521,0.508288234542123
Unripe,UnripeApple (248).jpg,0.5019132653061225,n/a,False,82.36184472270128,0.4756194409148666
Unripe,UnripeApple (249).jpg,0.22142059948979592,n/a,False,71.5931208668282,0.13114311431143114
Unripe,UnripeApple (25).jpg,0.3000438456632653,n/a,False,83.09718532646595,0.22803055463301228
Unripe,UnripeApple (250).jpg,0.23780293367346939,n/a,False,71.84380762745657,0.12898089171974522
Unripe,UnripeApple (251).jpg,0.0967594068877551,n/a,False,40.875254584513215,0.0010298661174047373
Unripe,UnripeApple (252).jpg,0.08824936224489796,n/a,True,40.96443242594301,0.001129177958446251
Unripe,UnripeApple (253).jpg,0.2296516262755102,n/a,False,84.2258101660194,0.49110474702768375
Unripe,UnripeApple (254).jpg,0.17946827168367346,n/a,False,84.36280575586004,0.49172681843420324
Unripe,UnripeApple (255).jpg,0.21667729591836735,n/a,False,52.066949077541985,0.32864238410596025
Unripe,UnripeApple (256).jpg,0.21705596301020408,n/a,False,52.133146798210625,0.33458819208520796
Unripe,UnripeApple (257).jpg,0.10158242984693877,n/a,False,46.55557780757724,0.13007651559741024
Unripe,UnripeApple (258).jpg,0.10190130739795919,n/a,False,46.604980380283415,0.12125953451985136
Unripe,UnripeApple (259).jpg,0.26151945153061223,n/a,False,53.93017191844745,0.4286694101508916
Unripe,UnripeApple (26).jpg,0.297054368622449,n/a,False,83.32580915888589,0.2309292183830929
Unripe,UnripeApple (260).jpg,0.38382892219387754,n/a,False,54.04949599062761,0.43911937276078716
Unripe,UnripeApple (261).jpg,0.22608418367346939,n/a,False,44.096952322485244,0.027767983074753172
Unripe,UnripeApple (262).jpg,0.22606425382653061,n/a,False,44.1513750787549,0.026536189720532486
Unripe,UnripeApple (263).jpg,0.1686065051020408,n/a,False,40.699341498260196,0.029787234042553193
Unripe,UnripeApple (264).jpg,0.17004145408163265,n/a,False,40.95160436333878,0.03129395218002813
Unripe,UnripeApple (265).jpg,0.09803491709183673,n/a,False,51.42632995852214,0.1522667208782273
Unripe,UnripeApple (266).jpg,0.11284279336734694,n/a,False,51.46827640814529,0.16072059342988343
Unripe,UnripeApple (267).jpg,0.17657844387755103,n/a,False,39.36077822607475,0.004627539503386005
Unripe,UnripeApple (268).jpg,0.1749641262755102,n/a,False,39.41516491998784,0.0021642556099783572
Unripe,UnripeApple (269).jpg,0.1585419323979592,n/a,False,58.363584010669484,0.024890006285355124
Unripe,UnripeApple (27).jpg,0.21434550382653061,n/a,False,75.73817365062553,0.10869363086936308
Unripe,UnripeApple (270).jpg,0.18178013392857142,n/a,False,58.354344083072654,0.047582501918649274
Unripe,UnripeApple (271).jpg,0.1923030931122449,n/a,False,56.88504847888436,0.18395688672401286
Unripe,UnripeApple (272).jpg,0.19234295280612246,n/a,False,56.93150617135084,0.1853693917728733
Unripe,UnripeApple (273).jpg,0.09018255739795919,n/a,True,63.05939218545274,0.06784530386740331
Unripe,UnripeApple (274).jpg,0.09271364795918367,n/a,True,63.134215142843466,0.08018056749785038
Unripe,UnripeApple (275).jpg,0.13586176658163265,n/a,False,68.66240930357243,0.046794777761478654
Unripe,UnripeApple (276).jpg,0.12408322704081633,n/a,False,68.75128916157507,0.05027304850626405
Unripe,UnripeApple (277).jpg,0.3165656887755102,n/a,False,72.855408128326,6.295643414756988e-05
Unripe,UnripeApple (278).jpg,0.3165656887755102,n/a,False,72.94761811856284,0.00018886930244270964
Unripe,UnripeApple (279).jpg,0.18622448979591838,n/a,False,63.634615650323035,0.04901541095890411
Unripe,UnripeApple (28).jpg,0.21430564413265307,n/a,False,76.04803188374308,0.1204315074862829
Unripe,UnripeApple (280).jpg,0.18558673469387754,n/a,False,63.74716491916998,0.051439003436426115
Unripe,UnripeApple (281).jpg,0.2610610650510204,n/a,False,103.68406910729045,0.10420642797160089
Unripe,UnripeApple (282).jpg,0.23509247448979592,n/a,False,103.76246196580941,0.030857917938284164
Unripe,UnripeApple (283).jpg,0.10726243622448979,n/a,False,66.0780090970951,0.15477517651430694
Unripe,UnripeApple (284).jpg,0.10797991071428571,n/a,False,66.30573194329766,0.16371354743447766
Unripe,UnripeApple (285).jpg,0.14353475765306123,n/a,False,60.759032977190664,0.1134407109136351
Unripe,UnripeApple (286).jpg,0.1298030931122449,n/a,False,60.81349067005348,0.11239060340856748
Unripe,UnripeApple (287).jpg,0.12334582270408163,n/a,False,67.19380008526859,0.15495233478752626
Unripe,UnripeApple (288).jpg,0.12352519132653061,n/a,False,67.23380713166058,0.1537592771861891
Unripe,UnripeApple (289).jpg,0.13438695790816327,n/a,False,49.17346963810389,0.01794453507340946
Unripe,UnripeApple (29).jpg,0.27537069515306123,n/a,False,79.34483505093989,0.0005066222769052616
Unripe,UnripeApple (290).jpg,0.13388871173469388,n/a,False,49.307665615949496,0.019053289669544508
Unripe,UnripeApple (291).jpg,0.12796954719387754,n/a,False,68.54820751961557,0.048279084254788975
Unripe,UnripeApple (292).jpg,0.12862723214285715,n/a,False,68.60478983008748,0.057483731019522775
Unripe,UnripeApple (293).jpg,0.18291613520408162,n/a,False,59.68571351226794,0.15101329265635213
Unripe,UnripeApple (294).jpg,0.1826969068877551,n/a,False,59.71864351834108,0.1506490673066434
Unripe,UnripeApple (295).jpg,0.16727120535714285,n/a,False,61.0092193259813,0.28726319552007623
Unripe,UnripeApple (296).jpg,0.169921875,n/a,False,61.1295942703483,0.3016654937837204
Unripe,UnripeApple (297).jpg,0.13628029336734693,n/a,False,68.8931524990024,0.0007312079555425563
Unripe,UnripeApple (298).jpg,0.13626036352040816,n/a,False,68.98175606691757,0.000585051923358198
Unripe,UnripeApple (299).jpg,0.13530373086734693,n/a,False,55.007625130329274,0.0011783767859773163
Unripe,UnripeApple (3).jpg,0.44529257015306123,n/a,False,94.8571684603346,0.3708096495546704
Unripe,UnripeApple (30).jpg,0.27341757015306123,n/a,False,79.59957818508174,0.0005102412712296814
Unripe,UnripeApple (300).jpg,0.13536352040816327,n/a,False,55.06068586613086,0.0007361601884570083
Unripe,UnripeApple (301).jpg,0.3125,n/a,False,63.29298301302229,0.065625
Unripe,UnripeApple (302).jpg,0.3119419642857143,n/a,False,63.421460481108205,0.06957577306414515
Unripe,UnripeApple (303).jpg,0.22462930484693877,n/a,False,38.981210813539256,0.0504835418330228
Unripe,UnripeApple (304).jpg,0.22237723214285715,n/a,False,39.050642725865714,0.05009858397562287
Unripe,UnripeApple (305).jpg,0.36947943239795916,n/a,False,81.84174820930717,0.33151734181994713
Unripe,UnripeApple (306).jpg,0.37490035076530615,n/a,False,81.89409900730624,0.3306044335760991
Unripe,UnripeApple (307).jpg,0.1387316645408163,n/a,False,70.70760059415362,0.28142508260307425
Unripe,UnripeApple (308).jpg,0.13920998086734693,n/a,False,70.66108061821889,0.3848246241947029
Unripe,UnripeApple (309).jpg,0.11993781887755102,n/a,False,74.2135002187978,0.09571286141575275
Unripe,UnripeApple (31).jpg,0.13616071428571427,n/a,False,77.49596438833727,0.06484192037470726
Unripe,UnripeApple (310).jpg,0.11983816964285714,n/a,False,74.36292468657776,0.09545983701979045
Unripe,UnripeApple (311).jpg,0.1317562181122449,n/a,False,86.63021554751589,0.10497655422780215
Unripe,UnripeApple (312).jpg,0.13819355867346939,n/a,False,86.72114913129046,0.12431496971445054
Unripe,UnripeApple (313).jpg,0.10435267857142858,n/a,False,30.36664274847925,0.038388082505729566
Unripe,UnripeApple (314).jpg,0.10419323979591837,n/a,False,30.3896245798483,0.028691660290742157
Unripe,UnripeApple (315).jpg,0.13135762117346939,n/a,False,74.85040533764071,0.09164011530875436
Unripe,UnripeApple (316).jpg,0.13145727040816327,n/a,False,74.92464539401631,0.09096422073984232
Unripe,UnripeApple (317).jpg,0.14604591836734693,n/a,False,67.25778796169278,0.23116812227074235
Unripe,UnripeApple (318).jpg,0.14522879464285715,n/a,False,67.38065776111075,0.2276657060518732
Unripe,UnripeApple (319).jpg,0.16826769770408162,n/a,False,56.66008163091718,0.0008290891863081842
Unripe,UnripeApple (32).jpg,0.1367984693877551,n/a,False,77.73109463964533,0.08187645687645688
Unripe,UnripeApple (320).jpg,0.1718152104591837,n/a,False,56.75022982501208,0.0012759540656536365
Unripe,UnripeApple (321).jpg,0.08057637117346939,n/a,True,54.973994296321855,0.008162255750680188
Unripe,UnripeApple (322).jpg,0.08065609056122448,n/a,True,55.09493395321011,0.00914257474672597
Unripe,UnripeApple (323).jpg,0.10140306122448979,n/a,False,54.79096275906963,0.19202044025157233
Unripe,UnripeApple (324).jpg,0.10126355229591837,n/a,False,54.92022610380036,0.17654005117102933
Unripe,UnripeApple (325).jpg,0.08882732780612244,n/a,True,56.83400417646331,0.0024680278214045323
Unripe,UnripeApple (326).jpg,0.08956473214285714,n/a,True,56.90605129708098,0.002892745883400089
Unripe,UnripeApple (327).jpg,0.16095344387755103,n/a,False,29.30961271420634,0.008791480931154037
Unripe,UnripeApple (328).jpg,0.16005660076530612,n/a,False,29.39527368304609,0.004358112314780227
Unripe,UnripeApple (329).jpg,0.16099330357142858,n/a,False,48.418093860905174,0.008170339192869523
Unripe,UnripeApple (33).jpg,0.2408721301020408,n/a,False,97.63399888558648,0.06337911633294721
Unripe,UnripeApple (330).jpg,0.16214923469387754,n/a,False,48.48981997695051,0.007620452310717798
Unripe,UnripeApple (331).jpg,0.16529815051020408,n/a,False,73.69253282077882,0.3267422232939474
Unripe,UnripeApple (332).jpg,0.16533801020408162,n/a,False,73.78431250329326,0.320274831243973
Unripe,UnripeApple (333).jpg,0.08143335459183673,n/a,True,36.98065183739258,0.3624571708272149
Unripe,UnripeApple (334).jpg,0.08318718112244898,n/a,True,36.9944026163294,0.34595112601820793
Unripe,UnripeApple (335).jpg,0.13410794005102042,n/a,False,94.8416485744084,0.0
Unripe,UnripeApple (336).jpg,0.13396843112244897,n/a,False,94.93605592465879,0.0
Unripe,UnripeApple (337).jpg,0.1776546556122449,n/a,False,41.973773722460756,0.21741081444918106
Unripe,UnripeApple (338).jpg,0.1905094068877551,n/a,False,42.03369872120163,0.22816194162569306
Unripe,UnripeApple (339).jpg,0.16220902423469388,n/a,False,48.195570807921875,0.09694065610025801
Unripe,UnripeApple (34).jpg,0.24168925382653061,n/a,False,97.65531019702762,0.06761771254226107
Unripe,UnripeApple (340).jpg,0.1621691645408163,n/a,False,48.29125459632852,0.1430502642251444
Unripe,UnripeApple (341).jpg,0.09606186224489796,n/a,False,57.27293195706064,0.04004149377593361
Unripe,UnripeApple (342).jpg,0.09422831632653061,n/a,False,57.32748314172286,0.03553299492385787
Unripe,UnripeApple (343).jpg,0.3018176020408163,n/a,False,67.44507679834538,0.40530903328050716
Unripe,UnripeApple (344).jpg,0.3957669005102041,n/a,False,67.59608767582131,0.4280894349884178
Unripe,UnripeApple (345).jpg,0.12218989158163265,n/a,False,63.79922720408001,0.07519164899690099
Unripe,UnripeApple (346).jpg,0.12151227678571429,n/a,False,63.90566381425063,0.07889125799573561
Unripe,UnripeApple (347).jpg,0.351741868622449,n/a,False,63.01415344857502,0.38070145617315426
Unripe,UnripeApple (348).jpg,0.34982860331632654,n/a,False,63.10101248878002,0.38773998746652993
Unripe,UnripeApple (349).jpg,0.19381776147959184,n/a,False,68.63820908026379,0.002159383033419023
Unripe,UnripeApple (35).jpg,0.19748485331632654,n/a,False,78.74669156498523,0.0003027550711474417
Unripe,UnripeApple (350).jpg,0.14325573979591838,n/a,False,68.85970605685996,0.0
Unripe,UnripeApple (351).jpg,0.14227917729591838,n/a,False,31.314829919209814,0.003501891021151422
Unripe,UnripeApple (352).jpg,0.14225924744897958,n/a,False,31.398961463234343,0.0004202857943401513
Unripe,UnripeApple (353).jpg,0.1231265943877551,n/a,False,57.72167329276232,0.0003237293622531564
Unripe,UnripeApple (354).jpg,0.1253388073979592,n/a,False,57.64471677477883,0.0
Unripe,UnripeApple (355).jpg,0.1253388073979592,n/a,False,57.64471677477883,0.0
Unripe,UnripeApple (356).jpg,0.1231265943877551,n/a,False,57.72167329276232,0.0003237293622531564
Unripe,UnripeApple (357).jpg,0.2654655612244898,n/a,False,86.36144113805797,0.01433933933933934
Unripe,UnripeApple (358).jpg,0.27694515306122447,n/a,False,86.45505318371615,0.016191709844559584
Unripe,UnripeApple (359).jpg,0.1766780931122449,n/a,False,42.077011803685856,0.0
Unripe,UnripeApple (36).jpg,0.19656808035714285,n/a,False,78.8117594638819,0.0002027780594139714
Unripe,UnripeApple (360).jpg,0.17568160076530612,n/a,False,42.13399947892782,0.0
Unripe,UnripeApple (361).jpg,0.1307796556122449,n/a,False,45.91416085341937,0.004114599207558671
Unripe,UnripeApple (362).jpg,0.13235411352040816,n/a,False,45.9939195222264,0.005420870350850776
Unripe,UnripeApple (363).jpg,0.28993941326530615,n/a,False,62.791258411838214,0.20690129227385207
Unripe,UnripeApple (364).jpg,0.2810108418367347,n/a,False,62.868423030961964,0.20319148936170212
Unripe,UnripeApple (365).jpg,0.17352917729591838,n/a,False,52.968978462415826,0.115654071436775
Unripe,UnripeApple (366).jpg,0.1650390625,n/a,False,53.011494015697075,0.11810167854123899
Unripe,UnripeApple (367).jpg,0.2332389987244898,n/a,False,66.41159152619925,0.0009399299324959412
Unripe,UnripeApple (368).jpg,0.23301977040816327,n/a,False,66.49324304927337,0.001111871365035922
Unripe,UnripeApple (369).jpg,0.14668367346938777,n/a,False,32.02463425571386,0.03804347826086957
Unripe,UnripeApple (37).jpg,0.2626355229591837,n/a,False,83.0598897695541,0.2542874487782668
Unripe,UnripeApple (370).jpg,0.14602598852040816,n/a,False,31.98489976096718,0.03452982120922615
Unripe,UnripeApple (371).jpg,0.14602598852040816,n/a,False,31.98489976096718,0.03452982120922615
Unripe,UnripeApple (372).jpg,0.14668367346938777,n/a,False,32.02463425571386,0.03804347826086957
Unripe,UnripeApple (373).jpg,0.26990991709183676,n/a,False,73.42278514364,0.12921804622314112
Unripe,UnripeApple (374).jpg,0.2644889987244898,n/a,False,73.59169973777797,0.12990731670559869
Unripe,UnripeApple (375).jpg,0.17201450892857142,n/a,False,52.779612870608105,0.026416405978449773
Unripe,UnripeApple (376).jpg,0.17769451530612246,n/a,False,52.86447974184847,0.027478689995513682
Unripe,UnripeApple (377).jpg,0.1317562181122449,n/a,False,51.80568800315772,0.35244289819996977
Unripe,UnripeApple (378).jpg,0.13050063775510204,n/a,False,51.97435938534167,0.34835064141722666
Unripe,UnripeApple (379).jpg,0.32461734693877553,n/a,False,62.12873844283973,0.3826743614931238
Unripe,UnripeApple (38).jpg,0.26223692602040816,n/a,False,83.12970216035632,0.25117799057607537
Unripe,UnripeApple (380).jpg,0.24418048469387754,n/a,False,62.36581762005273,0.38597779954293177
Unripe,UnripeApple (381).jpg,0.10586734693877552,n/a,False,61.274767781417665,0.0020707831325301206
Unripe,UnripeApple (382).jpg,0.08888711734693877,n/a,True,61.337807128714566,0.002242152466367713
Unripe,UnripeApple (383).jpg,0.4219547193877551,n/a,False,62.40729864002594,0.0
Unripe,UnripeApple (384).jpg,0.4237085459183674,n/a,False,62.45672433651686,0.0
Unripe,UnripeApple (385).jpg,0.15220424107142858,n/a,False,82.60406438924245,0.004452009951551657
Unripe,UnripeApple (386).jpg,0.15208466198979592,n/a,False,82.6978179076844,0.004324465993971956
Unripe,UnripeApple (387).jpg,0.45033482142857145,n/a,False,34.02350502078931,0.0017259691980881571
Unripe,UnripeApple (388).jpg,0.4299465880102041,n/a,False,34.01528617757948,0.0012979186946646272
Unripe,UnripeApple (389).jpg,0.277523118622449,n/a,False,40.122114168988304,7.181328545780969e-05
Unripe,UnripeApple (39).jpg,0.18753985969387754,n/a,False,90.08182473357276,0.01179596174282678
Unripe,UnripeApple (390).jpg,0.28525589923469385,n/a,False,40.12015344498558,0.012436246768671836
Unripe,UnripeApple (391).jpg,0.1583625637755102,n/a,False,85.3117959039489,0.13969292725899823
Unripe,UnripeApple (392).jpg,0.15774473852040816,n/a,False,85.42552894693456,0.14478837650031587
Unripe,UnripeApple (393).jpg,0.5594108737244898,n/a,False,58.954761607757256,0.023157219708575295
Unripe,UnripeApple (394).jpg,0.5696747448979592,n/a,False,59.00913652243853,0.021235656311223063
Unripe,UnripeApple (395).jpg,0.2622169961734694,n/a,False,56.61733899867022,0.1723037166527324
Unripe,UnripeApple (396).jpg,0.2627551020408163,n/a,False,56.743421158136414,0.1742263349514563
Unripe,UnripeApple (397).jpg,0.332828443877551,n/a,False,48.31841613390734,0.05287425149700599
Unripe,UnripeApple (398).jpg,0.33266900510204084,n/a,False,48.354999598071494,0.05020369039060628
Unripe,UnripeApple (399).jpg,0.11232461734693877,n/a,False,49.58881963414604,0.3772178850248403
Unripe,UnripeApple (4).jpg,0.4497767857142857,n/a,False,95.31328424172436,0.37650655795817084
Unripe,UnripeApple (40).jpg,0.18769929846938777,n/a,False,90.17141471279557,0.015714589084731365
Unripe,UnripeApple (400).jpg,0.11166693239795919,n/a,False,49.65926128124757,0.37354988399071926
Unripe,UnripeApple (401).jpg,0.08545918367346939,n/a,True,50.56407310851413,0.18959888059701493
Unripe,UnripeApple (402).jpg,0.08587771045918367,n/a,True,50.64878984068929,0.20074263170109075
Unripe,UnripeApple (403).jpg,0.08346619897959184,n/a,True,56.75534230150603,0.004297994269340974
Unripe,UnripeApple (404).jpg,0.0836654974489796,n/a,True,56.76231741580657,0.0026202953787517864
Unripe,UnripeApple (405).jpg,0.2499402104591837,n/a,False,47.332579838263456,0.37939558248943467
Unripe,UnripeApple (406).jpg,0.2471500318877551,n/a,False,47.39966615139144,0.3726312394161761
Unripe,UnripeApple (407).jpg,0.1809032206632653,n/a,False,50.27633357957222,0.01520326098931365
Unripe,UnripeApple (408).jpg,0.18168048469387754,n/a,False,50.41503791623503,0.015906099166301008
Unripe,UnripeApple (409).jpg,0.14732142857142858,n/a,False,22.534972256803012,0.0005411255411255411
Unripe,UnripeApple (41).jpg,0.1483577806122449,n/a,False,84.02717702190256,0.21883396023643203
Unripe,UnripeApple (410).jpg,0.14628507653061223,n/a,False,22.537351146730312,0.00040871934604904634
Unripe,UnripeApple (411).jpg,0.10730229591836735,n/a,False,56.57416989366746,0.0005572065378900445
Unripe,UnripeApple (412).jpg,0.10815927933673469,n/a,False,56.58309367605716,0.0
Unripe,UnripeApple (413).jpg,0.1935985331632653,n/a,False,27.801774301816025,0.04344245418982911
Unripe,UnripeApple (414).jpg,0.19242267219387754,n/a,False,27.85423963344394,0.05416882444329363
Unripe,UnripeApple (415).jpg,0.21043925382653061,n/a,False,21.922455737484555,0.020930012311771946
Unripe,UnripeApple (416).jpg,0.21107700892857142,n/a,False,21.935944903605645,0.027098479841374753
Unripe,UnripeApple (417).jpg,0.12968351403061223,n/a,False,60.980129789095635,0.05732288304902413
Unripe,UnripeApple (418).jpg,0.1293048469387755,n/a,False,61.12033396849203,0.05456226880394575
Unripe,UnripeApple (419).jpg,0.21243223852040816,n/a,False,48.52054375449759,0.20517872220658598
Unripe,UnripeApple (42).jpg,0.1493542729591837,n/a,False,84.13617460009903,0.2139044568988524
Unripe,UnripeApple (420).jpg,0.2132294323979592,n/a,False,48.65219391270106,0.20534629404617255
Unripe,UnripeApple (421).jpg,0.1634845344387755,n/a,False,61.104507535576715,0.316347677678898
Unripe,UnripeApple (422).jpg,0.16360411352040816,n/a,False,61.33890360428805,0.3117310269216713
Unripe,UnripeApple (423).jpg,0.17512356505102042,n/a,False,73.36493297501039,0.0831910777284625
Unripe,UnripeApple (424).jpg,0.17432637117346939,n/a,False,73.4333086800989,0.10472161884074539
Unripe,UnripeApple (425).jpg,0.257991868622449,n/a,False,77.50011518277778,0.07137891077636153
Unripe,UnripeApple (426).jpg,0.30570392219387754,n/a,False,77.63980237665841,0.05769606884412282
Unripe,UnripeApple (427).jpg,0.3204320790816326,n/a,False,59.87265354934914,0.0006219679064560268
Unripe,UnripeApple (428).jpg,0.3208506058673469,n/a,False,59.95801644157317,0.0004969252748617927
Unripe,UnripeApple (429).jpg,0.20651307397959184,n/a,False,72.92361966737742,0.030978575564562825
Unripe,UnripeApple (43).jpg,0.13279257015306123,n/a,False,83.14980363145963,0.279903947170944
Unripe,UnripeApple (430).jpg,0.20984135841836735,n/a,False,73.06244683924204,0.024788678886883846
Unripe,UnripeApple (431).jpg,0.16208944515306123,n/a,False,68.98177688341302,0.0
Unripe,UnripeApple (432).jpg,0.16220902423469388,n/a,False,69.14120458300422,0.0
Unripe,UnripeApple (433).jpg,0.4036391900510204,n/a,False,49.27844791137844,0.06724929640053326
Unripe,UnripeApple (434).jpg,0.3997130102040816,n/a,False,49.37280045633093,0.07135021938571999
Unripe,UnripeApple (435).jpg,0.1923230229591837,n/a,False,42.350153673656884,0.003523316062176166
Unripe,UnripeApple (436).jpg,0.19304049744897958,n/a,False,42.41007473016703,0.003303737352880446
Unripe,UnripeApple (437).jpg,0.12886639030612246,n/a,False,79.36540118754158,0.1071759975255181
Unripe,UnripeApple (438).jpg,0.13396843112244897,n/a,False,79.45883411148601,0.08018446890806308
Unripe,UnripeApple (439).jpg,0.36806441326530615,n/a,False,44.152205244570986,0.28303010612952134
Unripe,UnripeApple (44).jpg,0.13249362244897958,n/a,False,83.2444636786336,0.2785800240673887
Unripe,UnripeApple (440).jpg,0.37071508290816324,n/a,False,44.237593868268185,0.3083705177141014
Unripe,UnripeApple (441).jpg,0.19102758290816327,n/a,False,51.4079350061325,0.0
Unripe,UnripeApple (442).jpg,0.18183992346938777,n/a,False,51.380188612947016,0.0
Unripe,UnripeApple (443).jpg,0.18183992346938777,n/a,False,51.380188612947016,0.0
Unripe,UnripeApple (444).jpg,0.19102758290816327,n/a,False,51.4079350061325,0.0
Unripe,UnripeApple (445).jpg,0.197265625,n/a,False,62.41157817008381,0.2909678722974338
Unripe,UnripeApple (446).jpg,0.20242745535714285,n/a,False,62.49827467977295,0.2809884808506449
Unripe,UnripeApple (447).jpg,0.21014030612244897,n/a,False,53.42010749099776,0.07132018209408195
Unripe,UnripeApple (448).jpg,0.21063855229591838,n/a,False,53.64079421196402,0.06925915413000285
Unripe,UnripeApple (449).jpg,0.33296795280612246,n/a,False,53.05092066937713,0.10091578380319627
Unripe,UnripeApple (45).jpg,0.2272999043367347,n/a,False,87.84245163332805,0.3757124068391057
Unripe,UnripeApple (450).jpg,0.33340640943877553,n/a,False,53.21393780697884,0.1116623826887441
Unripe,UnripeApple (451).jpg,0.20139110331632654,n/a,False,78.09188572637385,0.17595249876298863
Unripe,UnripeApple (452).jpg,0.2799744897959184,n/a,False,78.54114766615987,0.11140375854214123
Unripe,UnripeApple (453).jpg,0.3042091836734694,n/a,False,64.87035875427739,0.21953616352201258
Unripe,UnripeApple (454).jpg,0.30369100765306123,n/a,False,64.98235069075213,0.19333245832786455
Unripe,UnripeApple (455).jpg,0.23553093112244897,n/a,False,63.358309630539594,0.004484684379759689
Unripe,UnripeApple (456).jpg,0.22706074617346939,n/a,False,63.47547919733003,0.001053278328798385
Unripe,UnripeApple (457).jpg,0.07720822704081633,n/a,True,53.75469953260146,0.14894166236448117
Unripe,UnripeApple (458).jpg,0.07774633290816327,n/a,True,53.78179305255583,0.18636247116124072
Unripe,UnripeApple (459).jpg,0.2576929209183674,n/a,False,41.21045491879052,0.0060324825986078886
Unripe,UnripeApple (46).jpg,0.17330994897959184,n/a,False,88.04219896353725,0.4163983440662373
Unripe,UnripeApple (460).jpg,0.2578722895408163,n/a,False,41.252872598938204,0.005023572146224592
Unripe,UnripeApple (461).jpg,0.1394889987244898,n/a,False,58.65052094793642,0.07958279754250608
Unripe,UnripeApple (462).jpg,0.1382732780612245,n/a,False,58.7500994411894,0.0684635341597002
Unripe,UnripeApple (463).jpg,0.427913743622449,n/a,False,59.39907029328674,0.010712123329141633
Unripe,UnripeApple (464).jpg,0.42771444515306123,n/a,False,59.45732935708316,0.008527095661898328
Unripe,UnripeApple (465).jpg,0.11639030612244898,n/a,False,75.21048484842804,0.1488013698630137
Unripe,UnripeApple (466).jpg,0.11643016581632654,n/a,False,75.27753579826502,0.15200273878808626
Unripe,UnripeApple (467).jpg,0.17775430484693877,n/a,False,40.487321742252085,0.006278730799416975
Unripe,UnripeApple (468).jpg,0.1787109375,n/a,False,40.536188963705825,0.005910560945689751
Unripe,UnripeApple (469).jpg,0.1319156568877551,n/a,False,61.75197232414818,0.058165886085511403
Unripe,UnripeApple (47).jpg,0.37747130102040816,n/a,False,89.9798619726887,0.1946673706441394
Unripe,UnripeApple (470).jpg,0.13323102678571427,n/a,False,61.816075338043994,0.05983545250560957
Unripe,UnripeApple (471).jpg,0.24125079719387754,n/a,False,79.05262001788475,0.2506402313093763
Unripe,UnripeApple (472).jpg,0.24262595663265307,n/a,False,79.28143887634039,0.2548053228191227
Unripe,UnripeApple (473).jpg,0.12503985969387754,n/a,False,43.94297865606442,0.0763468281797896
Unripe,UnripeApple (474).jpg,0.11772560586734694,n/a,False,44.003943645183064,0.06856272219400711
Unripe,UnripeApple (475).jpg,0.19300063775510204,n/a,False,51.9801204174669,0.04409334985543164
Unripe,UnripeApple (476).jpg,0.11728714923469388,n/a,False,52.0435613990579,0.015293118096856415
Unripe,UnripeApple (477).jpg,0.2224968112244898,n/a,False,66.10236591521858,0.055087782156932996
Unripe,UnripeApple (478).jpg,0.2254264987244898,n/a,False,66.30339843761722,0.05242684112810538
Unripe,UnripeApple (479).jpg,0.2797353316326531,n/a,False,56.802357312619485,0.30250783699059564
Unripe,UnripeApple (48).jpg,0.39781967474489793,n/a,False,90.21029551816075,0.1913731776965082
Unripe,UnripeApple (480).jpg,0.27756297831632654,n/a,False,56.85851627005945,0.30566525454153803
Unripe,UnripeApple (481).jpg,0.26283482142857145,n/a,False,66.82905556971976,0.00045495905368516835
Unripe,UnripeApple (482).jpg,0.26297433035714285,n/a,False,67.02263614412995,0.0002273588480485032
Unripe,UnripeApple (483).jpg,0.1304607780612245,n/a,False,38.88341303036382,0.05850901313779407
Unripe,UnripeApple (484).jpg,0.1310188137755102,n/a,False,38.886266370708604,0.04228780042592029
Unripe,UnripeApple (485).jpg,0.3347217793367347,n/a,False,66.12337480936164,0.30128014289967253
Unripe,UnripeApple (486).jpg,0.3353794642857143,n/a,False,66.48111634735771,0.2928452579034942
Unripe,UnripeApple (487).jpg,0.15838249362244897,n/a,False,60.260528544447965,0.004655844972945766
Unripe,UnripeApple (488).jpg,0.1585419323979592,n/a,False,60.422864014988704,0.001508485229415462
Unripe,UnripeApple (489).jpg,0.22951211734693877,n/a,False,80.9661127234419,0.0763285863146926
Unripe,UnripeApple (49).jpg,0.17510363520408162,n/a,False,39.65851259474143,0.010357386751650353
Unripe,UnripeApple (490).jpg,0.2528698979591837,n/a,False,81.17923876456966,0.07865699873896595
Unripe,UnripeApple (491).jpg,0.18070392219387754,n/a,False,37.02508042957146,0.2683357229513621
Unripe,UnripeApple (492).jpg,0.1805046237244898,n/a,False,37.0239735087083,0.2628905818703765
Unripe,UnripeApple (493).jpg,0.08751195790816327,n/a,True,85.91555227418523,0.011386927806877705
Unripe,UnripeApple (494).jpg,0.08605707908163265,n/a,True,86.13715790591345,0.006716072255673923
Unripe,UnripeApple (495).jpg,0.2128308354591837,n/a,False,45.13411132364098,0.06901395261728627
Unripe,UnripeApple (496).jpg,0.21340880102040816,n/a,False,45.145680781504154,0.06331714605902129
Unripe,UnripeApple (497).jpg,0.1338488520408163,n/a,False,52.595803091153975,0.20026801667659322
Unripe,UnripeApple (498).jpg,0.13360969387755103,n/a,False,52.625655302325434,0.20002983293556087
Unripe,UnripeApple (499).jpg,0.2531887755102041,n/a,False,67.44630298286535,0.2278022670025189
Unripe,UnripeApple (5).jpg,0.31345663265306123,n/a,False,37.59593484290249,0.10077568667344863
Unripe,UnripeApple (50).jpg,0.17502391581632654,n/a,False,39.736514787046026,0.01776360737872922
Unripe,UnripeApple (500).jpg,0.26070232780612246,n/a,False,67.64017654088003,0.23446219707973395
Unripe,UnripeApple (501).jpg,0.21928810586734693,n/a,False,52.05338909053713,0.49740979732800145
Unripe,UnripeApple (502).jpg,0.2177136479591837,n/a,False,52.21247704936206,0.4892896374954229
Unripe,UnripeApple (503).jpg,0.1639030612244898,n/a,False,41.47403504858099,0.5368433852140078
Unripe,UnripeApple (504).jpg,0.16364397321428573,n/a,False,41.604721153750454,0.5329436122274996
Unripe,UnripeApple (505).jpg,0.3428332270408163,n/a,False,73.60866662863125,0.13132193930938263
Unripe,UnripeApple (506).jpg,0.34371014030612246,n/a,False,73.7096837454298,0.15226719239243883
Unripe,UnripeApple (507).jpg,0.3666493941326531,n/a,False,49.8215953728149,0.46480404413763116
Unripe,UnripeApple (508).jpg,0.2580516581632653,n/a,False,49.92048806480861,0.3946555452579549
Unripe,UnripeApple (509).jpg,0.3173030931122449,n/a,False,50.51322587900656,0.3815086992023114
Unripe,UnripeApple (51).jpg,0.12248883928571429,n/a,False,56.65655706471612,0.14513504718516107
Unripe,UnripeApple (510).jpg,0.3277064732142857,n/a,False,50.58518298025786,0.4021772182691723
Unripe,UnripeApple (511).jpg,0.17169563137755103,n/a,False,44.72391301440779,0.24434126523505514
Unripe,UnripeApple (512).jpg,0.16322544642857142,n/a,False,45.09965118220193,0.22612942612942613
Unripe,UnripeApple (513).jpg,0.14560746173469388,n/a,False,33.393296668931406,0.08527237886668491
Unripe,UnripeApple (514).jpg,0.1463249362244898,n/a,False,33.53181878843986,0.08866793789158267
Unripe,UnripeApple (515).jpg,0.27321827168367346,n/a,False,40.63897585663787,0.14822379458749727
Unripe,UnripeApple (516).jpg,0.2839205994897959,n/a,False,40.74986210250295,0.17296083111048716
Unripe,UnripeApple (517).jpg,0.22514748086734693,n/a,False,46.038915221752575,0.5428874922545809
Unripe,UnripeApple (518).jpg,0.22757892219387754,n/a,False,46.12294256760429,0.5335843769156668
Unripe,UnripeApple (519).jpg,0.39389349489795916,n/a,False,38.87165712259419,0.3300445253997167
Unripe,UnripeApple (52).jpg,0.12248883928571429,n/a,False,56.89043971809729,0.1480637813211845
Unripe,UnripeApple (520).jpg,0.39455117984693877,n/a,False,38.92643743091785,0.3362630701621458
Unripe,UnripeApple (521).jpg,0.3248764349489796,n/a,False,40.84744191563413,0.18324029200662537
Unripe,UnripeApple (522).jpg,0.32509566326530615,n/a,False,41.01269498914019,0.19280284453163316
Unripe,UnripeApple (523).jpg,0.18917410714285715,n/a,False,36.5355089910388,0.264433206911083
Unripe,UnripeApple (524).jpg,0.18738042091836735,n/a,False,36.5988028466764,0.25196766645394597
Unripe,UnripeApple (525).jpg,0.378726881377551,n/a,False,38.678097975872966,0.34226174814502974
Unripe,UnripeApple (526).jpg,0.3627431441326531,n/a,False,38.730559626061144,0.323278940717543
Unripe,UnripeApple (527).jpg,0.2105389030612245,n/a,False,58.08458360160957,0.6527830367285119
Unripe,UnripeApple (528).jpg,0.21342873086734693,n/a,False,58.23448369006519,0.6394621346530955
Unripe,UnripeApple (529).jpg,0.38351004464285715,n/a,False,63.24202431266434,0.2504287273294185
Unripe,UnripeApple (53).jpg,0.2342155612244898,n/a,False,45.69187841152785,0.051820966643975494
Unripe,UnripeApple (530).jpg,0.38392857142857145,n/a,False,63.39212536796983,0.23982558139534885
Unripe,UnripeApple (531).jpg,0.27841996173469385,n/a,False,57.10378905074011,0.42297780959198283
Unripe,UnripeApple (532).jpg,0.2786391900510204,n/a,False,57.24663936166788,0.4006866461626493
Unripe,UnripeApple (533).jpg,0.21876992984693877,n/a,False,49.01042542165448,0.16051744556800582
Unripe,UnripeApple (534).jpg,0.21609933035714285,n/a,False,49.198882559551926,0.1666512957668542
Unripe,UnripeApple (535).jpg,0.2392578125,n/a,False,42.49453241410952,0.5649312786339026
Unripe,UnripeApple (536).jpg,0.1446906887755102,n/a,False,42.572341599342764,0.34421487603305784
Unripe,UnripeApple (537).jpg,0.10784040178571429,n/a,False,50.773695947385306,0.5296618000369617
Unripe,UnripeApple (538).jpg,0.10764110331632654,n/a,False,50.84745317671735,0.5374930568413256
Unripe,UnripeApple (539).jpg,0.21625876913265307,n/a,False,52.77373583267242,0.44558105243756335
Unripe,UnripeApple (54).jpg,0.2342155612244898,n/a,False,45.764178619382356,0.05122532334921715
Unripe,UnripeApple (540).jpg,0.2160594706632653,n/a,False,52.806962766948935,0.44470067336961533
Unripe,UnripeApple (541).jpg,0.12099410076530612,n/a,False,62.83755623161352,0.2813375061769066
Unripe,UnripeApple (542).jpg,0.12119339923469388,n/a,False,62.91555015278977,0.22167406676533466
Unripe,UnripeApple (543).jpg,0.17542251275510204,n/a,False,65.81037938438722,0.4110429447852761
Unripe,UnripeApple (544).jpg,0.16858657525510204,n/a,False,66.05800632564119,0.39874689679631165
Unripe,UnripeApple (545).jpg,0.11535395408163265,n/a,False,39.79381612151488,0.4317553559087768
Unripe,UnripeApple (546).jpg,0.11415816326530612,n/a,False,39.88186211103462,0.4439594972067039
Unripe,UnripeApple (547).jpg,0.10489078443877552,n/a,False,66.07539879569411,0.5415162454873647
Unripe,UnripeApple (548).jpg,0.10397401147959184,n/a,False,66.23027979645403,0.5367069196856431
Unripe,UnripeApple (549).jpg,0.15798389668367346,n/a,False,58.000345001710436,0.22215213826163743
Unripe,UnripeApple (55).jpg,0.24938217474489796,n/a,False,58.206455786721506,0.25701270678494365
Unripe,UnripeApple (550).jpg,0.16942362882653061,n/a,False,58.22844951515872,0.25914598282554996
Unripe,UnripeApple (551).jpg,0.19200414540816327,n/a,False,54.465094690307815,0.257006435540793
Unripe,UnripeApple (552).jpg,0.19228316326530612,n/a,False,54.7385147290133,0.26046849087893864
Unripe,UnripeApple (553).jpg,0.23433514030612246,n/a,False,56.75941083179899,0.0774791631229801
Unripe,UnripeApple (554).jpg,0.23447464923469388,n/a,False,56.83306338875409,0.08083297917552061
Unripe,UnripeApple (555).jpg,0.11503507653061225,n/a,False,52.05954450304864,0.015246015246015246
Unripe,UnripeApple (556).jpg,0.11469626913265306,n/a,False,52.22180359474962,0.01998262380538662
Unripe,UnripeApple (557).jpg,0.21233258928571427,n/a,False,90.72630197136046,0.11188286089731556
Unripe,UnripeApple (558).jpg,0.2053172831632653,n/a,False,90.81741411290618,0.09629198213939041
Unripe,UnripeApple (559).jpg,0.18580596301020408,n/a,False,76.37884912303728,0.15263327255175374
Unripe,UnripeApple (56).jpg,0.24920280612244897,n/a,False,58.37638963231194,0.25759756877799106
Unripe,UnripeApple (560).jpg,0.23327885841836735,n/a,False,76.64493614158893,0.16061512174284495
Unripe,UnripeApple (561).jpg,0.18700175382653061,n/a,False,62.45314933913924,0.5492912714483641
Unripe,UnripeApple (562).jpg,0.18738042091836735,n/a,False,62.339308005546535,0.5643480110614763
Unripe,UnripeApple (563).jpg,0.18738042091836735,n/a,False,62.339308005546535,0.5643480110614763
Unripe,UnripeApple (564).jpg,0.18700175382653061,n/a,False,62.45314933913924,0.5492912714483641
Unripe,UnripeApple (565).jpg,0.09671954719387756,n/a,False,72.82423249424046,0.053987224397280036
Unripe,UnripeApple (566).jpg,0.09759646045918367,n/a,False,73.02821884417806,0.054931590769859096
Unripe,UnripeApple (567).jpg,0.4169921875,n/a,False,58.69730512758064,0.3301629785403623
Unripe,UnripeApple (568).jpg,0.4173110650510204,n/a,False,58.80515029474094,0.3082764219876785
Unripe,UnripeApple (569).jpg,0.1730110012755102,n/a,False,40.3970366022001,0.5381868448335445
Unripe,UnripeApple (57).jpg,0.0905014349489796,n/a,True,90.84211285815208,0.14886588857079938
Unripe,UnripeApple (570).jpg,0.17546237244897958,n/a,False,40.48213805593875,0.5264652430713312
Unripe,UnripeApple (571).jpg,0.19407684948979592,n/a,False,47.73295070991478,0.29924009036763194
Unripe,UnripeApple (572).jpg,0.1929607780612245,n/a,False,47.85861942603554,0.3122288783309234
Unripe,UnripeApple (573).jpg,0.31076610331632654,n/a,False,37.42016965115844,0.7495029821073559
Unripe,UnripeApple (574).jpg,0.3149513711734694,n/a,False,37.48035689656067,0.7625134468138961
Unripe,UnripeApple (575).jpg,0.14700255102040816,n/a,False,33.32998761133588,0.8005694143167028
Unripe,UnripeApple (576).jpg,0.1468231823979592,n/a,False,33.41575462340159,0.8383331070992263
Unripe,UnripeApple (577).jpg,0.12083466198979592,n/a,False,37.24874182370842,0.5215239980207818
Unripe,UnripeApple (578).jpg,0.11601163903061225,n/a,False,37.39492984926091,0.5069575674282769
Unripe,UnripeApple (579).jpg,0.18488919005102042,n/a,False,50.55524587058673,0.2129998922065323
Unripe,UnripeApple (58).jpg,0.08374521683673469,n/a,True,90.95118949010076,0.14231318419800096
Unripe,UnripeApple (580).jpg,0.1846301020408163,n/a,False,50.72107319632457,0.19160189982728842
Unripe,UnripeApple (581).jpg,0.25059789540816324,n/a,False,55.80212359795997,0.48298075393669476
Unripe,UnripeApple (582).jpg,0.24762834821428573,n/a,False,56.146750378323794,0.44837022132796783
Unripe,UnripeApple (583).jpg,0.20735012755102042,n/a,False,44.69002615040728,0.23548635140330643
Unripe,UnripeApple (584).jpg,0.1594188456632653,n/a,False,44.89166720426909,0.2826603325415677
Unripe,UnripeApple (585).jpg,0.3121811224489796,n/a,False,50.128560071686046,0.44209652706843716
Unripe,UnripeApple (586).jpg,0.3121811224489796,n/a,False,50.64610396003854,0.42134831460674155
Unripe,UnripeApple (587).jpg,0.10604671556122448,n/a,False,55.63702932241114,0.3722984401428303
Unripe,UnripeApple (588).jpg,0.10744180484693877,n/a,False,56.194611042672996,0.3698757187905769
Unripe,UnripeApple (589).jpg,0.13498485331632654,n/a,False,67.42704325998078,0.5591318470397165
Unripe,UnripeApple (59).jpg,0.16109295280612246,n/a,False,54.96290652272622,0.1568724483483855
Unripe,UnripeApple (590).jpg,0.13374920280612246,n/a,False,67.63794949094124,0.5565489494859186
Unripe,UnripeApple (591).jpg,0.09612165178571429,n/a,False,44.780341803405086,0.6093717603151565
Unripe,UnripeApple (592).jpg,0.09412866709183673,n/a,False,44.911751834854435,0.6163455430870209
Unripe,UnripeApple (593).jpg,0.12348533163265306,n/a,False,43.13967439704758,0.41881859264041316
Unripe,UnripeApple (594).jpg,0.10752152423469388,n/a,False,43.65354554306847,0.4544949026876738
Unripe,UnripeApple (595).jpg,0.22610411352040816,n/a,False,52.245144368012255,0.5290436315557514
Unripe,UnripeApple (596).jpg,0.22626355229591838,n/a,False,52.40083181423723,0.4626090020258962
Unripe,UnripeApple (597).jpg,0.32310267857142855,n/a,False,59.10140456259624,0.19818652849740934
Unripe,UnripeApple (598).jpg,0.32186702806122447,n/a,False,59.16495134159894,0.2721981424148607
Unripe,UnripeApple (599).jpg,0.25352758290816324,n/a,False,69.54233710232563,0.37866519927678643
Unripe,UnripeApple (6).jpg,0.31521045918367346,n/a,False,37.61245381614311,0.10723318158826504
Unripe,UnripeApple (60).jpg,0.16157126913265307,n/a,False,55.123869162929246,0.15295423707906747
Unripe,UnripeApple (600).jpg,0.25077726403061223,n/a,False,69.14934152508913,0.3463403004053088
Unripe,UnripeApple (601).jpg,0.25077726403061223,n/a,False,69.14934152508913,0.3463403004053088
Unripe,UnripeApple (602).jpg,0.25352758290816324,n/a,False,69.54233710232563,0.37866519927678643
Unripe,UnripeApple (603).jpg,0.28445870535714285,n/a,False,46.352054178770125,0.5762628739578225
Unripe,UnripeApple (604).jpg,0.2653260522959184,n/a,False,46.23322846310729,0.5695936302861865
Unripe,UnripeApple (605).jpg,0.2653260522959184,n/a,False,46.23322846310729,0.5695936302861865
Unripe,UnripeApple (606).jpg,0.28445870535714285,n/a,False,46.352054178770125,0.5762628739578225
Unripe,UnripeApple (607).jpg,0.2392578125,n/a,False,39.97836844734438,0.33802582257392755
Unripe,UnripeApple (608).jpg,0.25119579081632654,n/a,False,40.02183994193667,0.30633132338940017
Unripe,UnripeApple (609).jpg,0.2086455676020408,n/a,False,48.90892091316351,0.2149202407106696
Unripe,UnripeApple (61).jpg,0.10046635841836735,n/a,False,72.7030431244794,0.21801229914699463
Unripe,UnripeApple (610).jpg,0.17645886479591838,n/a,False,49.03893507954488,0.19990964535803027
Unripe,UnripeApple (611).jpg,0.44864078443877553,n/a,False,38.64459714690513,0.06712273999378082
Unripe,UnripeApple (612).jpg,0.47953204719387754,n/a,False,38.660046672680515,0.07015502265076265
Unripe,UnripeApple (613).jpg,0.18913424744897958,n/a,False,56.898092934396374,0.0577449947312961
Unripe,UnripeApple (614).jpg,0.18999123086734693,n/a,False,57.204153535093326,0.058009021294450853
Unripe,UnripeApple (615).jpg,0.18062420280612246,n/a,False,55.03716864927032,0.6600463422707713
Unripe,UnripeApple (616).jpg,0.18104272959183673,n/a,False,55.150194982481054,0.555372082782915
Unripe,UnripeApple (617).jpg,0.17809311224489796,n/a,False,48.050971456887034,0.21183974932855865
Unripe,UnripeApple (618).jpg,0.17875079719387754,n/a,False,48.27304272717845,0.20225220202921174
Unripe,UnripeApple (619).jpg,0.11924027423469388,n/a,False,70.05863197714348,0.027410997827177
Unripe,UnripeApple (62).jpg,0.10140306122448979,n/a,False,73.08695256031815,0.22877358490566038
Unripe,UnripeApple (620).jpg,0.12352519132653061,n/a,False,70.452948169787,0.016456921587608905
Unripe,UnripeApple (621).jpg,0.22307477678571427,n/a,False,54.72674392696024,0.1541141785044224
Unripe,UnripeApple (622).jpg,0.22433035714285715,n/a,False,55.00264134537709,0.15085287846481876
Unripe,UnripeApple (623).jpg,0.22163982780612246,n/a,False,54.238320386526,0.058268141354194766
Unripe,UnripeApple (624).jpg,0.22472895408163265,n/a,False,54.47382221112898,0.0593295494856332
Unripe,UnripeApple (625).jpg,0.13295200892857142,n/a,False,52.71523901111499,0.3252885624344176
Unripe,UnripeApple (626).jpg,0.1334502551020408,n/a,False,52.94145327879139,0.3257168458781362
Unripe,UnripeApple (627).jpg,0.12888632015306123,n/a,False,78.69394779153937,0.0974176588835627
Unripe,UnripeApple (628).jpg,0.10516980229591837,n/a,False,78.86205077406218,0.1226075421641084
Unripe,UnripeApple (629).jpg,0.23210299744897958,n/a,False,50.454148822953236,0.43293834793061997
Unripe,UnripeApple (63).jpg,0.2539859693877551,n/a,False,80.80190208788103,0.006198995605775266
Unripe,UnripeApple (630).jpg,0.23387675382653061,n/a,False,50.53209118328591,0.4365573072006817
Unripe,UnripeApple (631).jpg,0.27640704719387754,n/a,False,31.739225673579398,0.4813613093950537
Unripe,UnripeApple (632).jpg,0.27487244897959184,n/a,False,31.765871010893736,0.4925319025522042
Unripe,UnripeApple (633).jpg,0.15184550382653061,n/a,False,43.0089120916462,0.4713216957605985
Unripe,UnripeApple (634).jpg,0.15182557397959184,n/a,False,42.87415179530558,0.4807035967445524
Unripe,UnripeApple (635).jpg,0.15182557397959184,n/a,False,42.87415179530558,0.4807035967445524
Unripe,UnripeApple (636).jpg,0.15184550382653061,n/a,False,43.0089120916462,0.4713216957605985
Unripe,UnripeApple (637).jpg,0.21918845663265307,n/a,False,60.99407209778858,0.6321149299872704
Unripe,UnripeApple (638).jpg,0.2199657206632653,n/a,False,61.149528830787254,0.6223611488629156
Unripe,UnripeApple (639).jpg,0.3229233099489796,n/a,False,62.22926205386944,0.4057890514102327
Unripe,UnripeApple (64).jpg,0.2538265306122449,n/a,False,81.01804324628489,0.006124371859296482
Unripe,UnripeApple (640).jpg,0.32655054209183676,n/a,False,62.374067880549966,0.4072627403112603
Unripe,UnripeApple (641).jpg,0.2255062181122449,n/a,False,43.52419985131585,0.5087052585064075
Unripe,UnripeApple (642).jpg,0.2265625,n/a,False,43.606786490799344,0.5311400422237861
Unripe,UnripeApple (643).jpg,0.11802455357142858,n/a,False,32.12571522606058,0.9390408645727795
Unripe,UnripeApple (644).jpg,0.11792490433673469,n/a,False,32.110687635148366,0.9423694439749873
Unripe,UnripeApple (645).jpg,0.1739078443877551,n/a,False,32.3133397397768,0.08675223470089388
Unripe,UnripeApple (646).jpg,0.1739078443877551,n/a,False,32.43806583118265,0.0774696309878524
Unripe,UnripeApple (647).jpg,0.2515146683673469,n/a,False,80.19700674416963,0.39881141045958796
Unripe,UnripeApple (648).jpg,0.2769052933673469,n/a,False,80.42903962586253,0.4342162084352958
Unripe,UnripeApple (649).jpg,0.1496532206632653,n/a,False,63.2705296408623,0.7331202556931682
Unripe,UnripeApple (65).jpg,0.24027423469387754,n/a,False,76.77498193032376,0.06187790311877903
Unripe,UnripeApple (650).jpg,0.12123325892857142,n/a,False,63.42777043847543,0.7382870294262699
Unripe,UnripeApple (651).jpg,0.17223373724489796,n/a,False,42.753678094539644,0.11930108771117796
Unripe,UnripeApple (652).jpg,0.17115752551020408,n/a,False,42.85381098318056,0.11457848160223567
Unripe,UnripeApple (653).jpg,0.1709781568877551,n/a,False,57.26067618072873,0.5030889381046743
Unripe,UnripeApple (654).jpg,0.17099808673469388,n/a,False,57.342840063438906,0.48822843822843826
Unripe,UnripeApple (655).jpg,0.10770089285714286,n/a,False,71.385728006629,0.4755736491487787
Unripe,UnripeApple (656).jpg,0.09424824617346939,n/a,False,71.96296199485774,0.43899344470289703
Unripe,UnripeApple (657).jpg,0.26694036989795916,n/a,False,26.058152516966413,0.6868000597282365
Unripe,UnripeApple (658).jpg,0.2782405931122449,n/a,False,26.094794868528243,0.6769572380201991
Unripe,UnripeApple (659).jpg,0.22849569515306123,n/a,False,83.7627815786234,0.06698648059310947
Unripe,UnripeApple (66).jpg,0.2573740433673469,n/a,False,76.90549484918252,0.057147282019513704
Unripe,UnripeApple (660).jpg,0.22931281887755103,n/a,False,83.90791441673461,0.07352685555362419
Unripe,UnripeApple (661).jpg,0.16011639030612246,n/a,False,46.025518744338264,0.4651481204879263
Unripe,UnripeApple (662).jpg,0.15628985969387754,n/a,False,46.20775799026328,0.4440193828105075
Unripe,UnripeApple (663).jpg,0.08567841198979592,n/a,True,47.33812764758684,0.8036752733193766
Unripe,UnripeApple (664).jpg,0.08408402423469388,n/a,True,47.52122586596476,0.7982934344631429
Unripe,UnripeApple (665).jpg,0.3112045599489796,n/a,False,56.22960471490341,0.3777137367915466
Unripe,UnripeApple (666).jpg,0.31142378826530615,n/a,False,56.311857894907455,0.3757839498272111
Unripe,UnripeApple (667).jpg,0.3571827168367347,n/a,False,57.7432874057485,0.3866755942417141
Unripe,UnripeApple (668).jpg,0.36852279974489793,n/a,False,57.862464554894984,0.40598128819425666
Unripe,UnripeApple (669).jpg,0.1075015943877551,n/a,False,60.182402751843966,0.14942528735632185
Unripe,UnripeApple (67).jpg,0.3024154974489796,n/a,False,79.47091519942624,0.08290496902596546
Unripe,UnripeApple (670).jpg,0.10879703443877552,n/a,False,60.27316174716055,0.13940282102949259
Unripe,UnripeApple (671).jpg,0.23417570153061223,n/a,False,27.87868006802962,0.323063829787234
Unripe,UnripeApple (672).jpg,0.23246173469387754,n/a,False,27.920255521739296,0.32107338820301784
Unripe,UnripeApple (673).jpg,0.2702487244897959,n/a,False,68.79998041273934,0.14292035398230088
Unripe,UnripeApple (674).jpg,0.25273038903061223,n/a,False,68.85905806298669,0.09841495150224745
Unripe,UnripeApple (675).jpg,0.2361686862244898,n/a,False,57.15982282589832,0.34059071729957807
Unripe,UnripeApple (676).jpg,0.23913823341836735,n/a,False,57.23998520810877,0.32302691890990914
Unripe,UnripeApple (677).jpg,0.16499920280612246,n/a,False,50.87078434524171,0.46479043362724964
Unripe,UnripeApple (678).jpg,0.1634247448979592,n/a,False,50.91037944096494,0.44341463414634147
Unripe,UnripeApple (679).jpg,0.24368223852040816,n/a,False,56.91031437687095,0.19914942340721353
Unripe,UnripeApple (68).jpg,0.3393056441326531,n/a,False,79.61301025216717,0.12029368575624082
Unripe,UnripeApple (680).jpg,0.2431042729591837,n/a,False,57.06464732963826,0.21101819970486965
Unripe,UnripeApple (681).jpg,0.10507015306122448,n/a,False,45.16338068327361,0.5314871016691958
Unripe,UnripeApple (682).jpg,0.10437260841836735,n/a,False,45.30277233143034,0.5308382661829292
Unripe,UnripeApple (683).jpg,0.13829320790816327,n/a,False,38.03886771414535,0.43060959792477305
Unripe,UnripeApple (684).jpg,0.13799426020408162,n/a,False,38.059353907804585,0.46057192374350087
Unripe,UnripeApple (685).jpg,0.18827726403061223,n/a,False,69.44903230684179,0.31883137503969516
Unripe,UnripeApple (686).jpg,0.18837691326530612,n/a,False,69.54366185970105,0.30035971223021585
Unripe,UnripeApple (687).jpg,0.11473612882653061,n/a,False,50.6802564946122,0.13913496612819176
Unripe,UnripeApple (688).jpg,0.11509486607142858,n/a,False,50.72533977470394,0.1451082251082251
Unripe,UnripeApple (689).jpg,0.2118542729591837,n/a,False,46.92117131470476,0.3454374412041392
Unripe,UnripeApple (69).jpg,0.22020487882653061,n/a,False,74.51615609395766,0.08914833921621866
Unripe,UnripeApple (690).jpg,0.20954241071428573,n/a,False,46.9560417340771,0.3419250523112041
Unripe,UnripeApple (691).jpg,0.22066326530612246,n/a,False,56.249781434928764,0.26779263005780346
Unripe,UnripeApple (692).jpg,0.21994579081632654,n/a,False,56.252981087881665,0.23695179412830736
Unripe,UnripeApple (693).jpg,0.26241629464285715,n/a,False,45.449698543118636,0.2425001898686109
Unripe,UnripeApple (694).jpg,0.2627551020408163,n/a,False,45.487720884283895,0.2859526699029126
Unripe,UnripeApple (695).jpg,0.20583545918367346,n/a,False,57.594355533633156,0.6523044151820294
Unripe,UnripeApple (696).jpg,0.20509805484693877,n/a,False,57.75494690910236,0.6840928967058595
Unripe,UnripeApple (697).jpg,0.24431999362244897,n/a,False,58.042792108189644,0.03850232482257933
Unripe,UnripeApple (698).jpg,0.24402104591836735,n/a,False,58.31516322828501,0.035527605357726234
Unripe,UnripeApple (699).jpg,0.21693638392857142,n/a,False,44.31433262907927,0.46201194304088194
Unripe,UnripeApple (7).jpg,0.10580755739795919,n/a,False,39.471044823461476,0.03315125258994161
Unripe,UnripeApple (70).jpg,0.22660235969387754,n/a,False,74.62448364586453,0.1310466138962181
Unripe,UnripeApple (700).jpg,0.216796875,n/a,False,44.38481860625617,0.43932708218422506
Unripe,UnripeApple (701).jpg,0.22763871173469388,n/a,False,73.15472380265778,0.5315181229206793
Unripe,UnripeApple (702).jpg,0.22929288903061223,n/a,False,73.23040449693046,0.5725336810082573
Unripe,UnripeApple (703).jpg,0.1773357780612245,n/a,False,43.36764445924937,0.3600809170600135
Unripe,UnripeApple (704).jpg,0.17815290178571427,n/a,False,43.29039032557566,0.3681619867994183
Unripe,UnripeApple (705).jpg,0.17815290178571427,n/a,False,43.29039032557566,0.3681619867994183
Unripe,UnripeApple (706).jpg,0.1773357780612245,n/a,False,43.36764445924937,0.3600809170600135
Unripe,UnripeApple (707).jpg,0.2002750318877551,n/a,False,25.890518968065106,0.381928550104488
Unripe,UnripeApple (708).jpg,0.2004344706632653,n/a,False,25.954217579110193,0.3940538928109774
Unripe,UnripeApple (709).jpg,0.2622568558673469,n/a,False,53.81073319643625,0.5441902880158067
Unripe,UnripeApple (71).jpg,0.274593431122449,n/a,False,72.31812110576107,0.0009435331688198577
Unripe,UnripeApple (710).jpg,0.26608338647959184,n/a,False,53.74786664049528,0.5366639203055951
Unripe,UnripeApple (711).jpg,0.26608338647959184,n/a,False,53.74786664049528,0.5366639203055951
Unripe,UnripeApple (712).jpg,0.2622568558673469,n/a,False,53.81073319643625,0.5441902880158067
Unripe,UnripeApple (713).jpg,0.35122369260204084,n/a,False,54.26615559999269,0.7366509674856722
Unripe,UnripeApple (714).jpg,0.34903140943877553,n/a,False,54.19201614511572,0.7093587620624678
Unripe,UnripeApple (715).jpg,0.34903140943877553,n/a,False,54.19201614511572,0.7093587620624678
Unripe,UnripeApple (716).jpg,0.35122369260204084,n/a,False,54.26615559999269,0.7366509674856722
Unripe,UnripeApple (717).jpg,0.13909040178571427,n/a,False,54.05771915706041,0.6363375841811147
Unripe,UnripeApple (718).jpg,0.1417610012755102,n/a,False,54.156395061092034,0.5983410656544356
Unripe,UnripeApple (719).jpg,0.26114078443877553,n/a,False,53.975025146174346,0.8050828054643975
Unripe,UnripeApple (72).jpg,0.24695073341836735,n/a,False,72.39101894600883,0.005891372770559277
Unripe,UnripeApple (720).jpg,0.28360172193877553,n/a,False,54.038219267765726,0.7671820098383696
Unripe,UnripeApple (721).jpg,0.16396285076530612,n/a,False,53.990044346034686,0.610793727968883
Unripe,UnripeApple (722).jpg,0.16356425382653061,n/a,False,54.20554051340022,0.580601925185817
Unripe,UnripeApple (723).jpg,0.27084661989795916,n/a,False,75.62575755201398,0.05356880058866814
Unripe,UnripeApple (724).jpg,0.27208227040816324,n/a,False,75.89314140482485,0.08277175505420452
Unripe,UnripeApple (725).jpg,0.2596460459183674,n/a,False,51.81966103415218,0.6954252379490329
Unripe,UnripeApple (726).jpg,0.2590880102040816,n/a,False,51.95728539401846,0.7432307692307693
Unripe,UnripeApple (727).jpg,0.5077128507653061,n/a,False,54.49204635030486,0.35077526987242397
Unripe,UnripeApple (728).jpg,0.31552933673469385,n/a,False,54.55951246920395,0.42673067205659426
Unripe,UnripeApple (729).jpg,0.3436902104591837,n/a,False,51.73808945411934,0.2723688025514642
Unripe,UnripeApple (73).jpg,0.13624043367346939,n/a,False,77.44488932542306,0.06729081334113517
Unripe,UnripeApple (730).jpg,0.34542410714285715,n/a,False,51.82836570152117,0.2866951303946457
Unripe,UnripeApple (731).jpg,0.2538464604591837,n/a,False,55.528797168244544,0.4858286880741148
Unripe,UnripeApple (732).jpg,0.24772799744897958,n/a,False,55.5854912583771,0.47948511665325827
Unripe,UnripeApple (733).jpg,0.2737563775510204,n/a,False,59.52010255052473,0.3479906814210833
Unripe,UnripeApple (734).jpg,0.2719228316326531,n/a,False,59.7277310007433,0.3891820580474934
Unripe,UnripeApple (735).jpg,0.5270647321428571,n/a,False,55.19904850330627,0.25141798381607805
Unripe,UnripeApple (736).jpg,0.5278818558673469,n/a,False,55.24745008481731,0.2013063012043644
Unripe,UnripeApple (737).jpg,0.27469308035714285,n/a,False,54.6035511792493,0.21461220343901907
Unripe,UnripeApple (738).jpg,0.26640226403061223,n/a,False,54.77264706244811,0.2242836836986609
Unripe,UnripeApple (739).jpg,0.30568399234693877,n/a,False,56.63198179803973,0.6119441908984222
Unripe,UnripeApple (74).jpg,0.13717713647959184,n/a,False,77.67855067193118,0.07656545111143397
Unripe,UnripeApple (740).jpg,0.2770448022959184,n/a,False,56.668050473744735,0.6126177972807711
Unripe,UnripeApple (741).jpg,0.12418287627551021,n/a,False,59.34005648752418,0.3803562831006259
Unripe,UnripeApple (742).jpg,0.12519929846938777,n/a,False,59.40176018918262,0.34415791149315506
Unripe,UnripeApple (743).jpg,0.18534757653061223,n/a,False,41.735285660783624,0.3704301075268817
Unripe,UnripeApple (744).jpg,0.1726124043367347,n/a,False,41.83614540893945,0.37512989262209906
Unripe,UnripeApple (745).jpg,0.1506297831632653,n/a,False,56.909391135483396,0.7085207726911882
Unripe,UnripeApple (746).jpg,0.14670360331632654,n/a,False,56.94399885801709,0.7024860752615134
Unripe,UnripeApple (747).jpg,0.21657764668367346,n/a,False,56.180911672318416,0.22066807766632926
Unripe,UnripeApple (748).jpg,0.21627869897959184,n/a,False,56.31755342954793,0.17231846664209363
Unripe,UnripeApple (749).jpg,0.25546077806122447,n/a,False,34.405918700942955,0.394367295990014
Unripe,UnripeApple (75).jpg,0.25175382653061223,n/a,False,68.23921026553893,0.6355288157061432
Unripe,UnripeApple (750).jpg,0.2556202168367347,n/a,False,34.466316519729304,0.39981288008732263
Unripe,UnripeApple (751).jpg,0.09566326530612244,n/a,False,44.332844948565224,0.574375
Unripe,UnripeApple (752).jpg,0.09610172193877552,n/a,False,44.503123563873,0.5688510991289921
Unripe,UnripeApple (753).jpg,0.14756058673469388,n/a,False,44.75693209752556,0.12506753106428958
Unripe,UnripeApple (754).jpg,0.1473812181122449,n/a,False,44.820752488782865,0.12603110209601082
Unripe,UnripeApple (755).jpg,0.15238360969387754,n/a,False,77.84787686732886,0.35639550091551137
Unripe,UnripeApple (756).jpg,0.17386798469387754,n/a,False,78.12104485953704,0.3613021549747822
Unripe,UnripeApple (757).jpg,0.10664461096938775,n/a,False,47.87162756556871,0.733320874602878
Unripe,UnripeApple (758).jpg,0.107421875,n/a,False,48.014624514308025,0.711873840445269
Unripe,UnripeApple (759).jpg,0.2003547512755102,n/a,False,44.79401638003804,0.5829105739580225
Unripe,UnripeApple (76).jpg,0.2522520727040816,n/a,False,68.2817358070504,0.6344315398593664
Unripe,UnripeApple (760).jpg,0.20061383928571427,n/a,False,44.99476653567773,0.5825551361017286
Unripe,UnripeApple (761).jpg,0.15328045280612246,n/a,False,38.87399708651477,0.46326875568846704
Unripe,UnripeApple (762).jpg,0.15465561224489796,n/a,False,38.91933798367719,0.4809278350515464
Unripe,UnripeApple (763).jpg,0.1256377551020408,n/a,False,57.82241797923471,0.4871510152284264
Unripe,UnripeApple (764).jpg,0.11489556760204081,n/a,False,58.17857451955615,0.42948829141370337
Unripe,UnripeApple (765).jpg,0.1417610012755102,n/a,False,65.32716903828067,0.5556024181076902
Unripe,UnripeApple (766).jpg,0.15573182397959184,n/a,False,65.4679318535649,0.5145891988738163
Unripe,UnripeApple (767).jpg,0.1808235012755102,n/a,False,80.44307292494834,0.2199933869723355
Unripe,UnripeApple (768).jpg,0.18118223852040816,n/a,False,80.46119602411024,0.14981850181498185
Unripe,UnripeApple (769).jpg,0.30546476403061223,n/a,False,47.92875835721498,0.39055261956025317
Unripe,UnripeApple (77).jpg,0.18455038265306123,n/a,False,60.13045438648811,0.1970842332613391
Unripe,UnripeApple (770).jpg,0.3030333227040816,n/a,False,47.985717456463476,0.3079250246629398
Unripe,UnripeApple (771).jpg,0.21797273596938777,n/a,False,70.6821862646305,0.1726250342872817
Unripe,UnripeApple (772).jpg,0.2167171556122449,n/a,False,70.7339730875667,0.2044325915026669
Unripe,UnripeApple (773).jpg,0.08930564413265306,n/a,True,47.61199511522966,0.7694711002008481
Unripe,UnripeApple (774).jpg,0.08276865433673469,n/a,True,47.8327846176059,0.8290392487358536
Unripe,UnripeApple (775).jpg,0.3856226084183674,n/a,False,67.9251775374768,0.4878805106207039
Unripe,UnripeApple (776).jpg,0.47323421556122447,n/a,False,68.11633497798454,0.5145083175405348
Unripe,UnripeApple (777).jpg,0.19563137755102042,n/a,False,41.579526132108235,0.7556030969845151
Unripe,UnripeApple (778).jpg,0.19579081632653061,n/a,False,41.61537237278104,0.7517304560260586
Unripe,UnripeApple (779).jpg,0.3694595025510204,n/a,False,49.22556084347871,0.3858560794044665
Unripe,UnripeApple (78).jpg,0.18484933035714285,n/a,False,60.24767680431129,0.21110512129380055
Unripe,UnripeApple (780).jpg,0.3592554209183674,n/a,False,49.459140476913994,0.3886608232552979
Unripe,UnripeApple (781).jpg,0.24059311224489796,n/a,False,25.435681716358232,0.34327369118621603
Unripe,UnripeApple (782).jpg,0.2403938137755102,n/a,False,25.466280272574878,0.3412369424639363
Unripe,UnripeApple (783).jpg,0.19126674107142858,n/a,False,67.11132477942225,0.31801604668125455
Unripe,UnripeApple (784).jpg,0.1920440051020408,n/a,False,67.1841265416548,0.3080116230801162
Unripe,UnripeApple (785).jpg,0.19381776147959184,n/a,False,34.40612200723937,0.24658097686375322
Unripe,UnripeApple (786).jpg,0.18016581632653061,n/a,False,34.47096420072975,0.21991150442477875
Unripe,UnripeApple (787).jpg,0.24272560586734693,n/a,False,61.46449328777552,0.5715575991460711
Unripe,UnripeApple (788).jpg,0.2429249043367347,n/a,False,61.501134829986285,0.5829846582984658
Unripe,UnripeApple (789).jpg,0.22722018494897958,n/a,False,54.467871849251786,0.438119463204982
Unripe,UnripeApple (79).jpg,0.23796237244897958,n/a,False,62.70486255090126,0.06976549413735343
Unripe,UnripeApple (790).jpg,0.22718032525510204,n/a,False,54.47226452506212,0.44451267655057464
Unripe,UnripeApple (791).jpg,0.2944236288265306,n/a,False,54.27283173763798,0.35030122520815
Unripe,UnripeApple (792).jpg,0.2946029974489796,n/a,False,54.29879905272296,0.3557028818833717
Unripe,UnripeApple (793).jpg,0.12424266581632654,n/a,False,61.98358329469946,0.8107154315046519
Unripe,UnripeApple (794).jpg,0.12418287627551021,n/a,False,62.052503948907166,0.809821858449687
Unripe,UnripeApple (795).jpg,0.14789939413265307,n/a,False,41.440981153346456,0.5183937474733863
Unripe,UnripeApple (796).jpg,0.14839764030612246,n/a,False,41.476298662077824,0.49744829438624766
Unripe,UnripeApple (797).jpg,0.11210538903061225,n/a,False,39.76627040054687,0.2993777777777778
Unripe,UnripeApple (798).jpg,0.1168686224489796,n/a,False,39.854376829219134,0.2897339699863574
Unripe,UnripeApple (799).jpg,0.19274154974489796,n/a,False,51.08454762669149,0.444007858546169
Unripe,UnripeApple (8).jpg,0.10321667729591837,n/a,False,39.50743956579601,0.032052519791465534
Unripe,UnripeApple (80).jpg,0.2464923469387755,n/a,False,62.75604562613205,0.05465717981888745
Unripe,UnripeApple (800).jpg,0.18614477040816327,n/a,False,51.21829242308439,0.4381156316916488
Unripe,UnripeApple (81).jpg,0.2640904017857143,n/a,False,39.829101335980056,0.006112746207833371
Unripe,UnripeApple (82).jpg,0.2637316645408163,n/a,False,39.85791766097499,0.006498904254515227
Unripe,UnripeApple (83).jpg,0.14000717474489796,n/a,False,61.99501774446449,0.058790035587188615
Unripe,UnripeApple (84).jpg,0.17988679846938777,n/a,False,62.05671763953506,0.12508309328606249
Unripe,UnripeApple (85).jpg,0.17420679209183673,n/a,False,52.89635543942244,0.10010296304770622
Unripe,UnripeApple (86).jpg,0.17560188137755103,n/a,False,52.94172063345923,0.10713880376801725
Unripe,UnripeApple (87).jpg,0.14893574617346939,n/a,False,46.636123510874626,0.0
Unripe,UnripeApple (88).jpg,0.15009167729591838,n/a,False,46.67794147791843,0.0
Unripe,UnripeApple (89).jpg,0.24832589285714285,n/a,False,72.70049032104195,0.06829855537720707
Unripe,UnripeApple (9).jpg,0.16340481505102042,n/a,False,52.8967139920764,0.2450298816928894
Unripe,UnripeApple (90).jpg,0.2455157844387755,n/a,False,72.92764050641914,0.07029791379170387
Unripe,UnripeApple (91).jpg,0.23903858418367346,n/a,False,62.707428498825614,0.05719526429881607
Unripe,UnripeApple (92).jpg,0.24709024234693877,n/a,False,62.7629489399692,0.0534763671559929
Unripe,UnripeApple (93).jpg,0.1560108418367347,n/a,False,61.99916221425038,0.05978538579458355
Unripe,UnripeApple (94).jpg,0.15625,n/a,False,62.06558340665149,0.12538265306122448
Unripe,UnripeApple (95).jpg,0.17448580994897958,n/a,False,52.949763350512086,0.10908052541404911
Unripe,UnripeApple (96).jpg,0.1760204081632653,n/a,False,53.00799305107177,0.10778985507246377
Unripe,UnripeApple (97).jpg,0.2629344706632653,n/a,False,39.814850826691696,0.006139619495186842
Unripe,UnripeApple (98).jpg,0.264827806122449,n/a,False,39.84432986069823,0.008202889825406382
Unripe,UnripeApple (99).jpg,0.2070910395408163,n/a,False,69.70869086080928,0.016071600423443366
Ripe,RipeApple (1).jpg,0.22911352040816327,n/a,False,53.69084319306571,0.044711203897007654
Ripe,RipeApple (10).jpg,0.13845264668367346,n/a,False,30.871679740750594,0.1070965884554484
Ripe,RipeApple (100).jpg,0.17707669005102042,n/a,False,54.36016815942088,0.0
Ripe,RipeApple (101).jpg,0.24093191964285715,n/a,False,61.12362562732246,0.05285797005542228
Ripe,RipeApple (102).jpg,0.25035873724489793,n/a,False,61.1613642520172,0.0749084540678236
Ripe,RipeApple (103).jpg,0.19700653698979592,n/a,False,42.78303097369771,0.0018209408194233688
Ripe,RipeApple (104).jpg,0.19646843112244897,n/a,False,42.752137215845,0.0016230472712517752
Ripe,RipeApple (105).jpg,0.31473214285714285,n/a,False,33.99029216790293,6.332320162107397e-05
Ripe,RipeApple (106).jpg,0.3137356505102041,n/a,False,34.01821000040259,0.00019057298945496126
Ripe,RipeApple (107).jpg,0.10877710459183673,n/a,False,42.289019126248256,0.00311469402711616
Ripe,RipeApple (108).jpg,0.10648517219387756,n/a,False,42.326481826702256,0.00018716077110237696
Ripe,RipeApple (109).jpg,0.0836654974489796,n/a,True,52.49177012825063,0.0
Ripe,RipeApple (11).jpg,0.4143614477040816,n/a,False,38.83899535647727,0.00019239093838680199
Ripe,RipeApple (110).jpg,0.08380500637755102,n/a,True,52.653917912242434,0.00023781212841854935
Ripe,RipeApple (111).jpg,0.18895487882653061,n/a,False,52.90152166518548,0.003269697289315473
Ripe,RipeApple (112).jpg,0.19126674107142858,n/a,False,53.071317468347104,0.0036469730123997084
Ripe,RipeApple (113).jpg,0.10736208545918367,n/a,False,69.50414303365743,0.1707815110451086
Ripe,RipeApple (114).jpg,0.10674426020408163,n/a,False,69.64020262485288,0.1777445855115758
Ripe,RipeApple (115).jpg,0.1463249362244898,n/a,False,67.42503453890372,0.18768727867066196
Ripe,RipeApple (116).jpg,0.14724170918367346,n/a,False,67.51502952403816,0.19220357336220897
Ripe,RipeApple (117).jpg,0.19746492346938777,n/a,False,62.7156839885491,0.0008074283407347598
Ripe,RipeApple (118).jpg,0.2854153380102041,n/a,False,62.81470921796719,0.0006982752601075344
Ripe,RipeApple (119).jpg,0.21301020408163265,n/a,False,69.25877749979945,0.01627994011976048
Ripe,RipeApple (12).jpg,0.41272720025510207,n/a,False,38.84315585503419,0.00038630547105123375
Ripe,RipeApple (120).jpg,0.2130500637755102,n/a,False,69.41863700705157,0.016931711880261928
Ripe,RipeApple (121).jpg,0.29195232780612246,n/a,False,76.87280960477692,0.0
Ripe,RipeApple (122).jpg,0.292789381377551,n/a,False,76.92524579562875,0.0
Ripe,RipeApple (123).jpg,0.2736766581632653,n/a,False,66.79141596707784,0.0983833381881736
Ripe,RipeApple (124).jpg,0.2742944834183674,n/a,False,66.97432968421678,0.09867034803458548
Ripe,RipeApple (125).jpg,0.2979711415816326,n/a,False,60.14149067304387,0.0030098321182529596
Ripe,RipeApple (126).jpg,0.2977917729591837,n/a,False,60.175875834076884,0.0033462722527104805
Ripe,RipeApple (127).jpg,0.4710220025510204,n/a,False,100.76588864009295,0.005162054667005162
Ripe,RipeApple (128).jpg,0.470523756377551,n/a,False,100.84399650505553,0.0058875852429158375
Ripe,RipeApple (129).jpg,0.29049744897959184,n/a,False,35.7524163416941,0.1527854006586169
Ripe,RipeApple (13).jpg,0.2374641262755102,n/a,False,66.29063587137809,0.0001678556441460344
Ripe,RipeApple (130).jpg,0.2893614477040816,n/a,False,35.77641042753914,0.15235209036435016
Ripe,RipeApple (131).jpg,0.3085339604591837,n/a,False,64.4499001194204,0.029778438085395
Ripe,RipeApple (132).jpg,0.31118463010204084,n/a,False,64.53976907790387,0.03208658895862687
Ripe,RipeApple (133).jpg,0.32364078443877553,n/a,False,42.29672619851181,0.11891126300880596
Ripe,RipeApple (134).jpg,0.3237205038265306,n/a,False,42.29598942292227,0.1204826694576125
Ripe,RipeApple (135).jpg,0.4304049744897959,n/a,False,97.08573882745948,0.0
Ripe,RipeApple (136).jpg,0.4293686224489796,n/a,False,97.10458970175405,0.0
Ripe,RipeApple (137).jpg,0.3891103316326531,n/a,False,96.9680895092186,0.0
Ripe,RipeApple (138).jpg,0.37900589923469385,n/a,False,96.99000542003257,0.0
Ripe,RipeApple (139).jpg,0.25759327168367346,n/a,False,62.42068663053584,0.007350096711798839
Ripe,RipeApple (14).jpg,0.2359295280612245,n/a,False,66.3973286835272,0.00025342118601115053
Ripe,RipeApple (140).jpg,0.2576530612244898,n/a,False,62.50486991691613,0.10396039603960396
Ripe,RipeApple (141).jpg,0.3234813456632653,n/a,False,75.02807851543345,0.04867229375885651
Ripe,RipeApple (142).jpg,0.31367586096938777,n/a,False,75.1156615820766,0.05038439545079103
Ripe,RipeApple (143).jpg,0.27614795918367346,n/a,False,55.170386693220344,0.0010825635103926096
Ripe,RipeApple (144).jpg,0.27646683673469385,n/a,False,55.20704172542698,0.0012254901960784314
Ripe,RipeApple (145).jpg,0.44778380102040816,n/a,False,64.48974021355325,0.0
Ripe,RipeApple (146).jpg,0.4483617665816326,n/a,False,64.60427055167018,0.0
Ripe,RipeApple (147).jpg,0.46033960459183676,n/a,False,70.41012463596002,0.011992380292666032
Ripe,RipeApple (148).jpg,0.427555006377551,n/a,False,70.48189464253576,0.014217125809910035
Ripe,RipeApple (149).jpg,0.2803531568877551,n/a,False,86.85317687192075,0.02125542048766617
Ripe,RipeApple (15).jpg,0.33974410076530615,n/a,False,96.96560123605666,0.0
Ripe,RipeApple (150).jpg,0.294742506377551,n/a,False,87.05905525545508,0.030157549530056123
Ripe,RipeApple (151).jpg,0.1826171875,n/a,False,81.21667760681078,0.015606242496998799
Ripe,RipeApple (152).jpg,0.18223852040816327,n/a,False,81.35972531337684,0.016076115485564306
Ripe,RipeApple (153).jpg,0.24613360969387754,n/a,False,57.95875967489412,0.031012145748987856
Ripe,RipeApple (154).jpg,0.24246651785714285,n/a,False,58.022936125071816,0.03090580305770179
Ripe,RipeApple (155).jpg,0.19563137755102042,n/a,False,95.33664760931447,0.00010187449062754686
Ripe,RipeApple (156).jpg,0.1962890625,n/a,False,95.3722853121151,0.0001015331505736623
Ripe,RipeApple (157).jpg,0.1580436862244898,n/a,False,87.48769660537319,0.38789407313997476
Ripe,RipeApple (158).jpg,0.16426179846938777,n/a,False,87.5429341068679,0.41009463722397477
Ripe,RipeApple (159).jpg,0.1835140306122449,n/a,False,105.69601006437968,0.02291485664639444
Ripe,RipeApple (16).jpg,0.33994339923469385,n/a,False,96.99261049074839,0.0
Ripe,RipeApple (160).jpg,0.1814811862244898,n/a,False,105.7187466354669,0.01603338458159455
Ripe,RipeApple (161).jpg,0.29334741709183676,n/a,False,34.789795911401406,0.0
Ripe,RipeApple (162).jpg,0.29354671556122447,n/a,False,34.842320389741225,0.0
Ripe,RipeApple (163).jpg,0.09853316326530612,n/a,False,49.629900954261366,0.0002022653721682848
Ripe,RipeApple (164).jpg,0.09883211096938775,n/a,False,49.890044079137404,0.0
Ripe,RipeApple (165).jpg,0.0921157525510204,n/a,True,55.39044635903874,0.0049762007788836
Ripe,RipeApple (166).jpg,0.09410873724489796,n/a,False,55.51358431397808,0.006141465480728505
Ripe,RipeApple (167).jpg,0.10072544642857142,n/a,False,50.811615558199016,0.0003957261574990107
Ripe,RipeApple (168).jpg,0.10166214923469388,n/a,False,51.050509498401276,0.001176239952950402
Ripe,RipeApple (169).jpg,0.3256138392857143,n/a,False,56.222533339124766,0.007467254253886645
Ripe,RipeApple (17).jpg,0.16605548469387754,n/a,False,63.10424157579563,0.007921267402784446
Ripe,RipeApple (170).jpg,0.32565369897959184,n/a,False,56.584769578254885,0.008017135862913097
Ripe,RipeApple (171).jpg,0.13309151785714285,n/a,False,53.956671586233234,0.049266247379454925
Ripe,RipeApple (172).jpg,0.13380899234693877,n/a,False,54.17151075723015,0.05585344057193923
Ripe,RipeApple (173).jpg,0.1237045599489796,n/a,False,56.90270750957128,0.46077009827613985
Ripe,RipeApple (174).jpg,0.10957429846938775,n/a,False,56.980609789831085,0.45343761367770097
Ripe,RipeApple (175).jpg,0.1806042729591837,n/a,False,55.631791576831745,0.21121165305672038
Ripe,RipeApple (176).jpg,0.22253667091836735,n/a,False,55.74638385134975,0.2658964714311302
Ripe,RipeApple (177).jpg,0.22359295280612246,n/a,False,59.47599607451256,0.38889384080577594
Ripe,RipeApple (178).jpg,0.22385204081632654,n/a,False,59.56617123574491,0.35024928774928776
Ripe,RipeApple (179).jpg,0.14652423469387754,n/a,False,66.45810154849212,0.022306855277475515
Ripe,RipeApple (18).jpg,0.16647401147959184,n/a,False,63.159871957141284,0.005866155872141746
Ripe,RipeApple (180).jpg,0.14652423469387754,n/a,False,66.51898579913117,0.024211099020674646
Ripe,RipeApple (181).jpg,0.15523357780612246,n/a,False,46.03029028228033,0.011297984336885352
Ripe,RipeApple (182).jpg,0.1534000318877551,n/a,False,46.08816771990788,0.009614135377419774
Ripe,RipeApple (183).jpg,0.35799984056122447,n/a,False,97.05363348308155,0.009241218059344207
Ripe,RipeApple (184).jpg,0.35732222576530615,n/a,False,97.07519796284559,0.009872273969546545
Ripe,RipeApple (185).jpg,0.09801498724489796,n/a,False,68.91136611540385,0.10634404229361528
Ripe,RipeApple (186).jpg,0.09809470663265306,n/a,False,69.11270992167881,0.11783827712312069
Ripe,RipeApple (187).jpg,0.09899154974489796,n/a,False,69.44764355445899,0.08777934366821019
Ripe,RipeApple (188).jpg,0.0989516900510204,n/a,False,69.64793982199011,0.10070493454179255
Ripe,RipeApple (189).jpg,0.10467155612244898,n/a,False,57.3598435064531,0.0024752475247524753
Ripe,RipeApple (19).jpg,0.24818638392857142,n/a,False,53.46479874602063,0.11844535453304425
Ripe,RipeApple (190).jpg,0.10399394132653061,n/a,False,57.58390585526792,0.002874664622460713
Ripe,RipeApple (191).jpg,0.12037627551020408,n/a,False,46.29501928380051,0.005298013245033113
Ripe,RipeApple (192).jpg,0.12023676658163265,n/a,False,46.570025932218506,0.005304160450853639
Ripe,RipeApple (193).jpg,0.13259327168367346,n/a,False,63.79944947225655,0.2239591161881858
Ripe,RipeApple (194).jpg,0.13099888392857142,n/a,False,64.02007261014273,0.2321618743343983
Ripe,RipeApple (195).jpg,0.17707669005102042,n/a,False,42.35754537903764,0.28598761958356783
Ripe,RipeApple (196).jpg,0.18098294005102042,n/a,False,42.50689041763527,0.31802664904746175
Ripe,RipeApple (197).jpg,0.3877551020408163,n/a,False,95.86924669378936,0.0
Ripe,RipeApple (198).jpg,0.38905054209183676,n/a,False,95.93362810543066,0.0
Ripe,RipeApple (199).jpg,0.28659119897959184,n/a,False,105.6627714152549,0.0
Ripe,RipeApple (2).jpg,0.2294124681122449,n/a,False,53.80392179081294,0.03900616801320476
Ripe,RipeApple (20).jpg,0.24888392857142858,n/a,False,53.52035161379089,0.13356822549647662
Ripe,RipeApple (200).jpg,0.28677056760204084,n/a,False,105.69797847876407,0.0
Ripe,RipeApple (201).jpg,0.2534080038265306,n/a,False,112.2863384913915,0.16838379866299646
Ripe,RipeApple (202).jpg,0.25193319515306123,n/a,False,112.31197118575722,0.17443240249980224
Ripe,RipeApple (203).jpg,0.28653140943877553,n/a,False,105.55819224119864,0.0
Ripe,RipeApple (204).jpg,0.2850765306122449,n/a,False,105.61882493123069,0.0
Ripe,RipeApple (205).jpg,0.36342075892857145,n/a,False,47.127903565616066,0.01381957773512476
Ripe,RipeApple (206).jpg,0.3616470025510204,n/a,False,47.17379064875791,0.0036922737793453103
Ripe,RipeApple (207).jpg,0.15979751275510204,n/a,False,88.06868886216814,0.33848840109753053
Ripe,RipeApple (208).jpg,0.15838249362244897,n/a,False,88.13512233636334,0.3320749968541588
Ripe,RipeApple (209).jpg,0.4839564732142857,n/a,False,40.54085988070916,0.004159288391055471
Ripe,RipeApple (21).jpg,0.25400589923469385,n/a,False,105.68892742767805,0.021969399764613574
Ripe,RipeApple (210).jpg,0.48084741709183676,n/a,False,40.62167342074007,0.005719733079122974
Ripe,RipeApple (211).jpg,0.2362683354591837,n/a,False,105.51528844043041,0.0
Ripe,RipeApple (212).jpg,0.23493303571428573,n/a,False,105.53683897304317,0.0
Ripe,RipeApple (213).jpg,0.6576251594387755,n/a,False,50.63145164272358,0.0012425372003515471
Ripe,RipeApple (214).jpg,0.6534598214285714,n/a,False,50.685961720452326,0.0011284616323045016
Ripe,RipeApple (215).jpg,0.43337452168367346,n/a,False,39.542002636546975,0.30807082087836285
Ripe,RipeApple (216).jpg,0.4329360650510204,n/a,False,39.58389251189519,0.3225613405146619
Ripe,RipeApple (217).jpg,0.4484813456632653,n/a,False,35.19539404699062,0.17224370083988802
Ripe,RipeApple (218).jpg,0.4553172831632653,n/a,False,35.24455432536029,0.17963757331699204
Ripe,RipeApple (219).jpg,0.45420121173469385,n/a,False,37.05726089778678,0.23611232996928477
Ripe,RipeApple (22).jpg,0.2337372448979592,n/a,False,105.70781502180056,0.0
Ripe,RipeApple (220).jpg,0.4479233099489796,n/a,False,37.08163823926841,0.18264738598442715
Ripe,RipeApple (221).jpg,0.23222257653061223,n/a,False,96.94393970022793,0.15362169584620666
Ripe,RipeApple (222).jpg,0.23407605229591838,n/a,False,96.98413134820537,0.15870583226905066
Ripe,RipeApple (223).jpg,0.4548190369897959,n/a,False,36.70948699718251,0.15849436922133123
Ripe,RipeApple (224).jpg,0.45493861607142855,n/a,False,36.765813950815875,0.15148727384237964
Ripe,RipeApple (225).jpg,0.31515066964285715,n/a,False,11.763279850775518,0.0
Ripe,RipeApple (226).jpg,0.3157485650510204,n/a,False,11.746220823248535,0.0
Ripe,RipeApple (227).jpg,0.26907286352040816,n/a,False,11.319701420437168,0.0
Ripe,RipeApple (228).jpg,0.26933195153061223,n/a,False,11.301086827197011,0.0
Ripe,RipeApple (229).jpg,0.2849170918367347,n/a,False,11.626121485715778,0.004896474538332401
Ripe,RipeApple (23).jpg,0.2858338647959184,n/a,False,97.0084523409662,0.000418351694324362
Ripe,RipeApple (230).jpg,0.2858338647959184,n/a,False,11.62054405654866,0.008576209733649422
Ripe,RipeApple (231).jpg,0.23301977040816327,n/a,False,105.55535386212553,0.0
Ripe,RipeApple (232).jpg,0.23393654336734693,n/a,False,105.59524484197334,0.0
Ripe,RipeApple (233).jpg,0.267757493622449,n/a,False,105.64755687798959,0.09765537774469668
Ripe,RipeApple (234).jpg,0.2687938456632653,n/a,False,105.70453522074219,0.10232075331800994
Ripe,RipeApple (235).jpg,0.4219347895408163,n/a,False,75.52587868150007,0.0008029852156251476
Ripe,RipeApple (236).jpg,0.42165577168367346,n/a,False,75.57276726454599,0.0008507822470104457
Ripe,RipeApple (237).jpg,0.4467673788265306,n/a,False,86.43802264602107,0.0034348931614399786
Ripe,RipeApple (238).jpg,0.44764429209183676,n/a,False,86.53258153731701,0.003250077912826677
Ripe,RipeApple (239).jpg,0.24974091198979592,n/a,False,82.61264035489378,0.035591732503391586
Ripe,RipeApple (24).jpg,0.28892299107142855,n/a,False,97.03181656079228,6.897978892184589e-05
Ripe,RipeApple (240).jpg,0.2492625956632653,n/a,False,82.66949239222805,0.03502038858239386
Ripe,RipeApple (241).jpg,0.35971380739795916,n/a,False,69.88084962026666,0.0
Ripe,RipeApple (242).jpg,0.35977359693877553,n/a,False,69.97517678735382,0.0
Ripe,RipeApple (243).jpg,0.3680444834183674,n/a,False,78.8231112833576,0.011263334596848432
Ripe,RipeApple (244).jpg,0.36635044642857145,n/a,False,78.87108210453336,0.011043412033511044
Ripe,RipeApple (245).jpg,0.48497289540816324,n/a,False,70.7170378855355,0.03772499383578532
Ripe,RipeApple (246).jpg,0.4878627232142857,n/a,False,70.80947567372203,0.037583234609256916
Ripe,RipeApple (247).jpg,0.42910953443877553,n/a,False,81.58413707187044,0.0
Ripe,RipeApple (248).jpg,0.43008609693877553,n/a,False,81.70189803446011,0.0
Ripe,RipeApple (249).jpg,0.3981784119897959,n/a,False,68.07765135172116,0.0007007357725611892
Ripe,RipeApple (25).jpg,0.14546795280612246,n/a,False,84.81283920452393,0.0008220304151253596
Ripe,RipeApple (250).jpg,0.39833785076530615,n/a,False,68.16791285693019,0.0005003252113874019
Ripe,RipeApple (251).jpg,0.35811941964285715,n/a,False,74.26026740045774,0.0022260559853080307
Ripe,RipeApple (252).jpg,0.35778061224489793,n/a,False,74.31606097111359,0.002729500891265597
Ripe,RipeApple (253).jpg,0.3431919642857143,n/a,False,67.15255093455592,0.008362369337979094
Ripe,RipeApple (254).jpg,0.34177694515306123,n/a,False,67.19301442151166,0.008338678640153944
Ripe,RipeApple (255).jpg,0.36935985331632654,n/a,False,70.87224712972899,0.007068472454540549
Ripe,RipeApple (256).jpg,0.36941964285714285,n/a,False,70.92018532419034,0.0062580923608113945
Ripe,RipeApple (257).jpg,0.3853037308673469,n/a,False,46.349888785174805,0.007189779134123002
Ripe,RipeApple (258).jpg,0.37992267219387754,n/a,False,46.39119960833042,0.007081781461469863
Ripe,RipeApple (259).jpg,0.20360331632653061,n/a,False,74.8016826497554,0.10953406421299922
Ripe,RipeApple (26).jpg,0.1457469706632653,n/a,False,84.84125099059509,0.00041022836045398605
Ripe,RipeApple (260).jpg,0.19308035714285715,n/a,False,74.949791266596,0.09424029727497936
Ripe,RipeApple (261).jpg,0.21237244897959184,n/a,False,71.26333263589937,0.15840840840840842
Ripe,RipeApple (262).jpg,0.21113679846938777,n/a,False,71.37425907564517,0.15065131206343213
Ripe,RipeApple (263).jpg,0.20408163265306123,n/a,False,67.32412942310276,0.10908203125
Ripe,RipeApple (264).jpg,0.20471938775510204,n/a,False,67.4832765273532,0.10562694704049844
Ripe,RipeApple (265).jpg,0.1403858418367347,n/a,False,66.67293870613726,0.12223168654173765
Ripe,RipeApple (266).jpg,0.14064492984693877,n/a,False,66.82312938617792,0.1220065183505739
Ripe,RipeApple (267).jpg,0.1690250318877551,n/a,False,35.18718403012056,0.0
Ripe,RipeApple (268).jpg,0.17047991071428573,n/a,False,35.27522450234064,0.0
Ripe,RipeApple (269).jpg,0.20623405612244897,n/a,False,44.790827772408115,0.00019327406262079628
Ripe,RipeApple (27).jpg,0.4958545918367347,n/a,False,64.14635188547163,0.00024115755627009645
Ripe,RipeApple (270).jpg,0.20637356505102042,n/a,False,44.8253464873271,9.657170449058426e-05
Ripe,RipeApple (271).jpg,0.23359773596938777,n/a,False,39.37905378906234,8.531695247845747e-05
Ripe,RipeApple (272).jpg,0.23459422831632654,n/a,False,39.43565891426541,0.0002548636479483476
Ripe,RipeApple (273).jpg,0.17869100765306123,n/a,False,62.210332428354455,0.0
Ripe,RipeApple (274).jpg,0.18885522959183673,n/a,False,62.26509085103007,0.0
Ripe,RipeApple (275).jpg,0.22847576530612246,n/a,False,66.63117414330817,0.021109560362875087
Ripe,RipeApple (276).jpg,0.2278778698979592,n/a,False,66.72322043755447,0.01906594367675354
Ripe,RipeApple (277).jpg,0.1951530612244898,n/a,False,74.56390872311165,0.0661764705882353
Ripe,RipeApple (278).jpg,0.20266661352040816,n/a,False,74.69575358256566,0.07218015537417642
Ripe,RipeApple (279).jpg,0.13749601403061223,n/a,False,45.75548626571552,0.20655167415567474
Ripe,RipeApple (28).jpg,0.4965720663265306,n/a,False,64.17726443393603,0.00016053941242575052
Ripe,RipeApple (280).jpg,0.12460140306122448,n/a,False,45.785011543270066,0.22136916186820219
Ripe,RipeApple (281).jpg,0.07507573341836735,n/a,True,43.22852577944019,0.17467480753915582
Ripe,RipeApple (282).jpg,0.07477678571428571,n/a,True,43.314047106127795,0.1652452025586354
Ripe,RipeApple (283).jpg,0.12727200255102042,n/a,False,47.11502485934468,0.1387409959285938
Ripe,RipeApple (284).jpg,0.12659438775510204,n/a,False,47.17703329607775,0.14090050377833754
Ripe,RipeApple (285).jpg,0.21697624362244897,n/a,False,89.5902679483268,0.0506108202443281
Ripe,RipeApple (286).jpg,0.21986607142857142,n/a,False,89.714219336165,0.057559825960841186
Ripe,RipeApple (287).jpg,0.4237484056122449,n/a,False,46.26824916913885,0.0
Ripe,RipeApple (288).jpg,0.45412149234693877,n/a,False,46.33558284558373,0.0
Ripe,RipeApple (289).jpg,0.4110730229591837,n/a,False,48.66554214044721,0.011296421991661011
Ripe,RipeApple (29).jpg,0.2855947066326531,n/a,False,58.97712737971812,0.20362875087229587
Ripe,RipeApple (290).jpg,0.41099330357142855,n/a,False,48.77181994747451,0.012122975463097662
Ripe,RipeApple (291).jpg,0.13494499362244897,n/a,False,105.1758873006166,0.0
Ripe,RipeApple (292).jpg,0.13554288903061223,n/a,False,105.22014191622974,0.0
Ripe,RipeApple (293).jpg,0.18162069515306123,n/a,False,105.6175126852366,0.0
Ripe,RipeApple (294).jpg,0.1804249043367347,n/a,False,105.65582931059508,0.0
Ripe,RipeApple (295).jpg,0.19931839923469388,n/a,False,52.6953809988255,0.0408959104089591
Ripe,RipeApple (296).jpg,0.19895966198979592,n/a,False,52.8680662417178,0.053290594009816686
Ripe,RipeApple (297).jpg,0.13641980229591838,n/a,False,36.73209241646028,0.04747991234477721
Ripe,RipeApple (298).jpg,0.13697783801020408,n/a,False,36.71057456729436,0.046268005237887384
Ripe,RipeApple (299).jpg,0.19949776785714285,n/a,False,52.860746282291096,0.01888111888111888
Ripe,RipeApple (3).jpg,0.19573102678571427,n/a,False,67.57304162413932,0.21830770797271154
Ripe,RipeApple (30).jpg,0.2863719706632653,n/a,False,59.10325781555215,0.20627740274201406
Ripe,RipeApple (300).jpg,0.19911910076530612,n/a,False,52.933770727681235,0.019417475728155338
Ripe,RipeApple (301).jpg,0.2069714604591837,n/a,False,55.91706065910671,0.03591718825228695
Ripe,RipeApple (302).jpg,0.24639269770408162,n/a,False,56.11994134650462,0.033487017714147055
Ripe,RipeApple (303).jpg,0.2848573022959184,n/a,False,44.21259008591725,0.002938501364304205
Ripe,RipeApple (304).jpg,0.28437898596938777,n/a,False,44.37605269415687,0.0031536898170859908
Ripe,RipeApple (305).jpg,0.18243781887755103,n/a,False,62.326351285594995,0.00010924186148131964
Ripe,RipeApple (306).jpg,0.1760204081632653,n/a,False,62.38181714286517,0.00022644927536231884
Ripe,RipeApple (307).jpg,0.3313137755102041,n/a,False,105.30707637643941,0.5013233878729547
Ripe,RipeApple (308).jpg,0.3338647959183674,n/a,False,105.33055497185039,0.5038204393505253
Ripe,RipeApple (309).jpg,0.1730110012755102,n/a,False,99.44790401569647,0.06324156203202395
Ripe,RipeApple (31).jpg,0.34060108418367346,n/a,False,44.43754363592163,0.16746635459332943
Ripe,RipeApple (310).jpg,0.1661750637755102,n/a,False,99.47182686369081,0.047253538018709525
Ripe,RipeApple (311).jpg,0.2499402104591837,n/a,False,82.26413181421897,0.0007973845785822502
Ripe,RipeApple (312).jpg,0.2516342474489796,n/a,False,82.36492933080312,0.000396008236971329
Ripe,RipeApple (313).jpg,0.2170360331632653,n/a,False,89.11932656243316,0.0
Ripe,RipeApple (314).jpg,0.21641820790816327,n/a,False,89.26159698074291,9.208951100469657e-05
Ripe,RipeApple (315).jpg,0.25663663903061223,n/a,False,45.07202399834446,0.00535839092956434
Ripe,RipeApple (316).jpg,0.2579719387755102,n/a,False,45.171126987721415,0.006180469715698393
Ripe,RipeApple (317).jpg,0.28421954719387754,n/a,False,43.71765154306275,0.011640137437767338
Ripe,RipeApple (318).jpg,0.2897401147959184,n/a,False,43.794396371282794,0.016646031090934103
Ripe,RipeApple (319).jpg,0.24840561224489796,n/a,False,45.43335688668214,0.0006418485237483953
Ripe,RipeApple (32).jpg,0.34157764668367346,n/a,False,44.48299981502911,0.1508839488884999
Ripe,RipeApple (320).jpg,0.18991151147959184,n/a,False,45.50760602315449,0.000209885612341274
Ripe,RipeApple (321).jpg,0.31269929846938777,n/a,False,43.039007893454304,0.00012746972594008922
Ripe,RipeApple (322).jpg,0.3153499681122449,n/a,False,43.099629910728375,6.319914049168932e-05
Ripe,RipeApple (323).jpg,0.2004344706632653,n/a,False,46.00196726809441,0.0
Ripe,RipeApple (324).jpg,0.19957748724489796,n/a,False,46.09177677317401,0.0
Ripe,RipeApple (325).jpg,0.22975127551020408,n/a,False,37.837188796145114,0.0
Ripe,RipeApple (326).jpg,0.22959183673469388,n/a,False,37.895995701480565,0.0
Ripe,RipeApple (327).jpg,0.1495735012755102,n/a,False,74.04959426989144,0.16722185209860094
Ripe,RipeApple (328).jpg,0.14995216836734693,n/a,False,74.19553728911433,0.17251461988304093
Ripe,RipeApple (329).jpg,0.2544642857142857,n/a,False,101.57681074753656,0.0
Ripe,RipeApple (33).jpg,0.38285235969387754,n/a,False,26.38080099956551,0.2549193128578865
Ripe,RipeApple (330).jpg,0.25436463647959184,n/a,False,101.59740272770092,0.0
Ripe,RipeApple (331).jpg,0.2727200255102041,n/a,False,103.45656062739289,0.0
Ripe,RipeApple (332).jpg,0.2713647959183674,n/a,False,103.47744753697998,0.0
Ripe,RipeApple (333).jpg,0.3500876913265306,n/a,False,105.9993696117579,0.0
Ripe,RipeApple (334).jpg,0.3116031568877551,n/a,False,106.151478882434,0.0
Ripe,RipeApple (335).jpg,0.24196827168367346,n/a,False,103.42437751479554,0.0
Ripe,RipeApple (336).jpg,0.24053332270408162,n/a,False,103.43766301626556,0.0
Ripe,RipeApple (337).jpg,0.30775669642857145,n/a,False,100.9199612757601,0.17989897681647454
Ripe,RipeApple (338).jpg,0.307796556122449,n/a,False,101.0394186899397,0.18389018389018388
Ripe,RipeApple (339).jpg,0.18684231505102042,n/a,False,93.28373979997144,0.0026666666666666666
Ripe,RipeApple (34).jpg,0.3836694834183674,n/a,False,26.42366353206661,0.24513012311048776
Ripe,RipeApple (340).jpg,0.17785395408163265,n/a,False,93.4356578418978,0.0033617212012550424
Ripe,RipeApple (341).jpg,0.36918048469387754,n/a,False,66.69078787712874,0.0
Ripe,RipeApple (342).jpg,0.3696787308673469,n/a,False,66.73389782630716,0.0
Ripe,RipeApple (343).jpg,0.27517139668367346,n/a,False,65.46168737950413,0.0
Ripe,RipeApple (344).jpg,0.2766063456632653,n/a,False,65.51712717405633,0.0
Ripe,RipeApple (345).jpg,0.43241788903061223,n/a,False,44.16029824747532,0.025256947965156474
Ripe,RipeApple (346).jpg,0.4352279974489796,n/a,False,44.18832731239337,0.02408645480355344
Ripe,RipeApple (347).jpg,0.35811941964285715,n/a,False,70.11293880884467,0.0
Ripe,RipeApple (348).jpg,0.3772720025510204,n/a,False,70.36119455900354,0.0016376122556788168
Ripe,RipeApple (349).jpg,0.13857222576530612,n/a,False,103.95798957988158,0.15547245793182798
Ripe,RipeApple (35).jpg,0.23670679209183673,n/a,False,70.66360179609558,0.23263450366254104
Ripe,RipeApple (350).jpg,0.13841278698979592,n/a,False,104.000365256329,0.1601151907847372
Ripe,RipeApple (351).jpg,0.20085299744897958,n/a,False,34.45793783397792,0.02599722167096646
Ripe,RipeApple (352).jpg,0.20097257653061223,n/a,False,34.472006078128466,0.02479174930583102
Ripe,RipeApple (353).jpg,0.20091278698979592,n/a,False,59.76242658807356,0.007538934629501041
Ripe,RipeApple (354).jpg,0.20091278698979592,n/a,False,59.853951684520915,0.006150183513540323
Ripe,RipeApple (355).jpg,0.41719148596938777,n/a,False,97.78867489024071,0.035398652844790525
Ripe,RipeApple (356).jpg,0.43008609693877553,n/a,False,97.84982480759946,0.03169601482854495
Ripe,RipeApple (357).jpg,0.1426379145408163,n/a,False,99.50290964871921,0.034092496856224674
Ripe,RipeApple (358).jpg,0.14403300382653061,n/a,False,99.53103513817844,0.037498270374982705
Ripe,RipeApple (359).jpg,0.13847257653061223,n/a,False,98.24041240209823,0.20451928612550374
Ripe,RipeApple (36).jpg,0.23740433673469388,n/a,False,70.83084021861357,0.21197112155809267
Ripe,RipeApple (360).jpg,0.13928970025510204,n/a,False,98.25091444631194,0.20703963371011588
Ripe,RipeApple (361).jpg,0.3806202168367347,n/a,False,98.82140385660834,5.236150382238978e-05
Ripe,RipeApple (362).jpg,0.3781887755102041,n/a,False,98.84450377825732,0.0
Ripe,RipeApple (363).jpg,0.30697943239795916,n/a,False,105.52860492438744,0.003051353632409271
Ripe,RipeApple (364).jpg,0.306819993622449,n/a,False,105.5449351102829,0.00409223773952582
Ripe,RipeApple (365).jpg,0.32864317602040816,n/a,False,77.7810298291685,0.007580351728320194
Ripe,RipeApple (366).jpg,0.3292211415816326,n/a,False,77.8134015975327,0.006477389672498335
Ripe,RipeApple (367).jpg,0.22536670918367346,n/a,False,83.87214046034951,0.008312698974177574
Ripe,RipeApple (368).jpg,0.2269610969387755,n/a,False,83.91158917247755,0.01097646645591851
Ripe,RipeApple (369).jpg,0.4060905612244898,n/a,False,55.800938285297775,0.08352964271692187
Ripe,RipeApple (37).jpg,0.33769132653061223,n/a,False,37.56801050575853,0.19688385269121814
Ripe,RipeApple (370).jpg,0.25918765943877553,n/a,False,55.883007045077306,0.0223760092272203
Ripe,RipeApple (371).jpg,0.17657844387755103,n/a,False,36.224289872622016,0.03182844243792325
Ripe,RipeApple (372).jpg,0.17629942602040816,n/a,False,36.26191550011034,0.03289622428216143
Ripe,RipeApple (373).jpg,0.15842235331632654,n/a,False,57.1362494891913,0.0007548119260284312
Ripe,RipeApple (374).jpg,0.1581234056122449,n/a,False,57.258446999661636,0.001134358457272498
Ripe,RipeApple (375).jpg,0.11694834183673469,n/a,False,61.627908154327564,0.5349352419904567
Ripe,RipeApple (376).jpg,0.08579799107142858,n/a,True,61.77949403375254,0.5126596980255517
Ripe,RipeApple (377).jpg,0.16729113520408162,n/a,False,46.398886630895646,0.02394567548248749
Ripe,RipeApple (378).jpg,0.16745057397959184,n/a,False,46.4961906252203,0.02594620328493216
Ripe,RipeApple (379).jpg,0.31881776147959184,n/a,False,87.07109320293608,0.0
Ripe,RipeApple (38).jpg,0.33755181760204084,n/a,False,37.64096255763177,0.1493180610497727
Ripe,RipeApple (380).jpg,0.3179209183673469,n/a,False,87.12234937758433,0.0
Ripe,RipeApple (381).jpg,0.15531329719387754,n/a,False,48.910094411572764,0.17605543436417298
Ripe,RipeApple (382).jpg,0.24041374362244897,n/a,False,49.12176039938611,0.135123932686728
Ripe,RipeApple (383).jpg,0.3146922831632653,n/a,False,57.37195451126552,0.08676377454084863
Ripe,RipeApple (384).jpg,0.41565688775510207,n/a,False,57.47625414412277,0.09148446490218642
Ripe,RipeApple (385).jpg,0.21791294642857142,n/a,False,51.118475626826104,0.0033839400036583134
Ripe,RipeApple (386).jpg,0.21412627551020408,n/a,False,51.23035523128889,0.004467609828741623
Ripe,RipeApple (387).jpg,0.3001036352040816,n/a,False,83.49378522054535,0.2422632487714172
Ripe,RipeApple (388).jpg,0.298828125,n/a,False,83.78832266794022,0.184140322795785
Ripe,RipeApple (389).jpg,0.3052455357142857,n/a,False,58.29586872258392,0.0015669887699138157
Ripe,RipeApple (39).jpg,0.2575733418367347,n/a,False,45.81066323358696,0.04286598576292169
Ripe,RipeApple (390).jpg,0.391422193877551,n/a,False,58.40487375224246,0.0007128309572301426
Ripe,RipeApple (391).jpg,0.4379783163265306,n/a,False,85.13479281161784,0.11048416454313797
Ripe,RipeApple (392).jpg,0.43197943239795916,n/a,False,85.22880497923406,0.11737024221453288
Ripe,RipeApple (393).jpg,0.25330835459183676,n/a,False,54.81434644154541,0.08300550747442959
Ripe,RipeApple (394).jpg,0.2602638711734694,n/a,False,54.90462116899803,0.09204380120989356
Ripe,RipeApple (395).jpg,0.36951929209183676,n/a,False,51.52363603298101,0.0006472142818618197
Ripe,RipeApple (396).jpg,0.36635044642857145,n/a,False,51.58719664507783,0.000272005222500272
Ripe,RipeApple (397).jpg,0.4571109693877551,n/a,False,74.60864347970549,0.05776944541332403
Ripe,RipeApple (398).jpg,0.3683235012755102,n/a,False,74.71973271115384,0.033710297061847305
Ripe,RipeApple (399).jpg,0.25215242346938777,n/a,False,68.22392379376711,0.0033986721466961745
Ripe,RipeApple (4).jpg,0.19202407525510204,n/a,False,67.64730897079322,0.2203425012973534
Ripe,RipeApple (40).jpg,0.2583506058673469,n/a,False,46.01945367528571,0.04944843014734244
Ripe,RipeApple (400).jpg,0.24703045280612246,n/a,False,68.36332969458005,0.003146430012101654
Ripe,RipeApple (401).jpg,0.2690927933673469,n/a,False,74.20472578419653,0.00014812620352540364
Ripe,RipeApple (402).jpg,0.2694515306122449,n/a,False,74.25303849218714,0.00022189349112426034
Ripe,RipeApple (403).jpg,0.25021922831632654,n/a,False,86.13998691553854,0.014177618478693747
Ripe,RipeApple (404).jpg,0.24930245535714285,n/a,False,86.21295610272064,0.013989927252378288
Ripe,RipeApple (405).jpg,0.45992107780612246,n/a,False,63.127141833927794,0.18559604801317328
Ripe,RipeApple (406).jpg,0.4758250956632653,n/a,False,63.24306209787148,0.16364397905759162
Ripe,RipeApple (407).jpg,0.5146683673469388,n/a,False,54.720966825699975,0.0
Ripe,RipeApple (408).jpg,0.515007174744898,n/a,False,54.829663677843335,0.0
Ripe,RipeApple (409).jpg,0.38333067602040816,n/a,False,89.47149323657165,0.04247686388686701
Ripe,RipeApple (41).jpg,0.20210857780612246,n/a,False,53.555991121256085,0.22167439108569176
Ripe,RipeApple (410).jpg,0.35722257653061223,n/a,False,89.5166263512986,0.0490403927694711
Ripe,RipeApple (411).jpg,0.41416214923469385,n/a,False,100.86552677683619,0.0030316154179298397
Ripe,RipeApple (412).jpg,0.4150988520408163,n/a,False,100.92313430388812,0.0032648357979642786
Ripe,RipeApple (413).jpg,0.2863719706632653,n/a,False,93.84179157133632,0.004593221518546872
Ripe,RipeApple (414).jpg,0.2984095982142857,n/a,False,93.93230005813383,0.010084819341481333
Ripe,RipeApple (415).jpg,0.30763711734693877,n/a,False,37.73735054048833,0.0
Ripe,RipeApple (416).jpg,0.3073780293367347,n/a,False,37.76610209250136,0.0
Ripe,RipeApple (417).jpg,0.24728954081632654,n/a,False,52.72714180980602,0.06350741457124436
Ripe,RipeApple (418).jpg,0.24716996173469388,n/a,False,52.7554167391545,0.06942428640541848
Ripe,RipeApple (419).jpg,0.16619499362244897,n/a,False,62.82214581493309,0.01642882839669025
Ripe,RipeApple (42).jpg,0.20172991071428573,n/a,False,53.71737249364398,0.22050978067575577
Ripe,RipeApple (420).jpg,0.1660953443877551,n/a,False,62.88133615538511,0.007199424046076314
Ripe,RipeApple (421).jpg,0.09849330357142858,n/a,False,63.884262286065656,0.12343180898421692
Ripe,RipeApple (422).jpg,0.09841358418367346,n/a,False,64.01604970171962,0.11907654921020656
Ripe,RipeApple (423).jpg,0.10433274872448979,n/a,False,58.10212311470767,0.011843361986628463
Ripe,RipeApple (424).jpg,0.10628587372448979,n/a,False,58.21483751684459,0.010313144571535721
Ripe,RipeApple (425).jpg,0.10648517219387756,n/a,False,59.072720028099326,0.049784765113232265
Ripe,RipeApple (426).jpg,0.10632573341836735,n/a,False,59.15061519705449,0.029615745079662605
Ripe,RipeApple (427).jpg,0.26283482142857145,n/a,False,103.51560522378657,0.3059599636032757
Ripe,RipeApple (428).jpg,0.2492625956632653,n/a,False,103.55749355804255,0.3362916766610698
Ripe,RipeApple (429).jpg,0.15662866709183673,n/a,False,100.60949027235249,0.025194045043898716
Ripe,RipeApple (43).jpg,0.36641023596938777,n/a,False,61.972561741349786,0.004623334239869459
Ripe,RipeApple (430).jpg,0.15740593112244897,n/a,False,100.63987387255197,0.03127374018738921
Ripe,RipeApple (431).jpg,0.1438934948979592,n/a,False,107.01210920485249,0.3616343490304709
Ripe,RipeApple (432).jpg,0.15154655612244897,n/a,False,107.04084053269465,0.3136507101525513
Ripe,RipeApple (433).jpg,0.20748963647959184,n/a,False,101.37589143829807,0.010085486504658535
Ripe,RipeApple (434).jpg,0.20846619897959184,n/a,False,101.41294768881444,0.008795411089866157
Ripe,RipeApple (435).jpg,0.1828563456632653,n/a,False,100.72111781039443,0.0826158038147139
Ripe,RipeApple (436).jpg,0.18273676658163265,n/a,False,100.7572619136011,0.08877740211582506
Ripe,RipeApple (437).jpg,0.16764987244897958,n/a,False,97.87114046204113,0.0011887779362815027
Ripe,RipeApple (438).jpg,0.16844706632653061,n/a,False,97.92080810172233,0.000473260766682442
Ripe,RipeApple (439).jpg,0.18439094387755103,n/a,False,98.23738792775549,0.0
Ripe,RipeApple (44).jpg,0.36545360331632654,n/a,False,62.126321543284256,0.005289851120684954
Ripe,RipeApple (440).jpg,0.1836734693877551,n/a,False,98.28106909427514,0.0
Ripe,RipeApple (441).jpg,0.2782405931122449,n/a,False,57.511759245512984,7.162810686913545e-05
Ripe,RipeApple (442).jpg,0.27895806760204084,n/a,False,57.57053774551391,7.144388083160678e-05
Ripe,RipeApple (443).jpg,0.12228954081632654,n/a,False,53.624781721432306,0.0423728813559322
Ripe,RipeApple (444).jpg,0.12284757653061225,n/a,False,53.6746360993188,0.053698896820246596
Ripe,RipeApple (445).jpg,0.2259247448979592,n/a,False,45.606364705061196,0.14740649258997882
Ripe,RipeApple (446).jpg,0.22576530612244897,n/a,False,45.891467005595665,0.13647598870056496
Ripe,RipeApple (447).jpg,0.33964445153061223,n/a,False,103.36503427212541,0.0
Ripe,RipeApple (448).jpg,0.3408801020408163,n/a,False,103.45138601580716,0.0
Ripe,RipeApple (449).jpg,0.39295679209183676,n/a,False,49.145881098967294,0.0038545417659887407
Ripe,RipeApple (45).jpg,0.17916932397959184,n/a,False,63.65204329533028,0.03414905450500556
Ripe,RipeApple (450).jpg,0.3680444834183674,n/a,False,49.21214870168205,0.002545080413710944
Ripe,RipeApple (451).jpg,0.1847297512755102,n/a,False,50.62955528031633,0.0005394325169921243
Ripe,RipeApple (452).jpg,0.18564652423469388,n/a,False,50.697715810182906,0.0008588298443370907
Ripe,RipeApple (453).jpg,0.34281329719387754,n/a,False,78.58925522069954,0.0
Ripe,RipeApple (454).jpg,0.33906648596938777,n/a,False,78.7061428940296,0.0
Ripe,RipeApple (455).jpg,0.2954599808673469,n/a,False,62.689111126887205,0.0166610455311973
Ripe,RipeApple (456).jpg,0.2903579400510204,n/a,False,62.81071124169497,0.027318278536618848
Ripe,RipeApple (457).jpg,0.3411192602040816,n/a,False,98.91900095783323,0.0
Ripe,RipeApple (458).jpg,0.34095982142857145,n/a,False,98.96379328504646,0.0
Ripe,RipeApple (459).jpg,0.43411192602040816,n/a,False,88.13034639550465,0.0
Ripe,RipeApple (46).jpg,0.18682238520408162,n/a,False,63.89828717464395,0.004160443780669938
Ripe,RipeApple (460).jpg,0.43648357780612246,n/a,False,88.21058663478328,0.0
Ripe,RipeApple (461).jpg,0.20461973852040816,n/a,False,96.9393985689685,0.0023375864419986365
Ripe,RipeApple (462).jpg,0.20459980867346939,n/a,False,97.3136436697843,0.10081823495032145
Ripe,RipeApple (463).jpg,0.15806361607142858,n/a,False,73.98892848698871,0.019291388223427058
Ripe,RipeApple (464).jpg,0.13131776147959184,n/a,False,74.13972198195275,0.022916982850204888
Ripe,RipeApple (465).jpg,0.23090720663265307,n/a,False,70.98429967155967,0.047384774728120145
Ripe,RipeApple (466).jpg,0.2282764668367347,n/a,False,71.41324188611381,0.04906582853151737
Ripe,RipeApple (467).jpg,0.3880141900510204,n/a,False,55.46480913718499,0.009656376804150187
Ripe,RipeApple (468).jpg,0.3865991709183674,n/a,False,55.60578310123617,0.009537065676873905
Ripe,RipeApple (469).jpg,0.34572305484693877,n/a,False,51.341141511348155,0.0
Ripe,RipeApple (47).jpg,0.21651785714285715,n/a,False,66.12160178514117,0.13751840942562593
Ripe,RipeApple (470).jpg,0.343570631377551,n/a,False,51.433659130419066,0.0
Ripe,RipeApple (471).jpg,0.18746014030612246,n/a,False,42.21361332181678,0.0
Ripe,RipeApple (472).jpg,0.1859454719387755,n/a,False,42.29431831022513,0.0
Ripe,RipeApple (473).jpg,0.25400589923469385,n/a,False,74.22426186306404,0.03601412318556296
Ripe,RipeApple (474).jpg,0.25191326530612246,n/a,False,74.37106602862207,0.04018987341772152
Ripe,RipeApple (475).jpg,0.36362005739795916,n/a,False,86.8925628400659,0.04127158125513839
Ripe,RipeApple (476).jpg,0.37342554209183676,n/a,False,86.98981237293954,0.0446176015370657
Ripe,RipeApple (477).jpg,0.30506616709183676,n/a,False,96.7320418113738,0.08055138172078134
Ripe,RipeApple (478).jpg,0.304866868622449,n/a,False,97.09246087331735,0.08334967640713865
Ripe,RipeApple (479).jpg,0.41641422193877553,n/a,False,62.9579084639528,0.07547621326696659
Ripe,RipeApple (48).jpg,0.21552136479591838,n/a,False,66.43039334499792,0.12363602737192528
Ripe,RipeApple (480).jpg,0.41597576530612246,n/a,False,63.24711060988329,0.07828669988501341
Ripe,RipeApple (481).jpg,0.4065090880102041,n/a,False,69.9100366177239,0.02505270382899446
Ripe,RipeApple (482).jpg,0.4079440369897959,n/a,False,70.32771336112289,0.026430211539401047
Ripe,RipeApple (483).jpg,0.2762476084183674,n/a,False,72.1175302303787,0.0026693600750306618
Ripe,RipeApple (484).jpg,0.27461336096938777,n/a,False,72.29538921026166,0.0024675230423107626
Ripe,RipeApple (485).jpg,0.25647720025510207,n/a,False,46.00212293113339,0.0
Ripe,RipeApple (486).jpg,0.25685586734693877,n/a,False,46.14821532441866,0.0
Ripe,RipeApple (487).jpg,0.23497289540816327,n/a,False,76.26275926644108,0.07167090754877015
Ripe,RipeApple (488).jpg,0.23479352678571427,n/a,False,76.63378018187326,0.07563025210084033
Ripe,RipeApple (489).jpg,0.11328125,n/a,False,34.048250246648145,0.22642505277973257
Ripe,RipeApple (49).jpg,0.17338966836734693,n/a,False,58.429464480311914,0.34402298850574714
Ripe,RipeApple (490).jpg,0.11575255102040816,n/a,False,34.16980836125155,0.24431818181818182
Ripe,RipeApple (491).jpg,0.12378427933673469,n/a,False,42.31988622480793,0.24665915311544034
Ripe,RipeApple (492).jpg,0.12422273596938775,n/a,False,42.474461616528394,0.20792555751644473
Ripe,RipeApple (493).jpg,0.41541772959183676,n/a,False,49.109507424834135,0.0009115332949529841
Ripe,RipeApple (494).jpg,0.4170519770408163,n/a,False,49.136261216559355,0.0012902609194303737
Ripe,RipeApple (495).jpg,0.40409757653061223,n/a,False,90.7982577868812,0.0046853422765831525
Ripe,RipeApple (496).jpg,0.39724170918367346,n/a,False,90.8595646009428,0.004665863937387116
Ripe,RipeApple (497).jpg,0.3301578443877551,n/a,False,45.8649860431074,0.0003621876131836291
Ripe,RipeApple (498).jpg,0.3280652104591837,n/a,False,45.94202865658164,0.0006074965068950854
Ripe,RipeApple (499).jpg,0.266780931122449,n/a,False,66.81176304711708,0.02965785148662782
Ripe,RipeApple (5).jpg,0.5096061862244898,n/a,False,97.25548937153833,0.0
Ripe,RipeApple (50).jpg,0.17364875637755103,n/a,False,58.67968215959269,0.3168828187765408
Ripe,RipeApple (500).jpg,0.26933195153061223,n/a,False,66.88150497261726,0.012875536480686695
Ripe,RipeApple (501).jpg,0.32870296556122447,n/a,False,95.37365427232726,0.015885527193354756
Ripe,RipeApple (502).jpg,0.32742745535714285,n/a,False,95.439346796543,0.016738693773205915
Ripe,RipeApple (503).jpg,0.3403818558673469,n/a,False,90.88761091892889,0.0
Ripe,RipeApple (504).jpg,0.3394052933673469,n/a,False,90.94788251189117,0.0
Ripe,RipeApple (505).jpg,0.30859375,n/a,False,61.474075252210035,6.45827951433738e-05
Ripe,RipeApple (506).jpg,0.3084741709183674,n/a,False,61.57058223681395,6.460783046905285e-05
Ripe,RipeApple (507).jpg,0.47829639668367346,n/a,False,102.87625227457598,0.0
Ripe,RipeApple (508).jpg,0.4829201211734694,n/a,False,102.89997272291737,0.0
Ripe,RipeApple (509).jpg,0.43494897959183676,n/a,False,103.90859874496705,0.0002749266862170088
Ripe,RipeApple (51).jpg,0.33980389030612246,n/a,False,51.071067797243224,0.1696774193548387
Ripe,RipeApple (510).jpg,0.4346898915816326,n/a,False,103.92818354350321,0.0003667874008527807
Ripe,RipeApple (511).jpg,0.46097735969387754,n/a,False,101.75041814445036,0.0
Ripe,RipeApple (512).jpg,0.4613759566326531,n/a,False,101.77342131417498,0.0
Ripe,RipeApple (513).jpg,0.5127152423469388,n/a,False,102.41694198415759,0.0
Ripe,RipeApple (514).jpg,0.513054049744898,n/a,False,102.42797996377989,0.0
Ripe,RipeApple (515).jpg,0.4746890943877551,n/a,False,105.78043993758303,0.02376354017969603
Ripe,RipeApple (516).jpg,0.4768813775510204,n/a,False,105.84255913309009,0.02478268137746573
Ripe,RipeApple (517).jpg,0.49619339923469385,n/a,False,99.93138205763269,0.0
Ripe,RipeApple (518).jpg,0.4965322066326531,n/a,False,99.99054179610788,0.0
Ripe,RipeApple (519).jpg,0.3872169961734694,n/a,False,101.81470338622647,0.0
Ripe,RipeApple (52).jpg,0.3397839604591837,n/a,False,51.2816178737043,0.17314798521907443
Ripe,RipeApple (520).jpg,0.3872169961734694,n/a,False,101.83676845668583,0.0
Ripe,RipeApple (521).jpg,0.45340401785714285,n/a,False,101.73323195743977,0.0
Ripe,RipeApple (522).jpg,0.4524473852040816,n/a,False,101.7605369579956,0.0
Ripe,RipeApple (523).jpg,0.4262197066326531,n/a,False,102.86472383836201,0.02384737678855326
Ripe,RipeApple (524).jpg,0.42629942602040816,n/a,False,102.89179285112982,0.024590930341280973
Ripe,RipeApple (525).jpg,0.19650829081632654,n/a,False,90.94449039508298,0.1588235294117647
Ripe,RipeApple (526).jpg,0.19688695790816327,n/a,False,91.04450306771666,0.0011134730235853832
Ripe,RipeApple (527).jpg,0.2763073979591837,n/a,False,95.69850922639739,0.0
Ripe,RipeApple (528).jpg,0.2759486607142857,n/a,False,95.74637288309977,0.0
Ripe,RipeApple (529).jpg,0.3252551020408163,n/a,False,102.98409283806329,0.0
Ripe,RipeApple (53).jpg,0.47441007653061223,n/a,False,47.20448245427065,0.031171231725760376
Ripe,RipeApple (530).jpg,0.32627152423469385,n/a,False,103.03888339141788,0.0
Ripe,RipeApple (531).jpg,0.2708067602040816,n/a,False,102.82755171124978,0.0
Ripe,RipeApple (532).jpg,0.27070711096938777,n/a,False,102.89207459260433,0.0
Ripe,RipeApple (533).jpg,0.5163624043367347,n/a,False,102.94299956704276,0.0
Ripe,RipeApple (534).jpg,0.5170200892857143,n/a,False,102.96948092840843,0.0
Ripe,RipeApple (535).jpg,0.44248246173469385,n/a,False,97.89710405454669,0.0
Ripe,RipeApple (536).jpg,0.4436782525510204,n/a,False,97.90136164499228,0.0
Ripe,RipeApple (537).jpg,0.45469945790816324,n/a,False,101.85018516873765,0.0
Ripe,RipeApple (538).jpg,0.4551578443877551,n/a,False,101.87046964598399,0.0
Ripe,RipeApple (539).jpg,0.5036073022959183,n/a,False,102.84642119748264,0.0
Ripe,RipeApple (54).jpg,0.4735730229591837,n/a,False,47.295178693374815,0.029837555761299553
Ripe,RipeApple (540).jpg,0.5034478635204082,n/a,False,102.88253595637939,0.0
Ripe,RipeApple (541).jpg,0.3778698979591837,n/a,False,101.63413537943079,0.0
Ripe,RipeApple (542).jpg,0.3784080038265306,n/a,False,101.65363872775173,0.0
Ripe,RipeApple (543).jpg,0.413265306122449,n/a,False,101.81511986997013,0.0
Ripe,RipeApple (544).jpg,0.41304607780612246,n/a,False,101.84151108052357,0.0
Ripe,RipeApple (545).jpg,0.4703842474489796,n/a,False,101.7052799939385,0.0
Ripe,RipeApple (546).jpg,0.4694276147959184,n/a,False,101.72579455245831,0.0
Ripe,RipeApple (547).jpg,0.22112165178571427,n/a,False,60.01446563424741,0.0487607030193781
Ripe,RipeApple (548).jpg,0.21733498086734693,n/a,False,60.182245110584596,0.033012379642365884
Ripe,RipeApple (549).jpg,0.4097177933673469,n/a,False,76.7574645048259,0.0354606479229497
Ripe,RipeApple (55).jpg,0.4952367665816326,n/a,False,53.19331778181506,0.1896655801038271
Ripe,RipeApple (550).jpg,0.4028220663265306,n/a,False,77.02207336158864,0.009103502869582426
Ripe,RipeApple (551).jpg,0.4115513392857143,n/a,False,101.73038310291476,0.0
Ripe,RipeApple (552).jpg,0.4131457270408163,n/a,False,101.75033231847038,0.0
Ripe,RipeApple (553).jpg,0.1503308354591837,n/a,False,101.43335079038992,0.0
Ripe,RipeApple (554).jpg,0.15058992346938777,n/a,False,101.4355849009073,0.005955532027527793
Ripe,RipeApple (555).jpg,0.43028539540816324,n/a,False,96.80974136381154,0.0
Ripe,RipeApple (556).jpg,0.429866868622449,n/a,False,96.85738665660422,0.0
Ripe,RipeApple (557).jpg,0.24619339923469388,n/a,False,74.74861688279837,0.003399983809600907
Ripe,RipeApple (558).jpg,0.24637276785714285,n/a,False,74.94386523511368,0.003640187671897751
Ripe,RipeApple (559).jpg,0.3874362244897959,n/a,False,104.79994136756683,0.0
Ripe,RipeApple (56).jpg,0.3967833227040816,n/a,False,53.29867071907481,0.2542568687528254
Ripe,RipeApple (560).jpg,0.3875358737244898,n/a,False,104.82473901312595,0.0
Ripe,RipeApple (561).jpg,0.23044882015306123,n/a,False,106.09671685716307,0.005102482054830062
Ripe,RipeApple (562).jpg,0.23889907525510204,n/a,False,106.11913265945437,0.022357554016851588
Ripe,RipeApple (563).jpg,0.10273836096938775,n/a,False,62.713348116322585,0.01862269641125121
Ripe,RipeApple (564).jpg,0.10295758928571429,n/a,False,63.058735460701484,0.02168021680216802
Ripe,RipeApple (565).jpg,0.20218829719387754,n/a,False,53.74485702022279,0.003252833908329226
Ripe,RipeApple (566).jpg,0.19696667729591838,n/a,False,53.81293804910931,0.0035414347870079935
Ripe,RipeApple (567).jpg,0.23573022959183673,n/a,False,54.81284048481579,0.008877240446398376
Ripe,RipeApple (568).jpg,0.23596938775510204,n/a,False,54.9118507157719,0.008783783783783784
Ripe,RipeApple (569).jpg,0.22283561862244897,n/a,False,65.70232064421658,0.07888382076737323
Ripe,RipeApple (57).jpg,0.2919323979591837,n/a,False,50.70159362928996,0.014131622064445659
Ripe,RipeApple (570).jpg,0.22733976403061223,n/a,False,66.0187130391691,0.07784693609187342
Ripe,RipeApple (571).jpg,0.21316964285714285,n/a,False,46.6547286815531,0.007853403141361256
Ripe,RipeApple (572).jpg,0.2336375956632653,n/a,False,46.799892191200804,0.007762518126759362
Ripe,RipeApple (573).jpg,0.3588169642857143,n/a,False,67.21128644990307,0.036769606754054655
Ripe,RipeApple (574).jpg,0.3500876913265306,n/a,False,67.33061106487389,0.028350222019810998
Ripe,RipeApple (575).jpg,0.20330436862244897,n/a,False,59.91709569208505,0.0018625624938731497
Ripe,RipeApple (576).jpg,0.2022082270408163,n/a,False,60.72625418384385,9.856100926473487e-05
Ripe,RipeApple (577).jpg,0.21340880102040816,n/a,False,52.28222227929704,0.010926410160627568
Ripe,RipeApple (578).jpg,0.2137874681122449,n/a,False,53.21296956483553,0.004101799198284702
Ripe,RipeApple (579).jpg,0.42053970025510207,n/a,False,77.51664432190466,0.009099094829628928
Ripe,RipeApple (58).jpg,0.29195232780612246,n/a,False,50.863407479083975,0.018499556283705372
Ripe,RipeApple (580).jpg,0.41982222576530615,n/a,False,77.64869579831846,0.008544979824353193
Ripe,RipeApple (581).jpg,0.30391023596938777,n/a,False,106.03531625068455,0.0
Ripe,RipeApple (582).jpg,0.30422911352040816,n/a,False,106.05485616028677,0.0
Ripe,RipeApple (583).jpg,0.37464126275510207,n/a,False,66.65806742027158,0.008724332375784658
Ripe,RipeApple (584).jpg,0.37625558035714285,n/a,False,66.91498563014915,0.009693310027014143
Ripe,RipeApple (585).jpg,0.18991151147959184,n/a,False,55.99160694228342,0.04690943435827474
Ripe,RipeApple (586).jpg,0.18821747448979592,n/a,False,56.0501458056537,0.046272765777213044
Ripe,RipeApple (587).jpg,0.272281568877551,n/a,False,105.90045419700618,0.0
Ripe,RipeApple (588).jpg,0.2697903380102041,n/a,False,105.99623286552851,0.0
Ripe,RipeApple (589).jpg,0.24131058673469388,n/a,False,51.36599857639283,0.2484307895606211
Ripe,RipeApple (59).jpg,0.14899553571428573,n/a,False,88.83740291483186,0.09309791332263243
Ripe,RipeApple (590).jpg,0.24547592474489796,n/a,False,51.448341077982384,0.24794998782170982
Ripe,RipeApple (591).jpg,0.4008689413265306,n/a,False,75.72237635010079,0.08620861091776871
Ripe,RipeApple (592).jpg,0.20244738520408162,n/a,False,76.14161042587348,0.03445560149635755
Ripe,RipeApple (593).jpg,0.14530851403061223,n/a,False,48.033887475413,0.01275545192703333
Ripe,RipeApple (594).jpg,0.1445910395408163,n/a,False,48.07886731028577,0.006202618883528601
Ripe,RipeApple (595).jpg,0.4013671875,n/a,False,74.21727801594155,0.04841352599433934
Ripe,RipeApple (596).jpg,0.40182557397959184,n/a,False,74.29741147464,0.04627517111397679
Ripe,RipeApple (597).jpg,0.31825972576530615,n/a,False,97.02508074067678,0.0
Ripe,RipeApple (598).jpg,0.31837930484693877,n/a,False,97.05418670174508,0.0
Ripe,RipeApple (599).jpg,0.35706313775510207,n/a,False,97.0405800253435,0.006028131279303416
Ripe,RipeApple (6).jpg,0.5094467474489796,n/a,False,97.28011448078071,0.0
Ripe,RipeApple (60).jpg,0.20740991709183673,n/a,False,88.93945418733897,0.06293840684154896
Ripe,RipeApple (600).jpg,0.3612085459183674,n/a,False,97.06883292399273,0.012138600750386228
Ripe,RipeApple (601).jpg,0.2420280612244898,n/a,False,105.88874984853284,0.00032938076416337287
Ripe,RipeApple (602).jpg,0.2444794323979592,n/a,False,105.90758314061118,0.004157495720224994
Ripe,RipeApple (603).jpg,0.2717833227040816,n/a,False,77.88356271793056,0.0031531861846447167
Ripe,RipeApple (604).jpg,0.27162388392857145,n/a,False,78.05851321196982,0.00454912319319099
Ripe,RipeApple (605).jpg,0.2716438137755102,n/a,False,83.54777286387619,0.04292002934702861
Ripe,RipeApple (606).jpg,0.24314413265306123,n/a,False,83.75483947898977,0.04959016393442623
Ripe,RipeApple (607).jpg,0.21464445153061223,n/a,False,87.52217179664478,0.009377901578458681
Ripe,RipeApple (608).jpg,0.2147640306122449,n/a,False,87.67676409999434,0.011135857461024499
Ripe,RipeApple (609).jpg,0.39072464923469385,n/a,False,105.73556273019138,0.009640397857689364
Ripe,RipeApple (61).jpg,0.369319993622449,n/a,False,87.00510948096945,0.0
Ripe,RipeApple (610).jpg,0.3907844387755102,n/a,False,105.76198259468993,0.011729906160750715
Ripe,RipeApple (611).jpg,0.17384805484693877,n/a,False,89.14110655247798,0.11486873781955749
Ripe,RipeApple (612).jpg,0.17436623086734693,n/a,False,89.3029395575287,0.12995770945250887
Ripe,RipeApple (613).jpg,0.36306202168367346,n/a,False,96.09177822519261,0.06323763517593457
Ripe,RipeApple (614).jpg,0.36134805484693877,n/a,False,96.15079744317511,0.07026639457283106
Ripe,RipeApple (615).jpg,0.4932437818877551,n/a,False,73.26853235830326,0.07745767505757808
Ripe,RipeApple (616).jpg,0.5418925382653061,n/a,False,73.6966442559504,0.06439867598381759
Ripe,RipeApple (617).jpg,0.265804368622449,n/a,False,80.55557027054046,0.0
Ripe,RipeApple (618).jpg,0.2709861288265306,n/a,False,80.68061259768281,7.35456350665588e-05
Ripe,RipeApple (619).jpg,0.21916852678571427,n/a,False,68.39196898155969,0.019823588251341274
Ripe,RipeApple (62).jpg,0.3723094706632653,n/a,False,87.06125990817942,0.0
Ripe,RipeApple (620).jpg,0.2185108418367347,n/a,False,68.48199716487386,0.020339292229113463
Ripe,RipeApple (621).jpg,0.31821986607142855,n/a,False,101.0376189960607,0.0
Ripe,RipeApple (622).jpg,0.31650589923469385,n/a,False,101.21140917917614,0.00012593665386310686
Ripe,RipeApple (623).jpg,0.32997847576530615,n/a,False,102.083746502853,0.0
Ripe,RipeApple (624).jpg,0.3305564413265306,n/a,False,102.28456048510286,0.0
Ripe,RipeApple (625).jpg,0.24473852040816327,n/a,False,88.09412342657816,0.011644951140065146
Ripe,RipeApple (626).jpg,0.24459901147959184,n/a,False,88.1825216032275,0.010755316548521144
Ripe,RipeApple (627).jpg,0.4524673150510204,n/a,False,40.80070441615869,0.20072237149275426
Ripe,RipeApple (628).jpg,0.4493781887755102,n/a,False,40.85794799551744,0.18622494234521908
Ripe,RipeApple (629).jpg,0.24459901147959184,n/a,False,88.27098262966632,0.04440642059806078
Ripe,RipeApple (63).jpg,0.22961176658163265,n/a,False,100.90581397806285,0.0
Ripe,RipeApple (630).jpg,0.26303411989795916,n/a,False,88.4317674290218,0.029019548416426733
Ripe,RipeApple (631).jpg,0.28356186224489793,n/a,False,85.90554648231712,0.0007028394714647174
Ripe,RipeApple (632).jpg,0.2837013711734694,n/a,False,86.0251100333868,0.0007024938531787847
Ripe,RipeApple (633).jpg,0.41270727040816324,n/a,False,97.15954507895133,0.0505118794668727
Ripe,RipeApple (634).jpg,0.40866151147959184,n/a,False,97.18341173157148,0.04730553523530846
Ripe,RipeApple (635).jpg,0.31407445790816324,n/a,False,97.045064514707,0.00012691160606637477
Ripe,RipeApple (636).jpg,0.314632493622449,n/a,False,97.06601630300084,0.00019002977133084184
Ripe,RipeApple (637).jpg,0.23290019132653061,n/a,False,55.40374021921435,0.02935136060243026
Ripe,RipeApple (638).jpg,0.23190369897959184,n/a,False,55.48867878591616,0.029563423856995532
Ripe,RipeApple (639).jpg,0.43991151147959184,n/a,False,97.06255536934005,0.0
Ripe,RipeApple (64).jpg,0.3879344706632653,n/a,False,101.02578598238436,0.0
Ripe,RipeApple (640).jpg,0.4393734056122449,n/a,False,97.09043172590361,0.0
Ripe,RipeApple (641).jpg,0.36503507653061223,n/a,False,35.01366216514064,0.06382397903472374
Ripe,RipeApple (642).jpg,0.36379942602040816,n/a,False,35.11835311443657,0.061411197545743396
Ripe,RipeApple (643).jpg,0.29063695790816324,n/a,False,97.30756432102562,0.0
Ripe,RipeApple (644).jpg,0.29398517219387754,n/a,False,97.3293091895457,0.0
Ripe,RipeApple (645).jpg,0.33127391581632654,n/a,False,102.08906089610163,0.02785465046324149
Ripe,RipeApple (646).jpg,0.32948022959183676,n/a,False,102.12134590332988,0.029155577062666343
Ripe,RipeApple (647).jpg,0.2685546875,n/a,False,97.11561988631148,0.006827458256029684
Ripe,RipeApple (648).jpg,0.2673190369897959,n/a,False,97.14657939217902,0.005591590248266607
Ripe,RipeApple (649).jpg,0.19868064413265307,n/a,False,13.001472511569844,0.0
Ripe,RipeApple (65).jpg,0.3654735331632653,n/a,False,101.59408172123987,5.4531573781219325e-05
Ripe,RipeApple (650).jpg,0.197265625,n/a,False,13.062281671339306,0.0
Ripe,RipeApple (651).jpg,0.29300860969387754,n/a,False,99.11867844054505,0.0
Ripe,RipeApple (652).jpg,0.29354671556122447,n/a,False,99.13912750229342,0.0
Ripe,RipeApple (653).jpg,0.25526147959183676,n/a,False,97.06209992214194,7.807620237351655e-05
Ripe,RipeApple (654).jpg,0.25679607780612246,n/a,False,97.09198957176532,0.00015521924718665114
Ripe,RipeApple (655).jpg,0.2369060905612245,n/a,False,97.27597978381635,0.0
Ripe,RipeApple (656).jpg,0.23606903698979592,n/a,False,97.30191541657025,0.0
Ripe,RipeApple (657).jpg,0.26407047193877553,n/a,False,54.260215699586944,0.012452830188679246
Ripe,RipeApple (658).jpg,0.25583944515306123,n/a,False,54.35370235325607,0.00856898029134533
Ripe,RipeApple (659).jpg,0.4407286352040816,n/a,False,97.20344864639692,0.0
Ripe,RipeApple (66).jpg,0.3657724808673469,n/a,False,101.61206452833432,0.0
Ripe,RipeApple (660).jpg,0.44302056760204084,n/a,False,97.22595094311613,0.0004048765126636376
Ripe,RipeApple (661).jpg,0.3662707270408163,n/a,False,101.92397568264725,0.0
Ripe,RipeApple (662).jpg,0.3652941645408163,n/a,False,101.90403102345613,0.0
Ripe,RipeApple (663).jpg,0.44387755102040816,n/a,False,96.8077261026372,0.0002244971264367816
Ripe,RipeApple (664).jpg,0.4440170599489796,n/a,False,96.83744150151823,0.00013465595403743436
Ripe,RipeApple (665).jpg,0.49449936224489793,n/a,False,97.24078548335433,0.00016121231662098983
Ripe,RipeApple (666).jpg,0.494140625,n/a,False,97.22787522508501,0.0003629910462208599
Ripe,RipeApple (667).jpg,0.46139588647959184,n/a,False,99.22503230450765,0.0005615308194030495
Ripe,RipeApple (668).jpg,0.4612563775510204,n/a,False,99.29754969027017,0.0008641548565502938
Ripe,RipeApple (669).jpg,0.256656568877551,n/a,False,74.0908584142804,0.07571051405497749
Ripe,RipeApple (67).jpg,0.21318957270408162,n/a,False,59.936801982657165,0.0010283256987940544
Ripe,RipeApple (670).jpg,0.17920918367346939,n/a,False,74.37028887321208,0.035698398576512455
Ripe,RipeApple (671).jpg,0.13087930484693877,n/a,False,71.30688635023255,0.012943505405816964
Ripe,RipeApple (672).jpg,0.13171635841836735,n/a,False,71.52953689593608,0.01558480859434105
Ripe,RipeApple (673).jpg,0.47305484693877553,n/a,False,97.36168404261554,0.003033367037411527
Ripe,RipeApple (674).jpg,0.4750279017857143,n/a,False,97.38163051052567,0.005244388504300398
Ripe,RipeApple (675).jpg,0.46422592474489793,n/a,False,97.09400966212513,0.0002575881166015541
Ripe,RipeApple (676).jpg,0.4638073979591837,n/a,False,97.12227553614719,0.0004726710209694053
Ripe,RipeApple (677).jpg,0.2220184948979592,n/a,False,33.834547492638166,0.0033213644524236986
Ripe,RipeApple (678).jpg,0.22227758290816327,n/a,False,33.87409218372005,0.00403478884605039
Ripe,RipeApple (679).jpg,0.29276945153061223,n/a,False,101.48310114144259,0.0015656909462219196
Ripe,RipeApple (68).jpg,0.14805883290816327,n/a,False,60.04420936833006,0.0021537219006595772
Ripe,RipeApple (680).jpg,0.29366629464285715,n/a,False,101.50372884312799,0.0021038344078724127
Ripe,RipeApple (681).jpg,0.29139429209183676,n/a,False,101.47387838721717,0.011353532590110115
Ripe,RipeApple (682).jpg,0.2916932397959184,n/a,False,101.49449397283638,0.01052200054659743
Ripe,RipeApple (683).jpg,0.24469866071428573,n/a,False,101.31348150454801,0.05627952435250041
Ripe,RipeApple (684).jpg,0.25229193239795916,n/a,False,101.33418272237104,0.050793901572004106
Ripe,RipeApple (685).jpg,0.23457429846938777,n/a,False,36.266038598117454,0.00875106202209006
Ripe,RipeApple (686).jpg,0.23549107142857142,n/a,False,36.290637333008256,0.011763710223425863
Ripe,RipeApple (687).jpg,0.3163265306122449,n/a,False,36.42047907571239,0.011970766129032258
Ripe,RipeApple (688).jpg,0.3099888392857143,n/a,False,36.46365451702246,0.011058248682011058
Ripe,RipeApple (689).jpg,0.2935068558673469,n/a,False,37.694372279054875,0.012833570992055409
Ripe,RipeApple (69).jpg,0.21303013392857142,n/a,False,44.405967275673845,0.0
Ripe,RipeApple (690).jpg,0.2940051020408163,n/a,False,37.725122969221104,0.012879609544468547
Ripe,RipeApple (691).jpg,0.4221340880102041,n/a,False,36.17298306645665,0.13620697795193806
Ripe,RipeApple (692).jpg,0.4208984375,n/a,False,36.19776865780329,0.13854822671528008
Ripe,RipeApple (693).jpg,0.2862523915816326,n/a,False,44.10661187319292,0.022766831441899324
Ripe,RipeApple (694).jpg,0.28282445790816324,n/a,False,44.13009786829709,0.020435487280670846
Ripe,RipeApple (695).jpg,0.28750797193877553,n/a,False,96.92904566410958,0.0
Ripe,RipeApple (696).jpg,0.28738839285714285,n/a,False,96.9535498579293,0.0
Ripe,RipeApple (697).jpg,0.306461256377551,n/a,False,42.51617162317792,0.03791376731482084
Ripe,RipeApple (698).jpg,0.3061025191326531,n/a,False,42.52846635084207,0.03164268507064262
Ripe,RipeApple (699).jpg,0.45071348852040816,n/a,False,97.35704878242727,8.843687817820032e-05
Ripe,RipeApple (7).jpg,0.340999681122449,n/a,False,96.90887021699432,0.0
Ripe,RipeApple (70).jpg,0.21348852040816327,n/a,False,44.41589653680946,0.0
Ripe,RipeApple (700).jpg,0.4455516581632653,n/a,False,97.3769655629154,0.00022365360529611738
Ripe,RipeApple (701).jpg,0.3459622130102041,n/a,False,97.65181589653075,0.0
Ripe,RipeApple (702).jpg,0.3469387755102041,n/a,False,97.72683059404334,0.0
Ripe,RipeApple (703).jpg,0.29428411989795916,n/a,False,41.53454601076975,0.030814032236218338
Ripe,RipeApple (704).jpg,0.29372608418367346,n/a,False,41.57770819553382,0.0300583525580133
Ripe,RipeApple (705).jpg,0.30263472576530615,n/a,False,103.7442892966388,0.0
Ripe,RipeApple (706).jpg,0.30311304209183676,n/a,False,103.80965225986752,0.0
Ripe,RipeApple (707).jpg,0.37559789540816324,n/a,False,55.835771775827595,0.04849835508861297
Ripe,RipeApple (708).jpg,0.3749202806122449,n/a,False,55.827380466964165,0.04720391239634276
Ripe,RipeApple (709).jpg,0.27915736607142855,n/a,False,105.70215756490346,0.0
Ripe,RipeApple (71).jpg,0.1983219068877551,n/a,False,105.67022128123453,0.15114058888553913
Ripe,RipeApple (710).jpg,0.28170838647959184,n/a,False,105.72448499971559,0.0
Ripe,RipeApple (711).jpg,0.32579320790816324,n/a,False,105.67316085282289,0.012418180705939927
Ripe,RipeApple (712).jpg,0.32920121173469385,n/a,False,105.69506635828942,0.015074464220849982
Ripe,RipeApple (713).jpg,0.41733099489795916,n/a,False,41.04002374663916,0.036389684813753584
Ripe,RipeApple (714).jpg,0.4172911352040816,n/a,False,41.049346683344254,0.03687076129525265
Ripe,RipeApple (715).jpg,0.43395248724489793,n/a,False,98.34452052027974,0.0
Ripe,RipeApple (716).jpg,0.43339445153061223,n/a,False,98.36299219273434,0.0
Ripe,RipeApple (717).jpg,0.43453045280612246,n/a,False,97.2143182391962,0.0
Ripe,RipeApple (718).jpg,0.43556680484693877,n/a,False,97.2384230782049,0.0
Ripe,RipeApple (719).jpg,0.34273357780612246,n/a,False,78.02584191083673,0.0010466941908472407
Ripe,RipeApple (72).jpg,0.19967713647959184,n/a,False,105.69080571094169,0.15789999001896396
Ripe,RipeApple (720).jpg,0.34241470025510207,n/a,False,78.12713706047579,0.0008730574471800245
Ripe,RipeApple (721).jpg,0.2595264668367347,n/a,False,97.28333736801004,0.0
Ripe,RipeApple (722).jpg,0.259586256377551,n/a,False,97.30502881206392,0.0
Ripe,RipeApple (723).jpg,0.3481943558673469,n/a,False,97.1232332875133,0.0
Ripe,RipeApple (724).jpg,0.3487523915816326,n/a,False,97.15747755373708,0.0
Ripe,RipeApple (725).jpg,0.30504623724489793,n/a,False,96.57277446665897,0.0
Ripe,RipeApple (726).jpg,0.3053451849489796,n/a,False,96.607767156713,0.0
Ripe,RipeApple (727).jpg,0.18359375,n/a,False,88.50108978694628,0.01628310898827616
Ripe,RipeApple (728).jpg,0.18122209821428573,n/a,False,88.53382375987796,0.017485978225008247
Ripe,RipeApple (729).jpg,0.19601004464285715,n/a,False,72.77311282343801,0.09150991357397051
Ripe,RipeApple (73).jpg,0.384586256377551,n/a,False,97.8249926688495,0.0
Ripe,RipeApple (730).jpg,0.1957110969387755,n/a,False,73.07162850914898,0.09063136456211812
Ripe,RipeApple (731).jpg,0.273616868622449,n/a,False,105.67396767245764,0.06052880763347658
Ripe,RipeApple (732).jpg,0.26492745535714285,n/a,False,105.69086598071017,0.04776950274580606
Ripe,RipeApple (733).jpg,0.3327088647959184,n/a,False,58.167841573099,0.048520426500539116
Ripe,RipeApple (734).jpg,0.3308155293367347,n/a,False,58.231489335195164,0.04144828001686848
Ripe,RipeApple (735).jpg,0.19758450255102042,n/a,False,73.9930065450166,0.043675610248133954
Ripe,RipeApple (736).jpg,0.1973453443877551,n/a,False,74.27715349267972,0.04211270450414058
Ripe,RipeApple (737).jpg,0.23166454081632654,n/a,False,74.43347569779517,0.0055058499655884375
Ripe,RipeApple (738).jpg,0.22963169642857142,n/a,False,74.66114022676095,0.006596077069953133
Ripe,RipeApple (739).jpg,0.25418526785714285,n/a,False,67.89298264669192,0.07103653755684491
Ripe,RipeApple (74).jpg,0.38538345025510207,n/a,False,97.85321861886898,0.0
Ripe,RipeApple (740).jpg,0.2534677933673469,n/a,False,68.1418893276521,0.06573360591287938
Ripe,RipeApple (741).jpg,0.3125597895408163,n/a,False,41.700470006103565,0.00019128993177325768
Ripe,RipeApple (742).jpg,0.2948022959183674,n/a,False,41.888347219461245,0.0
Ripe,RipeApple (743).jpg,0.39084422831632654,n/a,False,45.235448642044624,0.0006628932741828566
Ripe,RipeApple (744).jpg,0.3914421237244898,n/a,False,45.502611466462355,0.000509139045873428
Ripe,RipeApple (745).jpg,0.23740433673469388,n/a,False,47.00168498695836,0.02258226997985225
Ripe,RipeApple (746).jpg,0.2430843431122449,n/a,False,47.24158058711728,0.02402230056571288
Ripe,RipeApple (747).jpg,0.17994658801020408,n/a,False,88.80826495577371,0.028685347214530955
Ripe,RipeApple (748).jpg,0.1824577487244898,n/a,False,88.8859523778803,0.029710540688148553
Ripe,RipeApple (749).jpg,0.2780612244897959,n/a,False,21.541753020276968,0.09525516055045871
Ripe,RipeApple (75).jpg,0.32033242984693877,n/a,False,96.52962923486002,0.034841037765196294
Ripe,RipeApple (750).jpg,0.278140943877551,n/a,False,21.68148876968924,0.10117512181140728
Ripe,RipeApple (751).jpg,0.2085857780612245,n/a,False,54.86177606699607,0.005732849226065355
Ripe,RipeApple (752).jpg,0.20812739158163265,n/a,False,54.86151620960368,0.007564875993488461
Ripe,RipeApple (753).jpg,0.15381855867346939,n/a,False,40.08815519066934,0.011790619331433013
Ripe,RipeApple (754).jpg,0.15349968112244897,n/a,False,40.055568356079355,0.0076603479615684235
Ripe,RipeApple (755).jpg,0.26478794642857145,n/a,False,37.6712413090666,7.52671985548698e-05
Ripe,RipeApple (756).jpg,0.22448979591836735,n/a,False,37.62989057263551,0.0
Ripe,RipeApple (757).jpg,0.1991390306122449,n/a,False,19.509058077113554,0.1232986389111289
Ripe,RipeApple (758).jpg,0.2359295280612245,n/a,False,19.63518891488324,0.12493664470349722
Ripe,RipeApple (759).jpg,0.39122289540816324,n/a,False,97.09274632231056,0.0
Ripe,RipeApple (76).jpg,0.3201929209183674,n/a,False,96.57844511802136,0.038528569650192954
Ripe,RipeApple (760).jpg,0.3913424744897959,n/a,False,97.1146907879846,0.0
Ripe,RipeApple (761).jpg,0.25524154974489793,n/a,False,109.53465211916783,0.029827438119778248
Ripe,RipeApple (762).jpg,0.2533681441326531,n/a,False,109.63728300588566,0.0353968378824825
Ripe,RipeApple (763).jpg,0.2432238520408163,n/a,False,43.83987443962749,0.349803343166175
Ripe,RipeApple (764).jpg,0.2434032206632653,n/a,False,43.85084662305107,0.14681077540325882
Ripe,RipeApple (765).jpg,0.19300063775510204,n/a,False,75.68722234060294,0.01466336224700537
Ripe,RipeApple (766).jpg,0.27919722576530615,n/a,False,75.89181996532518,0.04511385537868513
Ripe,RipeApple (767).jpg,0.32224569515306123,n/a,False,20.05363273545833,0.16185292844331747
Ripe,RipeApple (768).jpg,0.32246492346938777,n/a,False,20.152032966889237,0.1700247218788628
Ripe,RipeApple (769).jpg,0.2539660395408163,n/a,False,53.76551820720865,0.0005493211959507181
Ripe,RipeApple (77).jpg,0.30014349489795916,n/a,False,97.47675689432926,0.02901726427622842
Ripe,RipeApple (770).jpg,0.2529296875,n/a,False,54.051955421776654,0.00047277598298006463
Ripe,RipeApple (771).jpg,0.26717952806122447,n/a,False,67.24529540635378,0.0016410562434730717
Ripe,RipeApple (772).jpg,0.26737882653061223,n/a,False,67.26662569158849,0.0014907573047107932
Ripe,RipeApple (773).jpg,0.2561782525510204,n/a,False,51.00902339866645,0.0009335615372646647
Ripe,RipeApple (774).jpg,0.2563376913265306,n/a,False,51.050818131744315,0.001010729280049759
Ripe,RipeApple (775).jpg,0.24400111607142858,n/a,False,69.12724217651906,0.07555337744016989
Ripe,RipeApple (776).jpg,0.2604830994897959,n/a,False,69.27758311716607,0.08362662586074981
Ripe,RipeApple (777).jpg,0.1356624681122449,n/a,False,33.06838495923119,0.007786102541501395
Ripe,RipeApple (778).jpg,0.1363201530612245,n/a,False,33.1214026068781,0.004678362573099415
Ripe,RipeApple (779).jpg,0.16087372448979592,n/a,False,34.33132775471247,0.03382061446977205
Ripe,RipeApple (78).jpg,0.21886957908163265,n/a,False,97.50886733723378,0.010471680932434894
Ripe,RipeApple (780).jpg,0.1409638073979592,n/a,False,34.334315513888804,0.0207832602855931
Ripe,RipeApple (781).jpg,0.20615433673469388,n/a,False,44.16027702986128,0.0010634184068058778
Ripe,RipeApple (782).jpg,0.22544642857142858,n/a,False,44.277167551874584,0.000442008486562942
Ripe,RipeApple (783).jpg,0.3290417729591837,n/a,False,88.88475207884778,0.005087825560266505
Ripe,RipeApple (784).jpg,0.3265904017857143,n/a,False,89.02503823509858,0.004759870629157259
Ripe,RipeApple (785).jpg,0.4952766262755102,n/a,False,98.33665060082329,0.0
Ripe,RipeApple (786).jpg,0.4972297512755102,n/a,False,98.3993249458179,0.0
Ripe,RipeApple (787).jpg,0.16631457270408162,n/a,False,100.73308342801452,0.08819652486518874
Ripe,RipeApple (788).jpg,0.1651985012755102,n/a,False,100.77431885461549,0.085052479189287
Ripe,RipeApple (789).jpg,0.27558992346938777,n/a,False,84.032286466392,0.04375180792594735
Ripe,RipeApple (79).jpg,0.15254304846938777,n/a,False,85.91586958258041,0.18029788345962897
Ripe,RipeApple (790).jpg,0.27090640943877553,n/a,False,84.16839051772386,0.03921135878761127
Ripe,RipeApple (791).jpg,0.2049186862244898,n/a,False,74.02431780195518,0.12594825909356155
Ripe,RipeApple (792).jpg,0.20334422831632654,n/a,False,74.075122332957,0.12241497598745467
Ripe,RipeApple (793).jpg,0.37779017857142855,n/a,False,105.74369736376711,0.0012133361468664274
Ripe,RipeApple (794).jpg,0.3779894770408163,n/a,False,105.76432174323061,0.0022672150163450385
Ripe,RipeApple (795).jpg,0.3813576211734694,n/a,False,96.25078771272007,0.0
Ripe,RipeApple (796).jpg,0.37771045918367346,n/a,False,96.30151073654044,0.0
Ripe,RipeApple (797).jpg,0.17582110969387754,n/a,False,83.32225919812429,0.15404670142824756
Ripe,RipeApple (798).jpg,0.17542251275510204,n/a,False,83.36914724488685,0.14564871620086345
Ripe,RipeApple (799).jpg,0.20832669005102042,n/a,False,103.85771305656037,0.23466947287859943
Ripe,RipeApple (8).jpg,0.34046157525510207,n/a,False,96.94198913453987,0.0
Ripe,RipeApple (80).jpg,0.15328045280612246,n/a,False,87.18103846677201,0.21024574177610195
Ripe,RipeApple (800).jpg,0.21107700892857142,n/a,False,103.92920027607279,0.22641865735058067
Ripe,RipeApple (81).jpg,0.19774394132653061,n/a,False,38.65571430545139,0.053819794396291074
Ripe,RipeApple (82).jpg,0.1957110969387755,n/a,False,38.66399252846032,0.05
Ripe,RipeApple (83).jpg,0.38358976403061223,n/a,False,72.27260657885647,0.0010391229802047073
Ripe,RipeApple (84).jpg,0.40003188775510207,n/a,False,72.38537712570779,0.0008469509764846552
Ripe,RipeApple (85).jpg,0.11788504464285714,n/a,False,73.56274004206264,0.004733727810650888
Ripe,RipeApple (86).jpg,0.12211017219387756,n/a,False,73.80450277821997,0.010935204831075566
Ripe,RipeApple (87).jpg,0.35780054209183676,n/a,False,70.42144363090871,0.20993705787333594
Ripe,RipeApple (88).jpg,0.15212452168367346,n/a,False,70.546922994522,0.09969867679811345
Ripe,RipeApple (89).jpg,0.185546875,n/a,False,60.564805183160644,0.003329752953813104
Ripe,RipeApple (9).jpg,0.14030612244897958,n/a,False,30.855202755770062,0.10894886363636364
Ripe,RipeApple (90).jpg,0.1992984693877551,n/a,False,60.640251690600905,0.0021
Ripe,RipeApple (91).jpg,0.28479751275510207,n/a,False,97.5761046461082,0.0031490552834149755
Ripe,RipeApple (92).jpg,0.286312181122449,n/a,False,97.59580903412648,0.0020882639565641095
Ripe,RipeApple (93).jpg,0.2758091517857143,n/a,False,63.82136675822733,0.05874701929330154
Ripe,RipeApple (94).jpg,0.27700494260204084,n/a,False,63.8526123001231,0.05676667386142888
Ripe,RipeApple (95).jpg,0.1849091198979592,n/a,False,38.509862196893515,0.0038801465833153696
Ripe,RipeApple (96).jpg,0.18361367984693877,n/a,False,38.55636059019433,0.0036904374253771844
Ripe,RipeApple (97).jpg,0.19688695790816327,n/a,False,41.37423276562235,0.008199210446401458
Ripe,RipeApple (98).jpg,0.1963488520408163,n/a,False,41.41111727112787,0.00832318311002842
Ripe,RipeApple (99).jpg,0.17598054846938777,n/a,False,54.299788285198495,0.0
Rotten,RottenApple (1).jpg,0.15132732780612246,n/a,False,68.77767885468663,0.005268010009219017
Rotten,RottenApple (10).jpg,0.1633250956632653,n/a,False,105.75484912229221,0.0
Rotten,RottenApple (100).jpg,0.3106066645408163,n/a,False,105.77977847017506,0.002694898941289702
Rotten,RottenApple (101).jpg,0.11670918367346939,n/a,False,33.29667353748339,0.0
Rotten,RottenApple (102).jpg,0.11637037627551021,n/a,False,33.303095907555345,0.0
Rotten,RottenApple (103).jpg,0.07908163265306123,n/a,True,54.423988143720045,0.04788306451612903
Rotten,RottenApple (104).jpg,0.07884247448979592,n/a,True,54.45653231598499,0.04853387259858443
Rotten,RottenApple (105).jpg,0.15017139668367346,n/a,False,50.434563376937,0.16921035169210352
Rotten,RottenApple (106).jpg,0.15196508290816327,n/a,False,50.425687492472655,0.16563934426229507
Rotten,RottenApple (107).jpg,0.3537747130102041,n/a,False,39.068100152444664,0.00546448087431694
Rotten,RottenApple (108).jpg,0.35387436224489793,n/a,False,39.147108779588564,0.005462942104077495
Rotten,RottenApple (109).jpg,0.22578523596938777,n/a,False,96.98257310092202,0.0
Rotten,RottenApple (11).jpg,0.24025430484693877,n/a,False,105.6355567780493,0.0
Rotten,RottenApple (110).jpg,0.22570551658163265,n/a,False,97.00823859195327,0.0
Rotten,RottenApple (111).jpg,0.2688735650510204,n/a,False,105.61030443521169,0.02364539322511304
Rotten,RottenApple (112).jpg,0.2697903380102041,n/a,False,105.62994854040339,0.02341730073132895
Rotten,RottenApple (113).jpg,0.23507254464285715,n/a,False,105.45565865123929,0.013056379821958458
Rotten,RottenApple (114).jpg,0.23650749362244897,n/a,False,105.48986318374371,0.014241173000758405
Rotten,RottenApple (115).jpg,0.21536192602040816,n/a,False,100.00577362423348,0.00018508236165093466
Rotten,RottenApple (116).jpg,0.21591996173469388,n/a,False,100.05960663072347,0.0006461140852870592
Rotten,RottenApple (117).jpg,0.16025589923469388,n/a,False,59.38477785678875,0.22509638104713345
Rotten,RottenApple (118).jpg,0.15790417729591838,n/a,False,59.432646979813114,0.2290798939795532
Rotten,RottenApple (119).jpg,0.1922233737244898,n/a,False,63.965667723183515,0.11985484707102126
Rotten,RottenApple (12).jpg,0.24687101403061223,n/a,False,105.65455115203008,0.000403648986841043
Rotten,RottenApple (120).jpg,0.23387675382653061,n/a,False,63.73271561561023,0.25368555602897314
Rotten,RottenApple (121).jpg,0.17450573979591838,n/a,False,105.62091924859146,0.005025125628140704
Rotten,RottenApple (122).jpg,0.18494897959183673,n/a,False,105.63961663705182,0.013146551724137931
Rotten,RottenApple (123).jpg,0.23094706632653061,n/a,False,105.66048738926902,0.08940283051432517
Rotten,RottenApple (124).jpg,0.23114636479591838,n/a,False,105.67921627478056,0.09010174167959993
Rotten,RottenApple (125).jpg,0.1822783801020408,n/a,False,105.07288056095292,0.0008746993221080254
Rotten,RottenApple (126).jpg,0.18207908163265307,n/a,False,105.0904658644186,0.0009851138353765324
Rotten,RottenApple (127).jpg,0.42556202168367346,n/a,False,96.66125059048856,0.0007024774036435161
Rotten,RottenApple (128).jpg,0.42588089923469385,n/a,False,96.6956654036087,0.0009359352332818569
Rotten,RottenApple (129).jpg,0.14618542729591838,n/a,False,58.11404089391663,0.25139740967961827
Rotten,RottenApple (13).jpg,0.19834183673469388,n/a,False,65.57153349529518,0.00010048231511254019
Rotten,RottenApple (130).jpg,0.14698262117346939,n/a,False,58.16326374325555,0.25613559322033896
Rotten,RottenApple (131).jpg,0.11579241071428571,n/a,False,99.69386007156929,0.00946643717728055
Rotten,RottenApple (132).jpg,0.11469626913265306,n/a,False,99.72173920169575,0.005734144222415291
Rotten,RottenApple (133).jpg,0.17028061224489796,n/a,False,84.08559334455308,0.00035112359550561797
Rotten,RottenApple (134).jpg,0.16948341836734693,n/a,False,84.18644711984759,0.0
Rotten,RottenApple (135).jpg,0.1505500637755102,n/a,False,85.03592579715959,0.1450886947312682
Rotten,RottenApple (136).jpg,0.1483777104591837,n/a,False,85.10282911462726,0.14815312290127602
Rotten,RottenApple (137).jpg,0.16236846301020408,n/a,False,63.55349375149919,0.002700380508162514
Rotten,RottenApple (138).jpg,0.16258769132653061,n/a,False,63.352912941384,0.0037999509683746017
Rotten,RottenApple (139).jpg,0.18740035076530612,n/a,False,54.36362167197936,0.36222482186536215
Rotten,RottenApple (14).jpg,0.19921875,n/a,False,65.62887861426108,0.00020008003201280514
Rotten,RottenApple (140).jpg,0.18781887755102042,n/a,False,54.41546655084261,0.36449490662139217
Rotten,RottenApple (141).jpg,0.14325573979591838,n/a,False,62.60527774483998,0.5115470228158041
Rotten,RottenApple (142).jpg,0.12755102040816327,n/a,False,62.68299674446954,0.4490625
Rotten,RottenApple (143).jpg,0.1443718112244898,n/a,False,78.69085950460375,0.01601325234676974
Rotten,RottenApple (144).jpg,0.14148198341836735,n/a,False,78.753566757537,0.019298492745457106
Rotten,RottenApple (145).jpg,0.15134725765306123,n/a,False,59.87217980025613,0.30510929681327364
Rotten,RottenApple (146).jpg,0.1501514668367347,n/a,False,59.92953697675906,0.3113883727103796
Rotten,RottenApple (147).jpg,0.1766780931122449,n/a,False,61.26717062160211,0.3079526226734349
Rotten,RottenApple (148).jpg,0.17482461734693877,n/a,False,61.3313885526431,0.29445964432284544
Rotten,RottenApple (149).jpg,0.15736607142857142,n/a,False,62.71001966806407,0.29521276595744683
Rotten,RottenApple (15).jpg,0.27232142857142855,n/a,False,101.18609260527819,0.0
Rotten,RottenApple (150).jpg,0.13885124362244897,n/a,False,62.62086559323001,0.32223338596239415
Rotten,RottenApple (151).jpg,0.24513711734693877,n/a,False,83.22434355511835,0.0
Rotten,RottenApple (152).jpg,0.24451929209183673,n/a,False,83.31025444077353,0.0
Rotten,RottenApple (153).jpg,0.20232780612244897,n/a,False,80.69751422640257,0.0007880220646178094
Rotten,RottenApple (154).jpg,0.20284598214285715,n/a,False,80.80439569805213,0.0008842601689919434
Rotten,RottenApple (155).jpg,0.1155532525510204,n/a,False,83.3087908478679,0.0008623663332183512
Rotten,RottenApple (156).jpg,0.11385921556122448,n/a,False,83.40708222052729,0.0
Rotten,RottenApple (157).jpg,0.25314891581632654,n/a,False,93.0372034648724,0.29727601952448435
Rotten,RottenApple (158).jpg,0.25394610969387754,n/a,False,93.06788208968929,0.3052895934704128
Rotten,RottenApple (159).jpg,0.18987165178571427,n/a,False,72.31547220067431,0.00010496483677967881
Rotten,RottenApple (16).jpg,0.27329799107142855,n/a,False,101.21029475642509,0.0
Rotten,RottenApple (160).jpg,0.18779894770408162,n/a,False,72.35123196574324,0.0003183699458771092
Rotten,RottenApple (161).jpg,0.11204559948979592,n/a,False,105.61569042207948,0.007826396300249021
Rotten,RottenApple (162).jpg,0.11270328443877552,n/a,False,105.63591822898506,0.013262599469496022
Rotten,RottenApple (163).jpg,0.1083984375,n/a,False,105.51645017236062,0.009928295642581356
Rotten,RottenApple (164).jpg,0.13675860969387754,n/a,False,105.54739788939497,0.07228213348877878
Rotten,RottenApple (165).jpg,0.12950414540816327,n/a,False,105.56541161267633,0.07940904893813482
Rotten,RottenApple (166).jpg,0.12824856505102042,n/a,False,105.58376428064958,0.07459207459207459
Rotten,RottenApple (167).jpg,0.4243263711734694,n/a,False,97.30361806400997,0.0
Rotten,RottenApple (168).jpg,0.40565210459183676,n/a,False,97.34253353050174,0.0
Rotten,RottenApple (169).jpg,0.24854512117346939,n/a,False,105.10010918596235,0.0
Rotten,RottenApple (17).jpg,0.4210578762755102,n/a,False,28.394149033573843,0.0
Rotten,RottenApple (170).jpg,0.2490832270408163,n/a,False,105.12259758843072,0.0
Rotten,RottenApple (171).jpg,0.2409717793367347,n/a,False,105.17439442038068,0.0
Rotten,RottenApple (172).jpg,0.2412707270408163,n/a,False,105.19864693978856,0.0
Rotten,RottenApple (173).jpg,0.25785235969387754,n/a,False,14.691848998251935,0.01484000618333591
Rotten,RottenApple (174).jpg,0.25874920280612246,n/a,False,14.71511414132299,0.015712855272279135
Rotten,RottenApple (175).jpg,0.30727838010204084,n/a,False,13.8329644445894,0.00038915553249448695
Rotten,RottenApple (176).jpg,0.31387515943877553,n/a,False,13.846283334490904,0.00038097656994094865
Rotten,RottenApple (177).jpg,0.2972935267857143,n/a,False,61.93754194898265,0.04786485218207415
Rotten,RottenApple (178).jpg,0.29585857780612246,n/a,False,61.99840334388216,0.04418996295048838
Rotten,RottenApple (179).jpg,0.22401147959183673,n/a,False,100.12441236738009,0.0
Rotten,RottenApple (18).jpg,0.4219547193877551,n/a,False,28.434509930723816,0.0
Rotten,RottenApple (180).jpg,0.22293526785714285,n/a,False,100.15257419036931,0.0
Rotten,RottenApple (181).jpg,0.3297592474489796,n/a,False,101.4672784990679,0.012752326846367703
Rotten,RottenApple (182).jpg,0.273616868622449,n/a,False,101.49044588037474,0.0
Rotten,RottenApple (183).jpg,0.18259725765306123,n/a,False,36.581755879545774,0.0006548788474132286
Rotten,RottenApple (184).jpg,0.1823780293367347,n/a,False,36.73595741075268,0.0004371106982843405
Rotten,RottenApple (185).jpg,0.17996651785714285,n/a,False,41.22786597536587,0.0003322259136212625
Rotten,RottenApple (186).jpg,0.17996651785714285,n/a,False,41.32607459572296,0.00011074197120708749
Rotten,RottenApple (187).jpg,0.2810108418367347,n/a,False,105.49051334212275,0.0
Rotten,RottenApple (188).jpg,0.2809510522959184,n/a,False,105.51919190763499,0.0
Rotten,RottenApple (189).jpg,0.15537308673469388,n/a,False,103.36538716674995,0.007054899948691636
Rotten,RottenApple (19).jpg,0.3642578125,n/a,False,38.25097773996564,0.0
Rotten,RottenApple (190).jpg,0.15547273596938777,n/a,False,103.38612749388625,0.005512113831560057
Rotten,RottenApple (191).jpg,0.4177295918367347,n/a,False,105.56346836365606,0.008683206106870229
Rotten,RottenApple (192).jpg,0.4174705038265306,n/a,False,105.59454465024055,0.009977562419439538
Rotten,RottenApple (193).jpg,0.4263193558673469,n/a,False,95.91746179066536,0.008414753868449348
Rotten,RottenApple (194).jpg,0.42617984693877553,n/a,False,95.96798124292324,0.00865132809577254
Rotten,RottenApple (195).jpg,0.3585578762755102,n/a,False,96.0392687608279,0.0010005002501250625
Rotten,RottenApple (196).jpg,0.35885682397959184,n/a,False,96.08446186845923,0.000721981561701655
Rotten,RottenApple (197).jpg,0.18207908163265307,n/a,False,96.06879264899698,0.09511821366024518
Rotten,RottenApple (198).jpg,0.3217673788265306,n/a,False,96.1145176642706,0.10424279962836791
Rotten,RottenApple (199).jpg,0.4271763392857143,n/a,False,97.03770758075744,0.0
Rotten,RottenApple (2).jpg,0.15116788903061223,n/a,False,68.83582888036925,0.005009887936717205
Rotten,RottenApple (20).jpg,0.36397879464285715,n/a,False,38.31180551770282,0.0
Rotten,RottenApple (200).jpg,0.42711654974489793,n/a,False,97.06226828970223,0.0
Rotten,RottenApple (201).jpg,0.1466438137755102,n/a,False,49.57105415547087,0.003397662408263115
Rotten,RottenApple (202).jpg,0.14684311224489796,n/a,False,49.535212783030524,0.002985884907709012
Rotten,RottenApple (203).jpg,0.28017378826530615,n/a,False,34.442944977003286,0.0
Rotten,RottenApple (204).jpg,0.27957589285714285,n/a,False,34.46360720671427,7.128599942971201e-05
Rotten,RottenApple (205).jpg,0.4444156568877551,n/a,False,97.12533852622607,0.00017938024126642452
Rotten,RottenApple (206).jpg,0.44469467474489793,n/a,False,97.16863052626995,8.963384574015148e-05
Rotten,RottenApple (207).jpg,0.27365672831632654,n/a,False,94.16276306570978,0.0
Rotten,RottenApple (208).jpg,0.2932876275510204,n/a,False,94.18229817713213,0.0
Rotten,RottenApple (209).jpg,0.33223054846938777,n/a,False,53.07417882519572,0.0
Rotten,RottenApple (21).jpg,0.27188297193877553,n/a,False,93.46187133189524,0.0
Rotten,RottenApple (210).jpg,0.3332469706632653,n/a,False,53.15667314601142,0.0
Rotten,RottenApple (211).jpg,0.20735012755102042,n/a,False,81.10125806818446,0.004709727028066129
Rotten,RottenApple (212).jpg,0.44569116709183676,n/a,False,81.18442354931643,0.045119170057684566
Rotten,RottenApple (213).jpg,0.1885363520408163,n/a,False,38.33687092574262,0.0
Rotten,RottenApple (214).jpg,0.20079320790816327,n/a,False,38.36670162097655,9.925558312655087e-05
Rotten,RottenApple (215).jpg,0.24059311224489796,n/a,False,73.70640058912367,0.0009111994698475812
Rotten,RottenApple (216).jpg,0.2401745854591837,n/a,False,73.87177388525049,0.00041490332752468673
Rotten,RottenApple (217).jpg,0.2693718112244898,n/a,False,45.649460349803775,0.0
Rotten,RottenApple (218).jpg,0.26925223214285715,n/a,False,45.698584475979025,0.0
Rotten,RottenApple (219).jpg,0.27541055484693877,n/a,False,105.75399898263008,0.06237788551993632
Rotten,RottenApple (22).jpg,0.24946189413265307,n/a,False,93.48450436127378,0.0
Rotten,RottenApple (220).jpg,0.2835020727040816,n/a,False,105.77669794452301,0.05848857644991213
Rotten,RottenApple (221).jpg,0.2907166772959184,n/a,False,57.65977701263147,0.001165421265510386
Rotten,RottenApple (222).jpg,0.2850964604591837,n/a,False,57.79296961271519,0.0013282069206571128
Rotten,RottenApple (223).jpg,0.32284359056122447,n/a,False,18.79263081207222,0.0
Rotten,RottenApple (224).jpg,0.3231823979591837,n/a,False,18.74444774998862,0.0
Rotten,RottenApple (225).jpg,0.43118223852040816,n/a,False,21.795027304829958,0.00023110700254217703
Rotten,RottenApple (226).jpg,0.43086336096938777,n/a,False,21.81046164786692,0.00032378925944770805
Rotten,RottenApple (227).jpg,0.29430404974489793,n/a,False,21.4865061164402,0.0
Rotten,RottenApple (228).jpg,0.29603794642857145,n/a,False,21.452206939499533,0.0
Rotten,RottenApple (229).jpg,0.21159518494897958,n/a,False,39.7561708896927,0.09004426862578883
Rotten,RottenApple (23).jpg,0.2786391900510204,n/a,False,105.73214418636228,0.0002145769258279093
Rotten,RottenApple (230).jpg,0.2113360969387755,n/a,False,39.7953021517705,0.08327046397585816
Rotten,RottenApple (231).jpg,0.3130381058673469,n/a,False,97.20681897475176,0.0
Rotten,RottenApple (232).jpg,0.3100087691326531,n/a,False,97.23078051517422,0.0
Rotten,RottenApple (233).jpg,0.2708067602040816,n/a,False,65.09232230744804,0.052031204003532526
Rotten,RottenApple (234).jpg,0.2756497130102041,n/a,False,65.11314024013825,0.053719904562215315
Rotten,RottenApple (235).jpg,0.34632095025510207,n/a,False,41.15812670023076,0.013350981182022213
Rotten,RottenApple (236).jpg,0.3463608099489796,n/a,False,41.25219581914171,0.013637148282409806
Rotten,RottenApple (237).jpg,0.2276187818877551,n/a,False,77.284579856759,0.18422204710620788
Rotten,RottenApple (238).jpg,0.2250079719387755,n/a,False,77.36717271928335,0.17812223206377326
Rotten,RottenApple (239).jpg,0.31515066964285715,n/a,False,105.68175406661476,0.002213368747233289
Rotten,RottenApple (24).jpg,0.28061224489795916,n/a,False,105.749757134499,0.0
Rotten,RottenApple (240).jpg,0.3135961415816326,n/a,False,105.70216331709166,0.0023514458214172226
Rotten,RottenApple (241).jpg,0.2359893176020408,n/a,False,90.89423234808187,0.0
Rotten,RottenApple (242).jpg,0.23674665178571427,n/a,False,90.94394601006623,0.0
Rotten,RottenApple (243).jpg,0.28037308673469385,n/a,False,112.97514834262631,0.0012794995735001423
Rotten,RottenApple (244).jpg,0.27724410076530615,n/a,False,113.02430885374771,0.0014377111638271872
Rotten,RottenApple (245).jpg,0.27477279974489793,n/a,False,91.24628941944684,0.0
Rotten,RottenApple (246).jpg,0.27347735969387754,n/a,False,91.31917971168401,0.0
Rotten,RottenApple (247).jpg,0.24424027423469388,n/a,False,105.7969170121239,0.0026927784577723377
Rotten,RottenApple (248).jpg,0.23056839923469388,n/a,False,105.81749549463002,0.0019016336762036478
Rotten,RottenApple (249).jpg,0.34231505102040816,n/a,False,105.72211521487338,0.0007568700512342804
Rotten,RottenApple (25).jpg,0.273616868622449,n/a,False,95.96835975854715,0.00021851555102338116
Rotten,RottenApple (250).jpg,0.34165736607142855,n/a,False,105.75279145922154,0.0008166598611678236
Rotten,RottenApple (251).jpg,0.21623883928571427,n/a,False,105.41121884527324,0.06341013824884793
Rotten,RottenApple (252).jpg,0.21466438137755103,n/a,False,105.47056467463723,0.059604493547488625
Rotten,RottenApple (253).jpg,0.2648875956632653,n/a,False,50.87085158281815,0.004288616356933263
Rotten,RottenApple (254).jpg,0.26377152423469385,n/a,False,50.95318415936516,0.0027200604457876844
Rotten,RottenApple (255).jpg,0.15652901785714285,n/a,False,96.67001559871666,0.0
Rotten,RottenApple (256).jpg,0.1539580676020408,n/a,False,96.64733158683812,0.00012944983818770226
Rotten,RottenApple (257).jpg,0.32816485969387754,n/a,False,92.50076292133728,0.0
Rotten,RottenApple (258).jpg,0.326171875,n/a,False,92.54151454015816,0.0
Rotten,RottenApple (259).jpg,0.17853156887755103,n/a,False,106.09210504646477,0.0
Rotten,RottenApple (26).jpg,0.2710658482142857,n/a,False,96.03833162486637,7.352400558782443e-05
Rotten,RottenApple (260).jpg,0.19118702168367346,n/a,False,106.11426102111864,0.00010424267695194412
Rotten,RottenApple (261).jpg,0.24938217474489796,n/a,False,105.71328043904872,0.006313434028610245
Rotten,RottenApple (262).jpg,0.2473094706632653,n/a,False,105.80684757625302,0.006205173664275929
Rotten,RottenApple (263).jpg,0.3478156887755102,n/a,False,96.70917769745152,0.0
Rotten,RottenApple (264).jpg,0.34745695153061223,n/a,False,96.74808992453343,0.0
Rotten,RottenApple (265).jpg,0.10825892857142858,n/a,False,105.99163714043839,0.005522827687776142
Rotten,RottenApple (266).jpg,0.10811941964285714,n/a,False,106.00944598952738,0.007188940092165899
Rotten,RottenApple (267).jpg,0.2816884566326531,n/a,False,101.56200949530599,0.0
Rotten,RottenApple (268).jpg,0.3401426977040816,n/a,False,101.63502917461985,0.013945040135934846
Rotten,RottenApple (269).jpg,0.2019889987244898,n/a,False,105.85913152300374,0.000986679822397632
Rotten,RottenApple (27).jpg,0.17444595025510204,n/a,False,103.37823653168215,0.18062378613046956
Rotten,RottenApple (270).jpg,0.2023875956632653,n/a,False,105.954527721574,0.00068931560807484
Rotten,RottenApple (271).jpg,0.47399154974489793,n/a,False,58.34875447138264,0.0
Rotten,RottenApple (272).jpg,0.47359295280612246,n/a,False,58.395264079941306,0.0
Rotten,RottenApple (273).jpg,0.41934390943877553,n/a,False,64.22784438445416,0.01573119148329452
Rotten,RottenApple (274).jpg,0.41880580357142855,n/a,False,64.32745008534044,0.01527553059864852
Rotten,RottenApple (275).jpg,0.24228714923469388,n/a,False,48.62020330723052,0.0
Rotten,RottenApple (276).jpg,0.2464923469387755,n/a,False,48.80415592412257,0.0
Rotten,RottenApple (277).jpg,0.22945232780612246,n/a,False,70.93392491896616,0.003213758360114653
Rotten,RottenApple (278).jpg,0.228515625,n/a,False,71.34921416155669,0.004447933019361591
Rotten,RottenApple (279).jpg,0.21677694515306123,n/a,False,54.6234075045547,0.0
Rotten,RottenApple (28).jpg,0.1750438456632653,n/a,False,103.4023444762505,0.18706592280541956
Rotten,RottenApple (280).jpg,0.21773357780612246,n/a,False,54.90224849519539,0.0
Rotten,RottenApple (281).jpg,0.27176339285714285,n/a,False,8.942959023114158,0.0
Rotten,RottenApple (282).jpg,0.2727000956632653,n/a,False,8.913703698121791,0.0
Rotten,RottenApple (283).jpg,0.32547433035714285,n/a,False,77.25844628041956,0.00024493294960504564
Rotten,RottenApple (284).jpg,0.32776626275510207,n/a,False,77.31032717102141,0.00012161011796181443
Rotten,RottenApple (285).jpg,0.3336854272959184,n/a,False,100.27631184721766,0.0
Rotten,RottenApple (286).jpg,0.33314732142857145,n/a,False,100.28403720824214,0.0
Rotten,RottenApple (287).jpg,0.28017378826530615,n/a,False,97.00568517574463,0.0
Rotten,RottenApple (288).jpg,0.2788783482142857,n/a,False,97.03998907659543,0.0
Rotten,RottenApple (289).jpg,0.3199936224489796,n/a,False,105.92906206571321,0.048268560039860485
Rotten,RottenApple (29).jpg,0.11975845025510204,n/a,False,83.53116603720385,0.022965551672491265
Rotten,RottenApple (290).jpg,0.3200733418367347,n/a,False,105.9485893845059,0.05006226650062266
Rotten,RottenApple (291).jpg,0.21213329081632654,n/a,False,105.89192014539218,0.00892521608417888
Rotten,RottenApple (292).jpg,0.23210299744897958,n/a,False,105.98753023673969,0.014597286622016143
Rotten,RottenApple (293).jpg,0.19676737882653061,n/a,False,105.76791630494999,0.005165603160133698
Rotten,RottenApple (294).jpg,0.19557158801020408,n/a,False,105.86442487293978,0.0045857535921736475
Rotten,RottenApple (295).jpg,0.21552136479591838,n/a,False,105.53274388778159,0.01239134455335676
Rotten,RottenApple (296).jpg,0.21334901147959184,n/a,False,105.55429737914862,0.009528257823446988
Rotten,RottenApple (297).jpg,0.34474649234693877,n/a,False,102.78373476097597,0.0
Rotten,RottenApple (298).jpg,0.3444874043367347,n/a,False,102.82585404537053,0.0
Rotten,RottenApple (299).jpg,0.4777981505102041,n/a,False,97.46343526854942,0.0
Rotten,RottenApple (3).jpg,0.19248246173469388,n/a,False,105.64917385440212,0.17001449575481467
Rotten,RottenApple (30).jpg,0.11928013392857142,n/a,False,83.60168959114206,0.02406015037593985
Rotten,RottenApple (300).jpg,0.4793327487244898,n/a,False,97.49747795770736,0.0
Rotten,RottenApple (301).jpg,0.2692123724489796,n/a,False,105.88437034873657,0.0017026946994373705
Rotten,RottenApple (302).jpg,0.2583705357142857,n/a,False,105.98039293410353,0.001234186979327368
Rotten,RottenApple (303).jpg,0.26134008290816324,n/a,False,24.280241946176773,0.02783497292762907
Rotten,RottenApple (304).jpg,0.26484773596938777,n/a,False,24.335052848655792,0.031454586500112874
Rotten,RottenApple (305).jpg,0.42091836734693877,n/a,False,97.19545775232477,0.0005681818181818182
Rotten,RottenApple (306).jpg,0.4170519770408163,n/a,False,97.22469254138481,0.00047787441460384213
Rotten,RottenApple (307).jpg,0.12159199617346939,n/a,False,66.80096660684798,0.0032781511227667594
Rotten,RottenApple (308).jpg,0.11959901147959184,n/a,False,66.89172890285967,0.0071654724212631225
Rotten,RottenApple (309).jpg,0.2565967793367347,n/a,False,101.93091887561576,0.0
Rotten,RottenApple (31).jpg,0.2654655612244898,n/a,False,105.65665255475106,0.003978978978978979
Rotten,RottenApple (310).jpg,0.2596859056122449,n/a,False,101.9530682127366,0.0
Rotten,RottenApple (311).jpg,0.3871970663265306,n/a,False,49.30116907880284,0.002985381922997735
Rotten,RottenApple (312).jpg,0.3569834183673469,n/a,False,49.40439628636739,0.001786511835640911
Rotten,RottenApple (313).jpg,0.15505420918367346,n/a,False,105.71473869016769,0.005784061696658098
Rotten,RottenApple (314).jpg,0.16025589923469388,n/a,False,105.80696258313083,0.01678895659743813
Rotten,RottenApple (315).jpg,0.25771285076530615,n/a,False,103.31645997977994,0.0
Rotten,RottenApple (316).jpg,0.2577327806122449,n/a,False,103.33784064760408,0.0
Rotten,RottenApple (317).jpg,0.20210857780612246,n/a,False,105.64601912460746,0.0018735824869342275
Rotten,RottenApple (318).jpg,0.2023875956632653,n/a,False,105.74117244462361,0.0028557360905957655
Rotten,RottenApple (319).jpg,0.2769252232142857,n/a,False,105.80196057246718,0.002446923353724361
Rotten,RottenApple (32).jpg,0.2562978316326531,n/a,False,105.67459040503074,0.001244167962674961
Rotten,RottenApple (320).jpg,0.27768255739795916,n/a,False,105.89655407212872,0.0033015143902964186
Rotten,RottenApple (321).jpg,0.33107461734693877,n/a,False,96.29397439554958,0.0
Rotten,RottenApple (322).jpg,0.3303970025510204,n/a,False,96.33596987969297,0.0
Rotten,RottenApple (323).jpg,0.3076769770408163,n/a,False,97.01951677743648,0.0012307293690892603
Rotten,RottenApple (324).jpg,0.31154336734693877,n/a,False,97.05256455460066,0.0019191402251791197
Rotten,RottenApple (325).jpg,0.28224649234693877,n/a,False,97.19699583898388,0.0
Rotten,RottenApple (326).jpg,0.28310347576530615,n/a,False,97.22051907969164,0.0
Rotten,RottenApple (327).jpg,0.24754862882653061,n/a,False,97.04797555809556,0.0
Rotten,RottenApple (328).jpg,0.24822624362244897,n/a,False,97.08063358130177,0.0
Rotten,RottenApple (329).jpg,0.25996492346938777,n/a,False,105.77091450300206,0.0
Rotten,RottenApple (33).jpg,0.20902423469387754,n/a,False,80.33548550466755,0.010106788710907704
Rotten,RottenApple (330).jpg,0.26004464285714285,n/a,False,105.78363253916966,0.0
Rotten,RottenApple (331).jpg,0.22072305484693877,n/a,False,100.47035032692224,0.13137697516930022
Rotten,RottenApple (332).jpg,0.2198860012755102,n/a,False,100.61726796930242,0.1337804767515635
Rotten,RottenApple (333).jpg,0.45633370535714285,n/a,False,106.39262752976981,4.367384373498712e-05
Rotten,RottenApple (334).jpg,0.4635682397959184,n/a,False,106.45088953188865,4.299226139294927e-05
Rotten,RottenApple (335).jpg,0.385562818877551,n/a,False,105.76933486589786,0.0017057789723973948
Rotten,RottenApple (336).jpg,0.38327088647959184,n/a,False,105.79553930763183,0.0015599812802246373
Rotten,RottenApple (337).jpg,0.21129623724489796,n/a,False,68.06232580314595,0.34644406715714016
Rotten,RottenApple (338).jpg,0.2122528698979592,n/a,False,68.16774830440865,0.3456338028169014
Rotten,RottenApple (339).jpg,0.23066804846938777,n/a,False,48.468649323152725,0.18852600656644203
Rotten,RottenApple (34).jpg,0.2141063456632653,n/a,False,80.39128242411634,0.016755096341803964
Rotten,RottenApple (340).jpg,0.2303093112244898,n/a,False,48.57232597251315,0.11188992731048805
Rotten,RottenApple (341).jpg,0.2872688137755102,n/a,False,63.26212782059887,0.2029277091716387
Rotten,RottenApple (342).jpg,0.287288743622449,n/a,False,63.34643829306407,0.1786333680194242
Rotten,RottenApple (343).jpg,0.4364038584183674,n/a,False,83.24188402555625,0.001187377266292186
Rotten,RottenApple (344).jpg,0.43740035076530615,n/a,False,83.30023156320424,0.0019137011892285962
Rotten,RottenApple (345).jpg,0.2439811862244898,n/a,False,69.05163656890886,0.1274301584708381
Rotten,RottenApple (346).jpg,0.17661830357142858,n/a,False,69.18577169563174,0.14590385917400137
Rotten,RottenApple (347).jpg,0.4305046237244898,n/a,False,96.92609339450439,0.0
Rotten,RottenApple (348).jpg,0.4305444834183674,n/a,False,96.96753709099164,0.0
Rotten,RottenApple (349).jpg,0.25771285076530615,n/a,False,105.78029817327995,0.007424019797386126
Rotten,RottenApple (35).jpg,0.15605070153061223,n/a,False,75.6763191417965,0.0047254150702426565
Rotten,RottenApple (350).jpg,0.2533482142857143,n/a,False,105.80098238784315,0.004483952171176841
Rotten,RottenApple (351).jpg,0.3787866709183674,n/a,False,44.032981337200034,0.0001052299273913501
Rotten,RottenApple (352).jpg,0.3816764987244898,n/a,False,44.15033928237824,0.0
Rotten,RottenApple (353).jpg,0.36094945790816324,n/a,False,57.49194522912027,0.0036441941361603446
Rotten,RottenApple (354).jpg,0.362484056122449,n/a,False,57.52861671776714,0.003793710138552892
Rotten,RottenApple (355).jpg,0.18803810586734693,n/a,False,31.100639600270814,0.0
Rotten,RottenApple (356).jpg,0.17522321428571427,n/a,False,31.156561736307967,0.0
Rotten,RottenApple (357).jpg,0.19349888392857142,n/a,False,101.90287184312119,0.00010299721907508497
Rotten,RottenApple (358).jpg,0.19666772959183673,n/a,False,101.93096321067351,0.0
Rotten,RottenApple (359).jpg,0.32840401785714285,n/a,False,105.82881398331853,0.006250758587207185
Rotten,RottenApple (36).jpg,0.15720663265306123,n/a,False,75.71337313422242,0.004183569979716024
Rotten,RottenApple (360).jpg,0.3295998086734694,n/a,False,105.85157637606119,0.009372354577337042
Rotten,RottenApple (361).jpg,0.2875876913265306,n/a,False,105.74635601178643,0.0
Rotten,RottenApple (362).jpg,0.2881457270408163,n/a,False,105.76980691416645,0.0
Rotten,RottenApple (363).jpg,0.1604950573979592,n/a,False,23.720015688554536,0.09449894449273563
Rotten,RottenApple (364).jpg,0.1602359693877551,n/a,False,23.798342786860275,0.09614427860696517
Rotten,RottenApple (365).jpg,0.4159558354591837,n/a,False,65.56010375147052,0.03095203871400508
Rotten,RottenApple (366).jpg,0.44162547831632654,n/a,False,65.64261159710976,0.04409043729410172
Rotten,RottenApple (367).jpg,0.19674744897959184,n/a,False,78.30309681507742,0.005571312803889789
Rotten,RottenApple (368).jpg,0.19844148596938777,n/a,False,78.37793992561718,0.004419001707341569
Rotten,RottenApple (369).jpg,0.17817283163265307,n/a,False,64.36059581070606,0.0010067114093959733
Rotten,RottenApple (37).jpg,0.26785714285714285,n/a,False,105.72181201750395,0.0
Rotten,RottenApple (370).jpg,0.19459502551020408,n/a,False,64.4726907742178,0.0021507578861122492
Rotten,RottenApple (371).jpg,0.3014389349489796,n/a,False,94.64129786576136,0.0
Rotten,RottenApple (372).jpg,0.30088089923469385,n/a,False,94.70133535294362,0.0
Rotten,RottenApple (373).jpg,0.49254623724489793,n/a,False,78.44248347425315,0.0012138868657441126
Rotten,RottenApple (374).jpg,0.4920679209183674,n/a,False,78.53049015745859,0.0006885378695828271
Rotten,RottenApple (375).jpg,0.1815808354591837,n/a,False,105.37717543630258,0.09197673142355395
Rotten,RottenApple (376).jpg,0.1809032206632653,n/a,False,105.40800360282806,0.08626198083067092
Rotten,RottenApple (377).jpg,0.24364237882653061,n/a,False,105.45982460123683,0.0
Rotten,RottenApple (378).jpg,0.2443000637755102,n/a,False,105.49936980961733,0.0
Rotten,RottenApple (379).jpg,0.3289819834183674,n/a,False,104.91120293990637,0.0
Rotten,RottenApple (38).jpg,0.2671595982142857,n/a,False,105.74163726824271,0.0
Rotten,RottenApple (380).jpg,0.32852359693877553,n/a,False,104.94376308662788,0.0
Rotten,RottenApple (381).jpg,0.31116470025510207,n/a,False,105.45964473239633,6.404918977774931e-05
Rotten,RottenApple (382).jpg,0.31082589285714285,n/a,False,105.48631576536383,0.0
Rotten,RottenApple (383).jpg,0.20878507653061223,n/a,False,104.16897100359581,0.0
Rotten,RottenApple (384).jpg,0.20322464923469388,n/a,False,104.20973812225448,0.0
Rotten,RottenApple (385).jpg,0.4079639668367347,n/a,False,62.60539337621892,0.010552027357107963
Rotten,RottenApple (386).jpg,0.40780452806122447,n/a,False,62.63588420068812,0.010067442087772457
Rotten,RottenApple (387).jpg,0.4135243941326531,n/a,False,56.74681466993149,0.006747313123524026
Rotten,RottenApple (388).jpg,0.4151187818877551,n/a,False,56.7717458803275,0.007585577800182438
Rotten,RottenApple (389).jpg,0.46470424107142855,n/a,False,97.23479201295028,0.0
Rotten,RottenApple (39).jpg,0.21027981505102042,n/a,False,77.02421236574322,0.0
Rotten,RottenApple (390).jpg,0.4650031887755102,n/a,False,97.26048217739049,0.0
Rotten,RottenApple (391).jpg,0.38978794642857145,n/a,False,97.19012606683593,0.0
Rotten,RottenApple (392).jpg,0.38829320790816324,n/a,False,97.21200161521348,0.0
Rotten,RottenApple (393).jpg,0.3719905931122449,n/a,False,97.17187444718257,0.018108759710688455
Rotten,RottenApple (394).jpg,0.3873963647959184,n/a,False,97.2000018923341,0.023510649243749356
Rotten,RottenApple (395).jpg,0.38907047193877553,n/a,False,82.20871153067363,0.0
Rotten,RottenApple (396).jpg,0.3884327168367347,n/a,False,82.22915376716746,0.0
Rotten,RottenApple (397).jpg,0.36796476403061223,n/a,False,96.87540456213382,0.0
Rotten,RottenApple (398).jpg,0.358219068877551,n/a,False,96.90894677907988,0.0
Rotten,RottenApple (399).jpg,0.4793327487244898,n/a,False,8.107205099875241,0.0
Rotten,RottenApple (4).jpg,0.17647879464285715,n/a,False,105.67556872203619,0.10163749294184077
Rotten,RottenApple (40).jpg,0.21123644770408162,n/a,False,77.07192370291439,0.0
Rotten,RottenApple (400).jpg,0.47989078443877553,n/a,False,8.06834650440262,0.0
Rotten,RottenApple (401).jpg,0.4032405931122449,n/a,False,62.060391588929555,0.000593090495724806
Rotten,RottenApple (402).jpg,0.4051937181122449,n/a,False,62.15290927170699,0.0004918597216073976
Rotten,RottenApple (403).jpg,0.4331752232142857,n/a,False,97.21584198814493,0.0
Rotten,RottenApple (404).jpg,0.4320790816326531,n/a,False,97.24077781573611,0.0
Rotten,RottenApple (405).jpg,0.18526785714285715,n/a,False,96.32184453511661,0.09670826161790017
Rotten,RottenApple (406).jpg,0.2372249681122449,n/a,False,96.36459459986014,0.07762748886835251
Rotten,RottenApple (407).jpg,0.1112484056122449,n/a,False,96.2519156036915,0.4819061268362594
Rotten,RottenApple (408).jpg,0.11421795280612244,n/a,False,96.29489721087596,0.48385971034723435
Rotten,RottenApple (409).jpg,0.30628188775510207,n/a,False,105.89718830788821,0.0
Rotten,RottenApple (41).jpg,0.1825573979591837,n/a,False,76.25591396966348,0.0490174672489083
Rotten,RottenApple (410).jpg,0.30685985331632654,n/a,False,105.91826441590793,0.0
Rotten,RottenApple (411).jpg,0.2839205994897959,n/a,False,64.43511811108208,0.36859469324722727
Rotten,RottenApple (412).jpg,0.19577088647959184,n/a,False,64.45758940572118,0.13671994299093962
Rotten,RottenApple (413).jpg,0.2574936224489796,n/a,False,64.23814050231765,0.11439628482972136
Rotten,RottenApple (414).jpg,0.25880899234693877,n/a,False,64.28027840945424,0.11304481749576467
Rotten,RottenApple (415).jpg,0.40198501275510207,n/a,False,105.8791071011538,0.00024789291026276647
Rotten,RottenApple (416).jpg,0.40176578443877553,n/a,False,105.89744528447055,0.00029763381120095244
Rotten,RottenApple (417).jpg,0.3520408163265306,n/a,False,84.2856222082885,0.003679800724637681
Rotten,RottenApple (418).jpg,0.34867267219387754,n/a,False,84.34327088751739,0.0027436410402972276
Rotten,RottenApple (419).jpg,0.4039979272959184,n/a,False,72.15044643061613,0.012579547136303094
Rotten,RottenApple (42).jpg,0.1818000637755102,n/a,False,76.29378776622951,0.04374040780530585
Rotten,RottenApple (420).jpg,0.40330038265306123,n/a,False,72.20074967385953,0.0062759438624234035
Rotten,RottenApple (421).jpg,0.3391262755102041,n/a,False,89.52202150560986,0.002468265162200282
Rotten,RottenApple (422).jpg,0.33946508290816324,n/a,False,89.577145887043,0.002876768625609112
Rotten,RottenApple (423).jpg,0.3112643494897959,n/a,False,76.27954081929992,0.01050070431553336
Rotten,RottenApple (424).jpg,0.310546875,n/a,False,76.3332803932493,0.007572840456937492
Rotten,RottenApple (425).jpg,0.272640306122449,n/a,False,61.365451546207,0.04247076023391813
Rotten,RottenApple (426).jpg,0.2729392538265306,n/a,False,61.48063952641231,0.04308141657539248
Rotten,RottenApple (427).jpg,0.2305484693877551,n/a,False,54.260437841781346,0.0
Rotten,RottenApple (428).jpg,0.23094706632653061,n/a,False,54.49320415973667,0.0
Rotten,RottenApple (429).jpg,0.40035076530612246,n/a,False,100.0805029023782,0.02095778574273198
Rotten,RottenApple (43).jpg,0.1730907206632653,n/a,False,91.2383034978361,0.0
Rotten,RottenApple (430).jpg,0.4001315369897959,n/a,False,100.14294585585436,0.02171639189121881
Rotten,RottenApple (431).jpg,0.4810068558673469,n/a,False,108.0774230781446,0.08079552517091361
Rotten,RottenApple (432).jpg,0.48228236607142855,n/a,False,108.1722530194545,0.08665647340799207
Rotten,RottenApple (433).jpg,0.36708785076530615,n/a,False,99.89238102697186,0.0
Rotten,RottenApple (434).jpg,0.3692602040816326,n/a,False,99.99394568185608,0.0
Rotten,RottenApple (435).jpg,0.3600326849489796,n/a,False,29.3736135707878,0.08452809299750899
Rotten,RottenApple (436).jpg,0.3595344387755102,n/a,False,29.348261079499895,0.06746119733924612
Rotten,RottenApple (437).jpg,0.40108816964285715,n/a,False,58.81741269974642,0.08372670807453417
Rotten,RottenApple (438).jpg,0.4011280293367347,n/a,False,58.83857138165913,0.0797933124658419
Rotten,RottenApple (439).jpg,0.33199139030612246,n/a,False,105.77257113900062,0.0
Rotten,RottenApple (44).jpg,0.1734295280612245,n/a,False,91.26903460668801,0.0
Rotten,RottenApple (440).jpg,0.3319515306122449,n/a,False,105.79050317917326,0.0
Rotten,RottenApple (441).jpg,0.32846380739795916,n/a,False,105.68847478054168,0.0
Rotten,RottenApple (442).jpg,0.327327806122449,n/a,False,105.7271165929501,0.0
Rotten,RottenApple (443).jpg,0.27626753826530615,n/a,False,76.14799835100887,0.027845909681142693
Rotten,RottenApple (444).jpg,0.27951610331632654,n/a,False,76.23675905133769,0.01055258467023173
Rotten,RottenApple (445).jpg,0.44056919642857145,n/a,False,97.09421049841994,0.0
Rotten,RottenApple (446).jpg,0.4406887755102041,n/a,False,97.11864551890153,0.0
Rotten,RottenApple (447).jpg,0.4631297831632653,n/a,False,8.806315706171013,0.0
Rotten,RottenApple (448).jpg,0.46285076530612246,n/a,False,8.78480231405244,0.0
Rotten,RottenApple (449).jpg,0.31216119260204084,n/a,False,69.59277332360493,0.0
Rotten,RottenApple (45).jpg,0.1534797512755102,n/a,False,84.78969877310602,0.0
Rotten,RottenApple (450).jpg,0.31405452806122447,n/a,False,69.63835462289451,6.345982992765579e-05
Rotten,RottenApple (451).jpg,0.28087133290816324,n/a,False,97.04814743315382,0.011778897324913077
Rotten,RottenApple (452).jpg,0.2770248724489796,n/a,False,97.07083023259929,0.00985611510791367
Rotten,RottenApple (453).jpg,0.3472377232142857,n/a,False,96.17692510668688,0.0004591631751133559
Rotten,RottenApple (454).jpg,0.3478954081632653,n/a,False,96.229180397773,0.00028643446379468377
Rotten,RottenApple (455).jpg,0.2195671237244898,n/a,False,27.08452825907383,0.0035399836616138696
Rotten,RottenApple (456).jpg,0.2163982780612245,n/a,False,27.053410843028505,0.004052311659605821
Rotten,RottenApple (457).jpg,0.21364795918367346,n/a,False,52.74175429026692,0.2021455223880597
Rotten,RottenApple (458).jpg,0.21717554209183673,n/a,False,52.84232052384747,0.19546664219509957
Rotten,RottenApple (459).jpg,0.36098931760204084,n/a,False,105.79579261138201,0.00011041793187213604
Rotten,RottenApple (46).jpg,0.1538982780612245,n/a,False,84.83313620187339,0.0
Rotten,RottenApple (460).jpg,0.3624641262755102,n/a,False,105.81445711029382,0.00010996865893220432
Rotten,RottenApple (461).jpg,0.3247169961734694,n/a,False,96.61736456305583,0.056036334622230406
Rotten,RottenApple (462).jpg,0.32423867984693877,n/a,False,96.61472488887797,0.05943819534083226
Rotten,RottenApple (463).jpg,0.39024633290816324,n/a,False,96.38105673642845,0.09606250957560901
Rotten,RottenApple (464).jpg,0.3922791772959184,n/a,False,96.64156312056097,0.09388812680993751
Rotten,RottenApple (465).jpg,0.18235809948979592,n/a,False,72.1386867160083,0.003169398907103825
Rotten,RottenApple (466).jpg,0.18361367984693877,n/a,False,72.34784354019745,0.004558775643112993
Rotten,RottenApple (467).jpg,0.19935825892857142,n/a,False,25.32774450429282,0.005498350494851544
Rotten,RottenApple (468).jpg,0.20031489158163265,n/a,False,25.356934843626295,0.008158392199781116
Rotten,RottenApple (469).jpg,0.44234295280612246,n/a,False,97.25676830408946,0.0
Rotten,RottenApple (47).jpg,0.1620296556122449,n/a,False,76.36152554975111,0.0
Rotten,RottenApple (470).jpg,0.4434191645408163,n/a,False,97.28114729245367,0.0
Rotten,RottenApple (471).jpg,0.2492625956632653,n/a,False,101.97583274062306,0.008395298632765651
Rotten,RottenApple (472).jpg,0.23381696428571427,n/a,False,102.00952283483025,0.0017047391749062393
Rotten,RottenApple (473).jpg,0.26719945790816324,n/a,False,40.94468148597949,0.0005967032147385695
Rotten,RottenApple (474).jpg,0.270687181122449,n/a,False,41.01024657748648,0.0006626417317037256
Rotten,RottenApple (475).jpg,0.16189014668367346,n/a,False,46.484673432806424,0.18404530345931305
Rotten,RottenApple (476).jpg,0.16388313137755103,n/a,False,46.726442296247946,0.09072114799951356
Rotten,RottenApple (477).jpg,0.38301179846938777,n/a,False,97.24924776900811,0.0
Rotten,RottenApple (478).jpg,0.382015306122449,n/a,False,97.27138246788611,0.0
Rotten,RottenApple (479).jpg,0.3459622130102041,n/a,False,12.259329558033427,0.012385506077539028
Rotten,RottenApple (48).jpg,0.16290656887755103,n/a,False,76.40070876007609,0.0
Rotten,RottenApple (480).jpg,0.2746532206632653,n/a,False,12.242072999927364,0.0005805093969958639
Rotten,RottenApple (481).jpg,0.3458625637755102,n/a,False,34.20064225823392,0.1269447965886827
Rotten,RottenApple (482).jpg,0.3439891581632653,n/a,False,34.31080468428014,0.1246234067207416
Rotten,RottenApple (483).jpg,0.28097098214285715,n/a,False,105.48148792179694,0.00021279614129663782
Rotten,RottenApple (484).jpg,0.3091517857142857,n/a,False,105.5616569202013,0.014569365652398143
Rotten,RottenApple (485).jpg,0.36619100765306123,n/a,False,103.74744823786558,0.0
Rotten,RottenApple (486).jpg,0.36599170918367346,n/a,False,103.76835026443973,0.0
Rotten,RottenApple (487).jpg,0.2800143494897959,n/a,False,97.08231652077181,7.117437722419929e-05
Rotten,RottenApple (488).jpg,0.2803930165816326,n/a,False,97.1083607222912,0.0
Rotten,RottenApple (489).jpg,0.28976004464285715,n/a,False,19.758184812534548,0.0
Rotten,RottenApple (49).jpg,0.31088568239795916,n/a,False,105.73206619281446,0.0
Rotten,RottenApple (490).jpg,0.2893614477040816,n/a,False,19.737914198335,0.0
Rotten,RottenApple (491).jpg,0.2542051977040816,n/a,False,19.622320776530454,0.0
Rotten,RottenApple (492).jpg,0.2540656887755102,n/a,False,19.59226502459399,0.0
Rotten,RottenApple (493).jpg,0.2411511479591837,n/a,False,35.67906270410928,0.0
Rotten,RottenApple (494).jpg,0.23854033801020408,n/a,False,35.86452409668179,0.0
Rotten,RottenApple (495).jpg,0.2050183354591837,n/a,False,19.34792845567336,0.0
Rotten,RottenApple (496).jpg,0.20049426020408162,n/a,False,19.31469997262942,0.0
Rotten,RottenApple (497).jpg,0.25631776147959184,n/a,False,105.13418004068983,0.002177124640385662
Rotten,RottenApple (498).jpg,0.2542251275510204,n/a,False,105.18827966899609,0.0012543116964565694
Rotten,RottenApple (499).jpg,0.09271364795918367,n/a,True,82.60079139485748,0.0
Rotten,RottenApple (5).jpg,0.18767936862244897,n/a,False,105.62528504344122,0.020813422533715622
Rotten,RottenApple (50).jpg,0.3180404974489796,n/a,False,105.75015284185294,0.0
Rotten,RottenApple (500).jpg,0.09235491071428571,n/a,True,82.64020118890949,0.0
Rotten,RottenApple (501).jpg,0.25271045918367346,n/a,False,53.78953356749977,0.001498422712933754
Rotten,RottenApple (502).jpg,0.25273038903061223,n/a,False,53.9710217017778,0.002208027758063244
Rotten,RottenApple (503).jpg,0.25392617984693877,n/a,False,105.2527618422281,0.0
Rotten,RottenApple (504).jpg,0.25231186224489793,n/a,False,105.29090592876828,0.0
Rotten,RottenApple (505).jpg,0.3734654017857143,n/a,False,103.9852648753495,0.0
Rotten,RottenApple (506).jpg,0.37338568239795916,n/a,False,104.07266495753,0.0
Rotten,RottenApple (507).jpg,0.2837013711734694,n/a,False,101.82689367071312,0.0
Rotten,RottenApple (508).jpg,0.28212691326530615,n/a,False,101.86295873636836,0.0
Rotten,RottenApple (509).jpg,0.29446348852040816,n/a,False,100.64211648751633,0.0
Rotten,RottenApple (51).jpg,0.4391940369897959,n/a,False,45.308837812216886,0.0
Rotten,RottenApple (510).jpg,0.2943837691326531,n/a,False,100.66019490012464,0.0
Rotten,RottenApple (511).jpg,0.17075892857142858,n/a,False,103.64677140420156,0.0
Rotten,RottenApple (512).jpg,0.1709582270408163,n/a,False,103.73373468259341,0.0
Rotten,RottenApple (513).jpg,0.2819276147959184,n/a,False,96.93845868061952,0.0
Rotten,RottenApple (514).jpg,0.2753109056122449,n/a,False,96.95965961543318,0.0
Rotten,RottenApple (515).jpg,0.21894929846938777,n/a,False,97.27485096189703,0.0003640997633351538
Rotten,RottenApple (516).jpg,0.22024473852040816,n/a,False,97.29638383108797,0.002624196905257443
Rotten,RottenApple (517).jpg,0.1776745854591837,n/a,False,97.23617301761881,0.0
Rotten,RottenApple (518).jpg,0.17743542729591838,n/a,False,97.25874656157738,0.00022464337863641469
Rotten,RottenApple (519).jpg,0.5369897959183674,n/a,False,98.81305180636184,0.0
Rotten,RottenApple (52).jpg,0.43861607142857145,n/a,False,45.320084631220006,0.0
Rotten,RottenApple (520).jpg,0.5376076211734694,n/a,False,98.84799671669909,0.0
Rotten,RottenApple (521).jpg,0.332828443877551,n/a,False,22.413828200152093,0.0
Rotten,RottenApple (522).jpg,0.3331672512755102,n/a,False,22.37387389742095,0.0
Rotten,RottenApple (523).jpg,0.19483418367346939,n/a,False,19.4365995876809,0.0
Rotten,RottenApple (524).jpg,0.19347895408163265,n/a,False,19.45167814191545,0.0
Rotten,RottenApple (525).jpg,0.3811184630102041,n/a,False,0.15896825946281304,0.002353187261412958
Rotten,RottenApple (526).jpg,0.38179607780612246,n/a,False,0.15666752605061762,0.002453411285691914
Rotten,RottenApple (527).jpg,0.2892219387755102,n/a,False,17.65981498766683,0.0002756339581036384
Rotten,RottenApple (528).jpg,0.28696986607142855,n/a,False,17.665759319503863,0.0
Rotten,RottenApple (529).jpg,0.3394252232142857,n/a,False,0.313682697700155,0.0
Rotten,RottenApple (53).jpg,0.3052256058673469,n/a,False,97.03364473853607,0.0
Rotten,RottenApple (530).jpg,0.34141820790816324,n/a,False,0.307879125829469,0.0
Rotten,RottenApple (531).jpg,0.31772161989795916,n/a,False,0.0,0.0
Rotten,RottenApple (532).jpg,0.31961495535714285,n/a,False,0.0,0.0
Rotten,RottenApple (533).jpg,0.42392777423469385,n/a,False,0.851566416910497,0.0
Rotten,RottenApple (534).jpg,0.4242665816326531,n/a,False,0.8516612333238626,0.0
Rotten,RottenApple (535).jpg,0.3526586415816326,n/a,False,0.0,0.0
Rotten,RottenApple (536).jpg,0.35281808035714285,n/a,False,0.0,0.0
Rotten,RottenApple (537).jpg,0.24467873086734693,n/a,False,0.0,0.0013847031033640141
Rotten,RottenApple (538).jpg,0.23604910714285715,n/a,False,0.0,0.0
Rotten,RottenApple (539).jpg,0.6200374681122449,n/a,False,7.6139195819917616,0.0
Rotten,RottenApple (54).jpg,0.3054049744897959,n/a,False,97.05827249823375,0.0
Rotten,RottenApple (540).jpg,0.6209542410714286,n/a,False,7.582788871017222,0.0
Rotten,RottenApple (541).jpg,0.16621492346938777,n/a,False,0.5560359986730181,0.0
Rotten,RottenApple (542).jpg,0.16551737882653061,n/a,False,0.43698752669860835,0.0
Rotten,RottenApple (543).jpg,0.1624481823979592,n/a,False,11.139125877976033,0.000122684333210649
Rotten,RottenApple (544).jpg,0.16071428571428573,n/a,False,11.134771010126173,0.0001240079365079365
Rotten,RottenApple (545).jpg,0.42346938775510207,n/a,False,0.0,0.0
Rotten,RottenApple (546).jpg,0.42440609056122447,n/a,False,0.0,0.0
Rotten,RottenApple (547).jpg,0.493961256377551,n/a,False,0.03440552031451128,0.0
Rotten,RottenApple (548).jpg,0.49416055484693877,n/a,False,0.020178296137923987,0.0
Rotten,RottenApple (549).jpg,0.24621332908163265,n/a,False,0.0,0.03334952242188765
Rotten,RottenApple (55).jpg,0.400390625,n/a,False,96.93805329149039,0.00019910403185664509
Rotten,RottenApple (550).jpg,0.24180883290816327,n/a,False,0.0,0.0227478776889475
Rotten,RottenApple (551).jpg,0.37422273596938777,n/a,False,13.258464971738912,0.0
Rotten,RottenApple (552).jpg,0.3745017538265306,n/a,False,13.265048401033402,0.0
Rotten,RottenApple (553).jpg,0.2504783163265306,n/a,False,0.6408173500366866,0.0
Rotten,RottenApple (554).jpg,0.25099649234693877,n/a,False,0.6513637227111858,0.0
Rotten,RottenApple (555).jpg,0.2557397959183674,n/a,False,0.115860766965441,0.0
Rotten,RottenApple (556).jpg,0.2641701211734694,n/a,False,0.13884835425165973,0.0
Rotten,RottenApple (557).jpg,0.18827726403061223,n/a,False,0.8805113907446112,0.14237324018206837
Rotten,RottenApple (558).jpg,0.1607940051020408,n/a,False,0.8811104140548744,0.03470500743678731
Rotten,RottenApple (559).jpg,0.31825972576530615,n/a,False,1.0658222642930424,0.0
Rotten,RottenApple (56).jpg,0.40090880102040816,n/a,False,96.96087509064235,0.0001491350169019686
Rotten,RottenApple (560).jpg,0.3184390943877551,n/a,False,1.0674171608271337,0.0
Rotten,RottenApple (561).jpg,0.19828204719387754,n/a,False,25.433898424358844,0.001005126143330988
Rotten,RottenApple (562).jpg,0.19682716836734693,n/a,False,25.42794768234168,0.0014175779667881733
Rotten,RottenApple (563).jpg,0.13807397959183673,n/a,False,0.9412642576540277,0.1340935334872979
Rotten,RottenApple (564).jpg,0.13715720663265307,n/a,False,0.940233296248743,0.12685265911072363
Rotten,RottenApple (565).jpg,0.30624202806122447,n/a,False,0.15101188031697296,0.0007809449433814916
Rotten,RottenApple (566).jpg,0.3020766900510204,n/a,False,0.12777045295791986,0.00032988058322887113
Rotten,RottenApple (567).jpg,0.23483338647959184,n/a,False,0.05334390450192878,0.0
Rotten,RottenApple (568).jpg,0.23435507015306123,n/a,False,0.03003384044471054,0.0
Rotten,RottenApple (569).jpg,0.29940609056122447,n/a,False,0.09235486388348747,0.0
Rotten,RottenApple (57).jpg,0.2855947066326531,n/a,False,96.89253145537923,0.02016748080949058
Rotten,RottenApple (570).jpg,0.2994858099489796,n/a,False,0.09235486388348234,0.0
Rotten,RottenApple (571).jpg,0.307796556122449,n/a,False,0.18520757201194013,0.0
Rotten,RottenApple (572).jpg,0.3109654017857143,n/a,False,0.13263221813046797,0.0
Rotten,RottenApple (573).jpg,0.24334343112244897,n/a,False,1.295781411546417,0.0
Rotten,RottenApple (574).jpg,0.24354272959183673,n/a,False,1.283455676467378,0.0
Rotten,RottenApple (575).jpg,0.4978077168367347,n/a,False,0.059010806268557515,8.007046200656577e-05
Rotten,RottenApple (576).jpg,0.49742904974489793,n/a,False,0.0,0.00012019712328218278
Rotten,RottenApple (577).jpg,0.28236607142857145,n/a,False,29.171473156339204,0.0
Rotten,RottenApple (578).jpg,0.2975924744897959,n/a,False,29.172698068964962,0.0
Rotten,RottenApple (579).jpg,0.4305046237244898,n/a,False,97.04327645767735,0.0
Rotten,RottenApple (58).jpg,0.2792370854591837,n/a,False,96.92398476963875,0.011562343872671473
Rotten,RottenApple (580).jpg,0.43094308035714285,n/a,False,97.08444424074916,0.0
Rotten,RottenApple (581).jpg,0.4251235650510204,n/a,False,61.56725230853326,0.3972622005531855
Rotten,RottenApple (582).jpg,0.33888711734693877,n/a,False,61.70221534792046,0.24059044930604565
Rotten,RottenApple (583).jpg,0.2090640943877551,n/a,False,97.03021568546636,0.0
Rotten,RottenApple (584).jpg,0.20994100765306123,n/a,False,97.05211330865757,0.0
Rotten,RottenApple (585).jpg,0.1999561543367347,n/a,False,105.84056926537464,0.01475132064188179
Rotten,RottenApple (586).jpg,0.23224250637755103,n/a,False,105.86130000170833,0.02994936926113447
Rotten,RottenApple (587).jpg,0.19361846301020408,n/a,False,105.84209208713925,0.0
Rotten,RottenApple (588).jpg,0.19310028698979592,n/a,False,105.87101112990109,0.00020641965115078957
Rotten,RottenApple (589).jpg,0.36421795280612246,n/a,False,96.94220700026109,0.009575923392612859
Rotten,RottenApple (59).jpg,0.28079161352040816,n/a,False,82.82308988753759,0.008020441479168146
Rotten,RottenApple (590).jpg,0.3299984056122449,n/a,False,96.97041866515866,0.0
Rotten,RottenApple (591).jpg,0.2628148915816326,n/a,False,57.10208459062568,0.0073557291271706985
Rotten,RottenApple (592).jpg,0.2717833227040816,n/a,False,57.253345346952926,0.008799589352496884
Rotten,RottenApple (593).jpg,0.41468032525510207,n/a,False,51.90419694282436,0.10381121737876677
Rotten,RottenApple (594).jpg,0.4153380102040816,n/a,False,51.99873546041945,0.08838771593090211
Rotten,RottenApple (595).jpg,0.27525111607142855,n/a,False,50.908793992325975,0.021504597784374774
Rotten,RottenApple (596).jpg,0.27479272959183676,n/a,False,50.97143582677764,0.017769074557586306
Rotten,RottenApple (597).jpg,0.37868702168367346,n/a,False,56.575320867509824,0.03952423556654913
Rotten,RottenApple (598).jpg,0.35154257015306123,n/a,False,56.64643046094795,0.027949430239809513
Rotten,RottenApple (599).jpg,0.42763472576530615,n/a,False,97.12475524450592,0.0
Rotten,RottenApple (6).jpg,0.17020089285714285,n/a,False,105.64639199900152,0.0
Rotten,RottenApple (60).jpg,0.28063217474489793,n/a,False,82.85583932198962,0.008024998224557914
Rotten,RottenApple (600).jpg,0.42727598852040816,n/a,False,97.15398904239778,0.0
Rotten,RottenApple (601).jpg,0.1810028698979592,n/a,False,64.98990668630903,0.004734639947148205
Rotten,RottenApple (602).jpg,0.1540577168367347,n/a,False,65.11751002829729,0.003234152652005175
Rotten,RottenApple (603).jpg,0.21982621173469388,n/a,False,67.81069360681614,0.06010879419764279
Rotten,RottenApple (604).jpg,0.22058354591836735,n/a,False,68.01348251921421,0.06378749548247199
Rotten,RottenApple (605).jpg,0.2137077487244898,n/a,False,63.39030078438998,0.006621281357828966
Rotten,RottenApple (606).jpg,0.20940290178571427,n/a,False,63.549630811378485,0.0062815266013134105
Rotten,RottenApple (607).jpg,0.42466517857142855,n/a,False,54.7588554177099,0.0726018396846255
Rotten,RottenApple (608).jpg,0.4237085459183674,n/a,False,54.86013373700342,0.058466603951081844
Rotten,RottenApple (609).jpg,0.29324776785714285,n/a,False,68.56364314502757,0.366521680032622
Rotten,RottenApple (61).jpg,0.17452566964285715,n/a,False,105.0202166168363,0.07000114194358799
Rotten,RottenApple (610).jpg,0.29318797831632654,n/a,False,68.66259414685614,0.3171096458432465
Rotten,RottenApple (611).jpg,0.31497130102040816,n/a,False,70.95609956237702,0.26613515565679574
Rotten,RottenApple (612).jpg,0.314453125,n/a,False,71.09180891839345,0.23691215616681455
Rotten,RottenApple (613).jpg,0.26255580357142855,n/a,False,65.72102923885534,0.019356307879155914
Rotten,RottenApple (614).jpg,0.25900829081632654,n/a,False,65.74688278293006,0.019544475223145584
Rotten,RottenApple (615).jpg,0.23064811862244897,n/a,False,75.36505213700057,0.0065670094184740345
Rotten,RottenApple (616).jpg,0.2320232780612245,n/a,False,75.45074066095181,0.008074214052568288
Rotten,RottenApple (617).jpg,0.2453563456632653,n/a,False,73.40895864160113,0.0008935098692226465
Rotten,RottenApple (618).jpg,0.2471301020408163,n/a,False,73.58117484110689,0.0
Rotten,RottenApple (619).jpg,0.38767538265306123,n/a,False,72.4894327388456,0.03542052231133046
Rotten,RottenApple (62).jpg,0.2644889987244898,n/a,False,105.04025861309742,0.10195162384145882
Rotten,RottenApple (620).jpg,0.3880141900510204,n/a,False,72.55418508070633,0.03508141147465201
Rotten,RottenApple (621).jpg,0.24272560586734693,n/a,False,19.51626844484979,0.00041054273749897363
Rotten,RottenApple (622).jpg,0.24254623724489796,n/a,False,19.53290284862874,0.00016433853738701725
Rotten,RottenApple (623).jpg,0.18461017219387754,n/a,False,77.53517108227435,0.024182230378926913
Rotten,RottenApple (624).jpg,0.18311543367346939,n/a,False,77.74018395277015,0.029603831084022637
Rotten,RottenApple (625).jpg,0.16507892219387754,n/a,False,103.2944934217332,0.07895689967403115
Rotten,RottenApple (626).jpg,0.17141661352040816,n/a,False,103.39336362960076,0.08219974421578886
Rotten,RottenApple (627).jpg,0.3666493941326531,n/a,False,108.36617045631658,0.010055987389248247
Rotten,RottenApple (628).jpg,0.3921396683673469,n/a,False,108.45882693524747,0.010317137629599512
Rotten,RottenApple (629).jpg,0.24131058673469388,n/a,False,17.660878476301622,0.0
Rotten,RottenApple (63).jpg,0.308773118622449,n/a,False,96.889516778285,0.0
Rotten,RottenApple (630).jpg,0.24364237882653061,n/a,False,17.645275842164505,0.0
Rotten,RottenApple (631).jpg,0.3361965880102041,n/a,False,87.35751977843246,0.012271029699448693
Rotten,RottenApple (632).jpg,0.33607700892857145,n/a,False,87.68648610044954,0.008183597224693116
Rotten,RottenApple (633).jpg,0.2694116709183674,n/a,False,45.38064477895267,0.13330374315727178
Rotten,RottenApple (634).jpg,0.26803651147959184,n/a,False,45.43221513448625,0.12684957989441595
Rotten,RottenApple (635).jpg,0.27598852040816324,n/a,False,21.7413159363394,0.0
Rotten,RottenApple (636).jpg,0.27543048469387754,n/a,False,21.708781308816487,0.0
Rotten,RottenApple (637).jpg,0.18544722576530612,n/a,False,46.61282820328654,0.04384739387426115
Rotten,RottenApple (638).jpg,0.18640385841836735,n/a,False,46.746154863298386,0.04458462525392922
Rotten,RottenApple (639).jpg,0.34500558035714285,n/a,False,18.94764190158684,0.0
Rotten,RottenApple (64).jpg,0.3108059630102041,n/a,False,96.91416322846622,0.0
Rotten,RottenApple (640).jpg,0.3450255102040816,n/a,False,18.91606389602472,0.0
Rotten,RottenApple (641).jpg,0.16452088647959184,n/a,False,20.312022740117126,0.0
Rotten,RottenApple (642).jpg,0.20978156887755103,n/a,False,20.286298802511414,0.056336690100703024
Rotten,RottenApple (643).jpg,0.17317044005102042,n/a,False,46.294828387525676,0.018068822649326736
Rotten,RottenApple (644).jpg,0.1716358418367347,n/a,False,46.44898240248093,0.02229447282861124
Rotten,RottenApple (645).jpg,0.36134805484693877,n/a,False,23.849740142368407,0.0
Rotten,RottenApple (646).jpg,0.3695790816326531,n/a,False,23.823840902912348,0.0
Rotten,RottenApple (647).jpg,0.2582509566326531,n/a,False,21.296021781521333,0.0
Rotten,RottenApple (648).jpg,0.2583506058673469,n/a,False,21.256216525587902,0.0
Rotten,RottenApple (649).jpg,0.14094387755102042,n/a,False,19.48938045629747,0.007635746606334841
Rotten,RottenApple (65).jpg,0.2950813137755102,n/a,False,86.20540951810126,0.0
Rotten,RottenApple (650).jpg,0.13612085459183673,n/a,False,19.465694980538846,0.0
Rotten,RottenApple (651).jpg,0.28005420918367346,n/a,False,23.620682362226816,0.0
Rotten,RottenApple (652).jpg,0.26688058035714285,n/a,False,23.591127341368942,7.467702188036741e-05
Rotten,RottenApple (653).jpg,0.3592952806122449,n/a,False,21.296288871944615,0.0
Rotten,RottenApple (654).jpg,0.3592155612244898,n/a,False,21.26378124082354,0.0
Rotten,RottenApple (655).jpg,0.27084661989795916,n/a,False,23.57584984834466,0.021044885945548198
Rotten,RottenApple (656).jpg,0.28354193239795916,n/a,False,23.566086744091063,0.04315737681872496
Rotten,RottenApple (657).jpg,0.37509964923469385,n/a,False,21.504938716188036,0.0
Rotten,RottenApple (658).jpg,0.37509964923469385,n/a,False,21.487941903121826,0.0
Rotten,RottenApple (659).jpg,0.3418566645408163,n/a,False,20.8476349189553,0.0
Rotten,RottenApple (66).jpg,0.2951809630102041,n/a,False,86.23375717953547,0.0
Rotten,RottenApple (660).jpg,0.3454041772959184,n/a,False,20.824604380805,0.0
Rotten,RottenApple (661).jpg,0.273616868622449,n/a,False,17.864397550025554,0.0
Rotten,RottenApple (662).jpg,0.2734375,n/a,False,17.844224567469748,0.0
Rotten,RottenApple (663).jpg,0.24055325255102042,n/a,False,20.342329714756932,0.0
Rotten,RottenApple (664).jpg,0.24388153698979592,n/a,False,20.308417517395874,0.0
Rotten,RottenApple (665).jpg,0.42709661989795916,n/a,False,97.01705648317397,0.0
Rotten,RottenApple (666).jpg,0.4272560586734694,n/a,False,97.04479582071679,0.0
Rotten,RottenApple (667).jpg,0.2741749043367347,n/a,False,105.54649215988145,0.0
Rotten,RottenApple (668).jpg,0.2744140625,n/a,False,105.56578438487604,0.0
Rotten,RottenApple (669).jpg,0.4470065369897959,n/a,False,96.97144557320227,0.0
Rotten,RottenApple (67).jpg,0.32772640306122447,n/a,False,70.99672059200539,0.0
Rotten,RottenApple (670).jpg,0.44724569515306123,n/a,False,96.99648713485794,0.0
Rotten,RottenApple (671).jpg,0.1903499681122449,n/a,False,44.71650320507689,0.07946811852162078
Rotten,RottenApple (672).jpg,0.18865593112244897,n/a,False,44.73960701909166,0.07563912951616311
Rotten,RottenApple (673).jpg,0.2894810267857143,n/a,False,19.636462140429952,0.04399311531841652
Rotten,RottenApple (674).jpg,0.29360650510204084,n/a,False,19.62298805251011,0.04982351344013033
Rotten,RottenApple (675).jpg,0.2857142857142857,n/a,False,31.551874541833268,0.00048828125
Rotten,RottenApple (676).jpg,0.28505660076530615,n/a,False,31.55891486936542,0.0004894078165419842
Rotten,RottenApple (677).jpg,0.34964923469387754,n/a,False,21.05036829652415,0.0
Rotten,RottenApple (678).jpg,0.35048628826530615,n/a,False,21.042472015840406,0.0
Rotten,RottenApple (679).jpg,0.19005102040816327,n/a,False,20.45575439315175,0.001572986577181208
Rotten,RottenApple (68).jpg,0.327327806122449,n/a,False,71.02033621601056,0.0
Rotten,RottenApple (680).jpg,0.19080835459183673,n/a,False,20.42936977820661,0.001880091915604763
Rotten,RottenApple (681).jpg,0.18024553571428573,n/a,False,20.254760923231203,0.0
Rotten,RottenApple (682).jpg,0.17564174107142858,n/a,False,20.229422509881097,0.0
Rotten,RottenApple (683).jpg,0.3720703125,n/a,False,38.688535253868714,0.0
Rotten,RottenApple (684).jpg,0.28999920280612246,n/a,False,38.79349763451771,0.0
Rotten,RottenApple (685).jpg,0.5480508609693877,n/a,False,31.147226585334227,0.0
Rotten,RottenApple (686).jpg,0.5471540178571429,n/a,False,31.165060316637042,0.0
Rotten,RottenApple (687).jpg,0.28579400510204084,n/a,False,55.52484173369309,0.0
Rotten,RottenApple (688).jpg,0.2863919005102041,n/a,False,55.56246078879692,0.0
Rotten,RottenApple (689).jpg,0.3753188775510204,n/a,False,89.02232967806181,0.03451571792693288
Rotten,RottenApple (69).jpg,0.31919642857142855,n/a,False,99.38167303493493,0.0
Rotten,RottenApple (690).jpg,0.3758569834183674,n/a,False,89.13983943754924,0.060925817911872314
Rotten,RottenApple (691).jpg,0.31399473852040816,n/a,False,39.249434601422216,0.17150111075848937
Rotten,RottenApple (692).jpg,0.3129783163265306,n/a,False,39.28115084961446,0.17530565461029038
Rotten,RottenApple (693).jpg,0.30466757015306123,n/a,False,97.54155220139079,0.0064760907961012625
Rotten,RottenApple (694).jpg,0.3054249043367347,n/a,False,97.68330340438736,0.004959216965742252
Rotten,RottenApple (695).jpg,0.2460339604591837,n/a,False,18.932193835630976,0.011745646010530578
Rotten,RottenApple (696).jpg,0.2452766262755102,n/a,False,18.894848225896908,0.01324449500284391
Rotten,RottenApple (697).jpg,0.3543327487244898,n/a,False,24.016408306530206,0.033466449181618764
Rotten,RottenApple (698).jpg,0.3557278380102041,n/a,False,23.977819317338156,0.032550843184492126
Rotten,RottenApple (699).jpg,0.17693718112244897,n/a,False,18.653907873184156,0.2873394908763235
Rotten,RottenApple (7).jpg,0.29316804846938777,n/a,False,105.64021709907676,0.07906186267845003
Rotten,RottenApple (70).jpg,0.31911670918367346,n/a,False,99.41705508908541,0.0
Rotten,RottenApple (700).jpg,0.17317044005102042,n/a,False,18.61528568934922,0.3030268155138681
Rotten,RottenApple (701).jpg,0.20224808673469388,n/a,False,20.853951543457423,0.0
Rotten,RottenApple (702).jpg,0.2042610012755102,n/a,False,20.832486749383943,0.0
Rotten,RottenApple (703).jpg,0.24854512117346939,n/a,False,18.88781391584949,0.0
Rotten,RottenApple (704).jpg,0.24948182397959184,n/a,False,18.86340264283441,0.0
Rotten,RottenApple (705).jpg,0.6156927614795918,n/a,False,34.61086118545662,0.0
Rotten,RottenApple (706).jpg,0.6207748724489796,n/a,False,34.70966296480991,0.0002568383202773854
Rotten,RottenApple (707).jpg,0.36308195153061223,n/a,False,22.11094468710353,0.00010978153474585575
Rotten,RottenApple (708).jpg,0.36324139030612246,n/a,False,22.112702039116495,0.0
Rotten,RottenApple (709).jpg,0.11399872448979592,n/a,False,86.60916870393102,0.0
Rotten,RottenApple (71).jpg,0.29251036352040816,n/a,False,86.57487733382538,0.0
Rotten,RottenApple (710).jpg,0.11461654974489796,n/a,False,86.7923281324525,0.0
Rotten,RottenApple (711).jpg,0.18973214285714285,n/a,False,87.04463506035499,0.0010504201680672268
Rotten,RottenApple (712).jpg,0.19015066964285715,n/a,False,87.2385107043646,0.0009432973482863432
Rotten,RottenApple (713).jpg,0.3460020727040816,n/a,False,25.064403749241247,0.0
Rotten,RottenApple (714).jpg,0.3563257334183674,n/a,False,25.039183368061504,0.0
Rotten,RottenApple (715).jpg,0.28579400510204084,n/a,False,27.99277825966928,0.0004881450488145049
Rotten,RottenApple (716).jpg,0.28537547831632654,n/a,False,28.057364092212584,0.0016062574202109086
Rotten,RottenApple (717).jpg,0.1715361926020408,n/a,False,45.84919033358796,0.00197513651678866
Rotten,RottenApple (718).jpg,0.1732501594387755,n/a,False,45.9731328430073,0.002185666628321638
Rotten,RottenApple (719).jpg,0.3068797831632653,n/a,False,18.983084575081424,0.0
Rotten,RottenApple (72).jpg,0.291812818877551,n/a,False,86.60310548108559,0.0
Rotten,RottenApple (720).jpg,0.24669164540816327,n/a,False,18.963054893349025,0.0
Rotten,RottenApple (721).jpg,0.10309709821428571,n/a,False,92.72977638110046,0.00038662284941040013
Rotten,RottenApple (722).jpg,0.10309709821428571,n/a,False,92.98533220001468,0.00038662284941040013
Rotten,RottenApple (723).jpg,0.3538345025510204,n/a,False,19.790008617293587,0.000901205362171905
Rotten,RottenApple (724).jpg,0.3542530293367347,n/a,False,19.767893938422503,0.0018565400843881857
Rotten,RottenApple (725).jpg,0.3063815369897959,n/a,False,20.194650819701668,0.0
Rotten,RottenApple (726).jpg,0.3068797831632653,n/a,False,20.16938450955342,0.0
Rotten,RottenApple (727).jpg,0.35738201530612246,n/a,False,19.210636310064086,0.0
Rotten,RottenApple (728).jpg,0.3568638392857143,n/a,False,19.19126797962137,0.0
Rotten,RottenApple (729).jpg,0.31778140943877553,n/a,False,23.67895296207571,0.0
Rotten,RottenApple (73).jpg,0.2498405612244898,n/a,False,41.252148436485825,0.04347479259731972
Rotten,RottenApple (730).jpg,0.32017299107142855,n/a,False,23.640073728479155,0.0
Rotten,RottenApple (731).jpg,0.2442004145408163,n/a,False,20.064208169847358,0.001142577328001306
Rotten,RottenApple (732).jpg,0.24396125637755103,n/a,False,20.031053534888603,0.0006535413773384527
Rotten,RottenApple (733).jpg,0.17625956632653061,n/a,False,20.194187277167483,0.00011307100859339665
Rotten,RottenApple (734).jpg,0.17494419642857142,n/a,False,20.171094291157047,0.0
Rotten,RottenApple (735).jpg,0.29049744897959184,n/a,False,18.842263770464886,0.0
Rotten,RottenApple (736).jpg,0.29330755739795916,n/a,False,18.805580764049648,0.0
Rotten,RottenApple (737).jpg,0.40377869897959184,n/a,False,24.044169999563948,0.0
Rotten,RottenApple (738).jpg,0.4006895727040816,n/a,False,24.010378150009043,0.0
Rotten,RottenApple (739).jpg,0.19007095025510204,n/a,False,18.59401760418616,0.0
Rotten,RottenApple (74).jpg,0.24567522321428573,n/a,False,41.347138649166006,0.030502149752575647
Rotten,RottenApple (740).jpg,0.1883171237244898,n/a,False,18.56767092383717,0.0
Rotten,RottenApple (741).jpg,0.24920280612244897,n/a,False,23.663131711386317,0.0001599488163787588
Rotten,RottenApple (742).jpg,0.24996014030612246,n/a,False,23.630096382704107,0.0
Rotten,RottenApple (743).jpg,0.2060546875,n/a,False,19.492057525325954,0.0
Rotten,RottenApple (744).jpg,0.20689174107142858,n/a,False,19.461827555912553,0.0
Rotten,RottenApple (745).jpg,0.2629544005102041,n/a,False,20.452014876678533,0.0
Rotten,RottenApple (746).jpg,0.2626155931122449,n/a,False,20.430566994908236,0.0
Rotten,RottenApple (747).jpg,0.27493223852040816,n/a,False,17.762229782775798,0.0
Rotten,RottenApple (748).jpg,0.2759287308673469,n/a,False,17.72161756060239,0.0
Rotten,RottenApple (749).jpg,0.25039859693877553,n/a,False,18.331342942255933,0.0
Rotten,RottenApple (75).jpg,0.26309390943877553,n/a,False,38.83946157010434,0.04242102870994622
Rotten,RottenApple (750).jpg,0.24619339923469388,n/a,False,18.29829791168156,0.0
Rotten,RottenApple (751).jpg,0.17061941964285715,n/a,False,18.982867177316113,0.0
Rotten,RottenApple (752).jpg,0.17059948979591838,n/a,False,18.962122358164113,0.0
Rotten,RottenApple (753).jpg,0.40334024234693877,n/a,False,20.63110739231178,0.0
Rotten,RottenApple (754).jpg,0.40294164540816324,n/a,False,20.610864617654574,0.0
Rotten,RottenApple (755).jpg,0.272281568877551,n/a,False,104.8993840030741,0.0010979358805445762
Rotten,RottenApple (756).jpg,0.267398756377551,n/a,False,105.00660761716551,0.0010434523365879108
Rotten,RottenApple (757).jpg,0.17111766581632654,n/a,False,83.86974983919013,0.125553226182157
Rotten,RottenApple (758).jpg,0.16922433035714285,n/a,False,83.97051033836156,0.12578023789895182
Rotten,RottenApple (759).jpg,0.1783721301020408,n/a,False,85.25311662829613,0.038100558659217874
Rotten,RottenApple (76).jpg,0.2625757334183674,n/a,False,38.93156611111737,0.04265654648956357
Rotten,RottenApple (760).jpg,0.17980707908163265,n/a,False,85.35591465647671,0.03812901795610729
Rotten,RottenApple (761).jpg,0.2101203762755102,n/a,False,89.26345431900215,9.484966328369534e-05
Rotten,RottenApple (762).jpg,0.21081792091836735,n/a,False,89.3785128913987,0.0005672149744753262
Rotten,RottenApple (763).jpg,0.19987643494897958,n/a,False,87.01397540884307,0.07229035796191045
Rotten,RottenApple (764).jpg,0.2037627551020408,n/a,False,87.12307842343682,0.07912754303599374
Rotten,RottenApple (765).jpg,0.26931202168367346,n/a,False,76.57205196824195,0.021608821135203137
Rotten,RottenApple (766).jpg,0.2704480229591837,n/a,False,76.68126411064175,0.026676492262343404
Rotten,RottenApple (767).jpg,0.41196986607142855,n/a,False,66.23447701036997,0.0074016738425813945
Rotten,RottenApple (768).jpg,0.41579639668367346,n/a,False,66.34188925135398,0.004409720557925514
Rotten,RottenApple (769).jpg,0.34859295280612246,n/a,False,64.74202483396338,0.012234863644159854
Rotten,RottenApple (77).jpg,0.3124402104591837,n/a,False,51.32347878843948,0.025068571793072654
Rotten,RottenApple (770).jpg,0.35030691964285715,n/a,False,64.83071877983768,0.011207828412129488
Rotten,RottenApple (771).jpg,0.2823062818877551,n/a,False,76.4982620526099,0.00522414401694317
Rotten,RottenApple (772).jpg,0.2817881058673469,n/a,False,76.63891069439704,0.004314307942570196
Rotten,RottenApple (773).jpg,0.23784279336734693,n/a,False,51.271295949920386,0.0051114462879168765
Rotten,RottenApple (774).jpg,0.23732461734693877,n/a,False,51.514701274791726,0.005710446758481693
Rotten,RottenApple (775).jpg,0.12639508928571427,n/a,False,49.9822580535777,0.0815200252286345
Rotten,RottenApple (776).jpg,0.12490035076530612,n/a,False,50.109333628560684,0.09079304292324876
Rotten,RottenApple (777).jpg,0.2256457270408163,n/a,False,18.883706816458588,0.0
Rotten,RottenApple (778).jpg,0.22578523596938777,n/a,False,18.852759749580333,0.0
Rotten,RottenApple (779).jpg,0.25283003826530615,n/a,False,19.726964838503733,0.0
Rotten,RottenApple (78).jpg,0.30953045280612246,n/a,False,51.34910935498522,0.024595969351619344
Rotten,RottenApple (780).jpg,0.25157445790816324,n/a,False,19.69755190458457,0.00023766141170878554
Rotten,RottenApple (781).jpg,0.4734733737244898,n/a,False,23.757238043974343,0.0
Rotten,RottenApple (782).jpg,0.47391183035714285,n/a,False,23.71794806327993,0.0
Rotten,RottenApple (783).jpg,0.2113360969387755,n/a,False,19.940787170097618,0.0
Rotten,RottenApple (784).jpg,0.21912866709183673,n/a,False,19.908855650637683,0.0
Rotten,RottenApple (785).jpg,0.1869220344387755,n/a,False,19.701748795099977,0.0
Rotten,RottenApple (786).jpg,0.1862842793367347,n/a,False,19.70010341078266,0.0
Rotten,RottenApple (787).jpg,0.29872847576530615,n/a,False,18.123554715662966,0.0
Rotten,RottenApple (788).jpg,0.2994858099489796,n/a,False,18.084187738934368,0.0
Rotten,RottenApple (789).jpg,0.24832589285714285,n/a,False,18.96396304765309,0.032504012841091494
Rotten,RottenApple (79).jpg,0.2953404017857143,n/a,False,51.601428224137464,0.0
Rotten,RottenApple (790).jpg,0.24818638392857142,n/a,False,18.932891935731885,0.04151610053802297
Rotten,RottenApple (791).jpg,0.2770248724489796,n/a,False,101.3450847077522,0.02273381294964029
Rotten,RottenApple (792).jpg,0.2758091517857143,n/a,False,101.47971689051754,0.02261724113013946
Rotten,RottenApple (793).jpg,0.2788185586734694,n/a,False,16.851721062318934,7.14796283059328e-05
Rotten,RottenApple (794).jpg,0.27818080357142855,n/a,False,16.81426447036086,0.0001432870038687491
Rotten,RottenApple (795).jpg,0.283023756377551,n/a,False,83.74369120075231,0.013661009788043096
Rotten,RottenApple (796).jpg,0.27987484056122447,n/a,False,83.96922580650511,0.011820836003702912
Rotten,RottenApple (797).jpg,0.18540736607142858,n/a,False,18.988922502921355,0.0
Rotten,RottenApple (798).jpg,0.19618941326530612,n/a,False,18.95696076692252,0.0
Rotten,RottenApple (799).jpg,0.27845982142857145,n/a,False,17.861774827848574,0.12274549098196393
Rotten,RottenApple (8).jpg,0.29282924107142855,n/a,False,105.66054066961301,0.081467365412101
Rotten,RottenApple (80).jpg,0.29456313775510207,n/a,False,51.635956303793336,0.0
Rotten,RottenApple (800).jpg,0.27477279974489793,n/a,False,17.87138667206986,0.11670414158265033
Rotten,RottenApple (81).jpg,0.09821428571428571,n/a,False,85.55205289978772,0.42857142857142855
Rotten,RottenApple (82).jpg,0.09853316326530612,n/a,False,85.7452841787137,0.43588187702265374
Rotten,RottenApple (83).jpg,0.33553890306122447,n/a,False,105.73934503990074,0.0
Rotten,RottenApple (84).jpg,0.3356784119897959,n/a,False,105.75676537505767,0.0
Rotten,RottenApple (85).jpg,0.24200813137755103,n/a,False,105.74802609173082,0.005599934118422136
Rotten,RottenApple (86).jpg,0.24059311224489796,n/a,False,105.76553244934651,0.0060470510271703115
Rotten,RottenApple (87).jpg,0.3543726084183674,n/a,False,70.34597603351965,0.0
Rotten,RottenApple (88).jpg,0.3538345025510204,n/a,False,70.3897864875372,0.0
Rotten,RottenApple (89).jpg,0.23907844387755103,n/a,False,9.660510889041229,0.0011670556852284096
Rotten,RottenApple (9).jpg,0.16402264030612246,n/a,False,105.7294905962897,0.0
Rotten,RottenApple (90).jpg,0.23903858418367346,n/a,False,9.638932189219176,0.0015007503751875938
Rotten,RottenApple (91).jpg,0.2573939732142857,n/a,False,47.54713000337563,0.0
Rotten,RottenApple (92).jpg,0.25745376275510207,n/a,False,47.68610508140072,0.0
Rotten,RottenApple (93).jpg,0.20388233418367346,n/a,False,20.64250196273936,0.004887585532746823
Rotten,RottenApple (94).jpg,0.20081313775510204,n/a,False,20.637509422684957,0.0064509726081778485
Rotten,RottenApple (95).jpg,0.2529894770408163,n/a,False,105.78317745605085,0.0
Rotten,RottenApple (96).jpg,0.25241151147959184,n/a,False,105.80294932663197,0.0
Rotten,RottenApple (97).jpg,0.24266581632653061,n/a,False,89.69382333211082,0.009526938239159002
Rotten,RottenApple (98).jpg,0.24186862244897958,n/a,False,89.71478322633105,0.007333553065260383
Rotten,RottenApple (99).jpg,0.28408003826530615,n/a,False,105.75566628465658,0.0
